region,service,resource_id,check,status,detail,risk_level
eu-west-1,ec2,i-0ac677d7497d11ca5,stopped_instance,WARN,"type=t2.large, EBS volumes still incurring cost",MEDIUM
eu-west-1,ec2,i-041b5dabc6845fb85,stopped_instance,WARN,"type=t2.small, EBS volumes still incurring cost",MEDIUM
eu-west-1,ec2,i-088bc44abd6788ef0,stopped_instance,WARN,"type=t2.medium, EBS volumes still incurring cost",MEDIUM
eu-west-1,ec2,i-085a5305cd3dba9e2,stopped_instance,WARN,"type=t3.medium, EBS volumes still incurring cost",MEDIUM
eu-west-1,ec2,i-0bcf61f9a9e3c544f,stopped_instance,WARN,"type=c5.xlarge, EBS volumes still incurring cost",MEDIUM
eu-west-1,ec2,i-01484372b3b343548,previous_gen_instance,WARN,"type=t2.medium, consider upgrading",LOW
eu-west-1,ec2,i-0cdc348cc2ec0f000,previous_gen_instance,WARN,"type=t2.small, consider upgrading",LOW
eu-west-1,eip,eipalloc-096f859ad19bf26ff,unused_elastic_ip,WARN,ip=54.246.40.34,LOW
eu-west-1,ebs,vol-00cabd209ccb47a55,unattached_volume,WARN,"size=32GB, type=gp3",MEDIUM
eu-west-1,ebs,vol-0dc6b7f01aa6c4598,unattached_volume,WARN,"size=20GB, type=gp3",MEDIUM
eu-west-1,ebs,vol-030a924d853b34787,unattached_volume,WARN,"size=8GB, type=gp3",MEDIUM
eu-west-1,ebs,vol-0b9eba54e6734d3a5,unattached_volume,WARN,"size=10GB, type=gp3",MEDIUM
eu-west-1,ebs_snapshot,snap-0305c284440e84760,old_snapshot,WARN,"age=1129d, size=50GB",LOW
eu-west-1,ebs_snapshot,snap-0c644e7d5b9a836cc,old_snapshot,WARN,"age=1130d, size=50GB",LOW
eu-west-1,ebs_snapshot,snap-0dceca7b2c6ae4145,old_snapshot,WARN,"age=1145d, size=50GB",LOW
eu-west-1,ebs_snapshot,snap-036a7efaca6bf5ea4,old_snapshot,WARN,"age=1150d, size=50GB",LOW
eu-west-1,ebs_snapshot,snap-07ad2a01fc4d45bcc,old_snapshot,WARN,"age=1346d, size=60GB",LOW
eu-west-1,ebs_snapshot,snap-0240a9acec92abd89,old_snapshot,WARN,"age=1495d, size=60GB",LOW
eu-west-1,ebs_snapshot,snap-0e9e72881c9063170,old_snapshot,WARN,"age=1729d, size=10GB",LOW
eu-west-1,ebs_snapshot,snap-0075409fdcdd56431,old_snapshot,WARN,"age=1830d, size=10GB",LOW
eu-west-1,ebs_snapshot,snap-026b56c0370bcb3d6,old_snapshot,WARN,"age=449d, size=50GB",LOW
eu-west-1,ebs_snapshot,snap-0c10ec684b963d073,old_snapshot,WARN,"age=647d, size=50GB",LOW
eu-west-1,ebs_snapshot,snap-0c12376ca24f369c7,old_snapshot,WARN,"age=802d, size=50GB",LOW
eu-west-1,ebs_snapshot,snap-0d60f584d792c8892,old_snapshot,WARN,"age=1067d, size=50GB",LOW
eu-west-1,ebs_snapshot,snap-0d34cdfe653cabe89,old_snapshot,WARN,"age=1150d, size=50GB",LOW
eu-west-1,ebs_snapshot,snap-0943f77116e165e84,old_snapshot,WARN,"age=1701d, size=50GB",LOW
eu-west-1,ebs_snapshot,snap-0f54e47e965e9b0bd,old_snapshot,WARN,"age=1729d, size=10GB",LOW
eu-west-1,ebs_snapshot,snap-097a7079b255fdf17,old_snapshot,WARN,"age=1746d, size=10GB",LOW
eu-west-1,ebs_snapshot,snap-0066c76444ad96cd9,old_snapshot,WARN,"age=1836d, size=10GB",LOW
eu-west-1,ebs_snapshot,snap-046c94f33907b27ba,old_snapshot,WARN,"age=1840d, size=10GB",LOW
eu-west-1,ebs_snapshot,snap-022680b52b898a835,old_snapshot,WARN,"age=1129d, size=50GB",LOW
eu-west-1,ebs_snapshot,snap-0b340c899ef3792bc,old_snapshot,WARN,"age=1150d, size=50GB",LOW
eu-west-1,ebs_snapshot,snap-09f125eef73c87b54,old_snapshot,WARN,"age=1151d, size=50GB",LOW
eu-west-1,ebs_snapshot,snap-0989e565d8bec6df3,old_snapshot,WARN,"age=1151d, size=50GB",LOW
eu-west-1,ebs_snapshot,snap-0acfa68c8e7901ab2,old_snapshot,WARN,"age=1151d, size=50GB",LOW
eu-west-1,ebs_snapshot,snap-0306fa2b9ee63657b,old_snapshot,WARN,"age=1151d, size=50GB",LOW
eu-west-1,ebs_snapshot,snap-07ec5fb142e656741,old_snapshot,WARN,"age=109d, size=50GB",LOW
eu-west-1,ebs_snapshot,snap-045fd9924e396d75f,old_snapshot,WARN,"age=802d, size=50GB",LOW
eu-west-1,ebs_snapshot,snap-0d30a0166fc8bd148,old_snapshot,WARN,"age=1061d, size=50GB",LOW
eu-west-1,ebs_snapshot,snap-0280ad3184217adb7,old_snapshot,WARN,"age=1613d, size=50GB",LOW
eu-west-1,ebs_snapshot,snap-0f231b3a226d8330c,old_snapshot,WARN,"age=1620d, size=50GB",LOW
eu-west-1,ebs_snapshot,snap-08ef61b32138a76f3,old_snapshot,WARN,"age=1723d, size=50GB",LOW
eu-west-1,ebs_snapshot,snap-0a364ec8da3a8eb16,old_snapshot,WARN,"age=1746d, size=10GB",LOW
eu-west-1,ebs_snapshot,snap-081cb4b2af6f3b1e2,old_snapshot,WARN,"age=1746d, size=10GB",LOW
eu-west-1,ebs_snapshot,snap-053eada3dcd920700,old_snapshot,WARN,"age=1066d, size=50GB",LOW
eu-west-1,ebs_snapshot,snap-0d799943af0a5a1ce,old_snapshot,WARN,"age=1128d, size=50GB",LOW
eu-west-1,ebs_snapshot,snap-097e49e8876b7556f,old_snapshot,WARN,"age=1150d, size=50GB",LOW
eu-west-1,ebs_snapshot,snap-0bd9c0b6af7b88382,old_snapshot,WARN,"age=1151d, size=50GB",LOW
eu-west-1,ebs_snapshot,snap-01277cf1433d38bb9,old_snapshot,WARN,"age=1151d, size=50GB",LOW
eu-west-1,ebs_snapshot,snap-05bd5d16fad1ab43b,old_snapshot,WARN,"age=1243d, size=50GB",LOW
eu-west-1,ebs_snapshot,snap-0869aa118c60fddcd,old_snapshot,WARN,"age=1361d, size=50GB",LOW
eu-west-1,ebs_snapshot,snap-09c1a3b800d21f44a,old_snapshot,WARN,"age=1529d, size=10GB",LOW
eu-west-1,ebs_snapshot,snap-08eee84588f1745b3,old_snapshot,WARN,"age=1149d, size=200GB",LOW
eu-west-1,ebs_snapshot,snap-026f00688126f3480,old_snapshot,WARN,"age=1151d, size=50GB",LOW
eu-west-1,ebs_snapshot,snap-036f81cc738c959c9,old_snapshot,WARN,"age=109d, size=30GB",LOW
eu-west-1,ebs_snapshot,snap-0978ba8c8313abbe7,old_snapshot,WARN,"age=359d, size=50GB",LOW
eu-west-1,ebs_snapshot,snap-0221a3392cc38aede,old_snapshot,WARN,"age=1067d, size=50GB",LOW
eu-west-1,ebs_snapshot,snap-0ef3000555dbec4a3,old_snapshot,WARN,"age=1149d, size=50GB",LOW
eu-west-1,ebs_snapshot,snap-070a2ed7f99536302,old_snapshot,WARN,"age=1151d, size=50GB",LOW
eu-west-1,ebs_snapshot,snap-0c0947824061214e8,old_snapshot,WARN,"age=1717d, size=50GB",LOW
eu-west-1,ebs_snapshot,snap-0fa09b1f6f9eb7f75,old_snapshot,WARN,"age=1836d, size=10GB",LOW
eu-west-1,ebs_snapshot,snap-09a1092a08947d005,old_snapshot,WARN,"age=1837d, size=10GB",LOW
eu-west-1,ebs_snapshot,snap-00e75d453f5d49731,old_snapshot,WARN,"age=1150d, size=50GB",LOW
eu-west-1,ebs_snapshot,snap-0ffbe1d2b5362d027,old_snapshot,WARN,"age=1150d, size=50GB",LOW
eu-west-1,ebs_snapshot,snap-0816b500784ca0fe1,old_snapshot,WARN,"age=1151d, size=50GB",LOW
eu-west-1,ebs,vol-010c055e62213124c,gp2_volume,WARN,"size=50GB, GP3 is ~20% cheaper with better baseline IOPS",LOW
eu-west-1,ebs,vol-09cba012ebe9075f2,gp2_volume,WARN,"size=50GB, GP3 is ~20% cheaper with better baseline IOPS",LOW
eu-west-1,ebs,vol-0d2e4af9ac2b999d9,gp2_volume,WARN,"size=8GB, GP3 is ~20% cheaper with better baseline IOPS",LOW
eu-west-1,ebs,vol-0c5f3a9fe8881e6e6,gp2_volume,WARN,"size=30GB, GP3 is ~20% cheaper with better baseline IOPS",LOW
eu-west-1,rds,daaspge,oversized_instance,WARN,"class=db.t3.medium, avg CPU=4.1% over 7 days, consider downsizing",HIGH
eu-west-1,rds,sspdatadiiotssp1,oversized_instance,WARN,"class=db.t3.medium, avg CPU=7.6% over 7 days, consider downsizing",HIGH
eu-west-1,rds,pge,oversized_instance,WARN,"class=db.t3.medium, avg CPU=4.9% over 7 days, consider downsizing",HIGH
eu-west-1,rds,ztqa,oversized_instance,WARN,"class=db.t3.medium, avg CPU=3.5% over 7 days, consider downsizing",HIGH
eu-west-1,rds,sspdatadiiotssp1-replica,oversized_instance,WARN,"class=db.t3.medium, avg CPU=7.0% over 7 days, consider downsizing",HIGH
eu-west-1,rds,slcpostgres,oversized_instance,WARN,"class=db.t3.medium, avg CPU=4.1% over 7 days, consider downsizing",HIGH
eu-west-1,rds,daas-imel-fdw,oversized_instance,WARN,"class=db.t3.micro, avg CPU=4.3% over 7 days, consider downsizing",HIGH
eu-west-1,rds,msodsts,oversized_instance,WARN,"class=db.t3.medium, avg CPU=4.6% over 7 days, consider downsizing",HIGH
eu-west-1,rds,pdm,oversized_instance,WARN,"class=db.t3.medium, avg CPU=3.6% over 7 days, consider downsizing",HIGH
eu-west-1,rds,iqcalertmanager,oversized_instance,WARN,"class=db.t3.medium, avg CPU=3.4% over 7 days, consider downsizing",HIGH
eu-west-1,rds,cido,oversized_instance,WARN,"class=db.t3.medium, avg CPU=5.4% over 7 days, consider downsizing",HIGH
eu-west-1,rds,daasodl,oversized_instance,WARN,"class=db.t3.medium, avg CPU=5.3% over 7 days, consider downsizing",HIGH
eu-west-1,s3,slc-processed-manuals-dev,no_lifecycle_policy,WARN,data may grow indefinitely without expiration rules,MEDIUM
eu-west-1,s3,slc-processed-mcl-dev,no_lifecycle_policy,WARN,data may grow indefinitely without expiration rules,MEDIUM
eu-west-1,s3,daas-s3-backup-imel-tables,no_lifecycle_policy,WARN,data may grow indefinitely without expiration rules,MEDIUM
eu-west-1,s3,aws-sam-cli-managed-default-samclisourcebucket-1qedwj94lndi6,no_lifecycle_policy,WARN,data may grow indefinitely without expiration rules,MEDIUM
eu-west-1,s3,el-loading-amcs-bucket-test,no_lifecycle_policy,WARN,data may grow indefinitely without expiration rules,MEDIUM
eu-west-1,s3,el-loading-bucket-test,no_lifecycle_policy,WARN,data may grow indefinitely without expiration rules,MEDIUM
eu-west-1,s3,sagemaker-project-p-f8vb3lzbbfjg,no_lifecycle_policy,WARN,data may grow indefinitely without expiration rules,MEDIUM
eu-west-1,s3,metricstreams-cw-streams-test-quickpartial-2djdmb-kwi8nmfo,no_lifecycle_policy,WARN,data may grow indefinitely without expiration rules,MEDIUM
eu-west-1,s3,pge-dev-misc,no_lifecycle_policy,WARN,data may grow indefinitely without expiration rules,MEDIUM
eu-west-1,s3,mso-dsfts-dev,no_lifecycle_policy,WARN,data may grow indefinitely without expiration rules,MEDIUM
eu-west-1,s3,mruocco1-tmp,no_lifecycle_policy,WARN,data may grow indefinitely without expiration rules,MEDIUM
eu-west-1,s3,msodsts-291751643970,no_lifecycle_policy,WARN,data may grow indefinitely without expiration rules,MEDIUM
eu-west-1,s3,msokm-s3-baseline-generator,no_lifecycle_policy,WARN,data may grow indefinitely without expiration rules,MEDIUM
eu-west-1,s3,nxt-models,no_lifecycle_policy,WARN,data may grow indefinitely without expiration rules,MEDIUM
eu-west-1,s3,niagara-package,no_lifecycle_policy,WARN,data may grow indefinitely without expiration rules,MEDIUM
eu-west-1,s3,nxt-primary-raw-dev,no_lifecycle_policy,WARN,data may grow indefinitely without expiration rules,MEDIUM
eu-west-1,s3,291751643970-eu-west-1-athena-results-bucket-hkfkgvvgwe,no_lifecycle_policy,WARN,data may grow indefinitely without expiration rules,MEDIUM
eu-west-1,s3,ocp-secrets,no_lifecycle_policy,WARN,data may grow indefinitely without expiration rules,MEDIUM
eu-west-1,s3,octdev,no_lifecycle_policy,WARN,data may grow indefinitely without expiration rules,MEDIUM
eu-west-1,s3,pdm-gd-inputdata-history-dev-test,no_lifecycle_policy,WARN,data may grow indefinitely without expiration rules,MEDIUM
eu-west-1,s3,pdm-gd-inputdata-dev-test,no_lifecycle_policy,WARN,data may grow indefinitely without expiration rules,MEDIUM
eu-west-1,s3,pge-data-291751643970-eu-west-1,no_lifecycle_policy,WARN,data may grow indefinitely without expiration rules,MEDIUM
eu-west-1,s3,sagemaker-studio-291751643970-maak9tegfl,no_lifecycle_policy,WARN,data may grow indefinitely without expiration rules,MEDIUM
eu-west-1,s3,pdm-influx-historian-dynamodb,no_lifecycle_policy,WARN,data may grow indefinitely without expiration rules,MEDIUM
eu-west-1,s3,pge-data,no_lifecycle_policy,WARN,data may grow indefinitely without expiration rules,MEDIUM
eu-west-1,s3,sagemaker-project-p-lw5xhs1u96cs,no_lifecycle_policy,WARN,data may grow indefinitely without expiration rules,MEDIUM
eu-west-1,s3,sagemaker-project-p-ym2y34vcfcag,no_lifecycle_policy,WARN,data may grow indefinitely without expiration rules,MEDIUM
eu-west-1,s3,sagemaker-project-p-xjmckmg5cwsv,no_lifecycle_policy,WARN,data may grow indefinitely without expiration rules,MEDIUM
eu-west-1,s3,sagemaker-studio-291751643970-6wtjypn5skv,no_lifecycle_policy,WARN,data may grow indefinitely without expiration rules,MEDIUM
eu-west-1,s3,sagemaker-studio-291751643970-66wxntwf1rf,no_lifecycle_policy,WARN,data may grow indefinitely without expiration rules,MEDIUM
eu-west-1,s3,sagemaker-studio-291751643970-fy4w6kosx8,no_lifecycle_policy,WARN,data may grow indefinitely without expiration rules,MEDIUM
eu-west-1,s3,pge-reporting-291751643970-eu-west-1,no_lifecycle_policy,WARN,data may grow indefinitely without expiration rules,MEDIUM
eu-west-1,s3,rasa-local,no_lifecycle_policy,WARN,data may grow indefinitely without expiration rules,MEDIUM
eu-west-1,s3,sagemaker-studio-291751643970-lj0b96epr2,no_lifecycle_policy,WARN,data may grow indefinitely without expiration rules,MEDIUM
eu-west-1,s3,pmi-kr-test,no_lifecycle_policy,WARN,data may grow indefinitely without expiration rules,MEDIUM
eu-west-1,s3,pmibucket1,no_lifecycle_policy,WARN,data may grow indefinitely without expiration rules,MEDIUM
eu-west-1,s3,python3package,no_lifecycle_policy,WARN,data may grow indefinitely without expiration rules,MEDIUM
eu-west-1,s3,predictive-rd-hub-data,no_lifecycle_policy,WARN,data may grow indefinitely without expiration rules,MEDIUM
eu-west-1,s3,enterprise-landing-raw-dev-localbucket,no_lifecycle_policy,WARN,data may grow indefinitely without expiration rules,MEDIUM
eu-west-1,s3,glue-library-icloud,no_lifecycle_policy,WARN,data may grow indefinitely without expiration rules,MEDIUM
eu-west-1,s3,enterprise-landing-raw-dev-schemabucket,no_lifecycle_policy,WARN,data may grow indefinitely without expiration rules,MEDIUM
eu-west-1,s3,iams-raw-dev,no_lifecycle_policy,WARN,data may grow indefinitely without expiration rules,MEDIUM
eu-west-1,s3,ic-awacs-email-ses-template,no_lifecycle_policy,WARN,data may grow indefinitely without expiration rules,MEDIUM
eu-west-1,s3,iams-script-dev,no_lifecycle_policy,WARN,data may grow indefinitely without expiration rules,MEDIUM
eu-west-1,s3,ic-awacs-portal-sns-publisher,no_lifecycle_policy,WARN,data may grow indefinitely without expiration rules,MEDIUM
eu-west-1,s3,icif-athena-result-bucket,no_lifecycle_policy,WARN,data may grow indefinitely without expiration rules,MEDIUM
eu-west-1,s3,icloud-athena-result,no_lifecycle_policy,WARN,data may grow indefinitely without expiration rules,MEDIUM
eu-west-1,s3,ic-core-dev,no_lifecycle_policy,WARN,data may grow indefinitely without expiration rules,MEDIUM
eu-west-1,s3,icif-dev-landing-datasync,no_lifecycle_policy,WARN,data may grow indefinitely without expiration rules,MEDIUM
eu-west-1,s3,daas-logs-dev,no_lifecycle_policy,WARN,data may grow indefinitely without expiration rules,MEDIUM
eu-west-1,s3,icloud-dev-s3-log-bucket20230210111105849000000001,no_lifecycle_policy,WARN,data may grow indefinitely without expiration rules,MEDIUM
eu-west-1,s3,cf-templates-1vwk17zwpmgnr-eu-west-1,no_lifecycle_policy,WARN,data may grow indefinitely without expiration rules,MEDIUM
eu-west-1,s3,cardinalis-library-influx,no_lifecycle_policy,WARN,data may grow indefinitely without expiration rules,MEDIUM
eu-west-1,s3,codepipeline-eu-west-1-719379017058,no_lifecycle_policy,WARN,data may grow indefinitely without expiration rules,MEDIUM
eu-west-1,s3,icloud-dev-kafka-connect,no_lifecycle_policy,WARN,data may grow indefinitely without expiration rules,MEDIUM
eu-west-1,s3,icloud-dev-cost-peo-poc,no_lifecycle_policy,WARN,data may grow indefinitely without expiration rules,MEDIUM
eu-west-1,s3,icloud-dev-awx-files,no_lifecycle_policy,WARN,data may grow indefinitely without expiration rules,MEDIUM
eu-west-1,s3,daas-apollo-api-dev,no_lifecycle_policy,WARN,data may grow indefinitely without expiration rules,MEDIUM
eu-west-1,s3,curateddatatest,no_lifecycle_policy,WARN,data may grow indefinitely without expiration rules,MEDIUM
eu-west-1,s3,daas-athena-results-dev,no_lifecycle_policy,WARN,data may grow indefinitely without expiration rules,MEDIUM
eu-west-1,s3,daas-athena-dev,no_lifecycle_policy,WARN,data may grow indefinitely without expiration rules,MEDIUM
eu-west-1,s3,daas-compacted-dev,no_lifecycle_policy,WARN,data may grow indefinitely without expiration rules,MEDIUM
eu-west-1,s3,daas-library-dev,no_lifecycle_policy,WARN,data may grow indefinitely without expiration rules,MEDIUM
eu-west-1,s3,daas-logs-cloudtrail-odl-parameter-target-value,no_lifecycle_policy,WARN,data may grow indefinitely without expiration rules,MEDIUM
eu-west-1,s3,slc-processed-ti-troubleshooting-dev,no_lifecycle_policy,WARN,data may grow indefinitely without expiration rules,MEDIUM
eu-west-1,s3,slc-processed-mmis-dev,no_lifecycle_policy,WARN,data may grow indefinitely without expiration rules,MEDIUM
eu-west-1,s3,test-icif-dashboard,no_lifecycle_policy,WARN,data may grow indefinitely without expiration rules,MEDIUM
eu-west-1,s3,sns-opsgenie-glue-jobs-schedule-time-and-frequency,no_lifecycle_policy,WARN,data may grow indefinitely without expiration rules,MEDIUM
eu-west-1,s3,slc-temporary,no_lifecycle_policy,WARN,data may grow indefinitely without expiration rules,MEDIUM
eu-west-1,s3,ssp-data-ingestion-test,no_lifecycle_policy,WARN,data may grow indefinitely without expiration rules,MEDIUM
eu-west-1,s3,system-restore-s3-test,no_lifecycle_policy,WARN,data may grow indefinitely without expiration rules,MEDIUM
eu-west-1,s3,test-bucketppa,no_lifecycle_policy,WARN,data may grow indefinitely without expiration rules,MEDIUM
eu-west-1,s3,daas-schema-dev,no_lifecycle_policy,WARN,data may grow indefinitely without expiration rules,MEDIUM
eu-west-1,s3,daas-s3-config-dev,no_lifecycle_policy,WARN,data may grow indefinitely without expiration rules,MEDIUM
eu-west-1,s3,daas-s3-kinesis-stream-test,no_lifecycle_policy,WARN,data may grow indefinitely without expiration rules,MEDIUM
eu-west-1,s3,daas-s3-logs,no_lifecycle_policy,WARN,data may grow indefinitely without expiration rules,MEDIUM
eu-west-1,s3,daas-s3-raw-access-logging-dev,no_lifecycle_policy,WARN,data may grow indefinitely without expiration rules,MEDIUM
eu-west-1,s3,daas-s3-raw-dev-trail-events,no_lifecycle_policy,WARN,data may grow indefinitely without expiration rules,MEDIUM
eu-west-1,s3,daas-s3-streams,no_lifecycle_policy,WARN,data may grow indefinitely without expiration rules,MEDIUM
eu-west-1,s3,daas-s3-test1-dev,no_lifecycle_policy,WARN,data may grow indefinitely without expiration rules,MEDIUM
eu-west-1,s3,dev-digiperf-files,no_lifecycle_policy,WARN,data may grow indefinitely without expiration rules,MEDIUM
eu-west-1,s3,daas-source-dev-manual,no_lifecycle_policy,WARN,data may grow indefinitely without expiration rules,MEDIUM
eu-west-1,s3,daas-source-count-dev,no_lifecycle_policy,WARN,data may grow indefinitely without expiration rules,MEDIUM
eu-west-1,s3,daas-s3-test1-dev-copy,no_lifecycle_policy,WARN,data may grow indefinitely without expiration rules,MEDIUM
eu-west-1,s3,daas-temporary-dev,no_lifecycle_policy,WARN,data may grow indefinitely without expiration rules,MEDIUM
eu-west-1,s3,daas-script-dev,no_lifecycle_policy,WARN,data may grow indefinitely without expiration rules,MEDIUM
eu-west-1,s3,daas-timestream-influx-dev-291751643970,no_lifecycle_policy,WARN,data may grow indefinitely without expiration rules,MEDIUM
eu-west-1,s3,data-ocean-artifacts,no_lifecycle_policy,WARN,data may grow indefinitely without expiration rules,MEDIUM
eu-west-1,s3,data-platform-target-db,no_lifecycle_policy,WARN,data may grow indefinitely without expiration rules,MEDIUM
eu-west-1,s3,dds-dms-redshift-bucket,no_lifecycle_policy,WARN,data may grow indefinitely without expiration rules,MEDIUM
eu-west-1,s3,schema-change-detection-bucket,no_lifecycle_policy,WARN,data may grow indefinitely without expiration rules,MEDIUM
eu-west-1,s3,sagemaker-studio-uzadd66stw,no_lifecycle_policy,WARN,data may grow indefinitely without expiration rules,MEDIUM
eu-west-1,s3,sagemaker-studio-9jtz2tqfmvu,no_lifecycle_policy,WARN,data may grow indefinitely without expiration rules,MEDIUM
eu-west-1,s3,sampledata02,no_lifecycle_policy,WARN,data may grow indefinitely without expiration rules,MEDIUM
eu-west-1,s3,icloud-sagemaker-servicecatalog-seedcode,no_lifecycle_policy,WARN,data may grow indefinitely without expiration rules,MEDIUM
eu-west-1,s3,icloud-ingestion-s3-library-dev,no_lifecycle_policy,WARN,data may grow indefinitely without expiration rules,MEDIUM
eu-west-1,s3,icloud-ingestion-s3-script-dev,no_lifecycle_policy,WARN,data may grow indefinitely without expiration rules,MEDIUM
eu-west-1,s3,icloud-ingestion-s3-logs-dev,no_lifecycle_policy,WARN,data may grow indefinitely without expiration rules,MEDIUM
eu-west-1,s3,icloud-ingestion-s3-source-dev,no_lifecycle_policy,WARN,data may grow indefinitely without expiration rules,MEDIUM
eu-west-1,s3,icloud-ingestion-s3-temporary-dev,no_lifecycle_policy,WARN,data may grow indefinitely without expiration rules,MEDIUM
eu-west-1,s3,icloud-python-modules,no_lifecycle_policy,WARN,data may grow indefinitely without expiration rules,MEDIUM
eu-west-1,s3,icloudawacs2,no_lifecycle_policy,WARN,data may grow indefinitely without expiration rules,MEDIUM
eu-west-1,s3,iiot-df,no_lifecycle_policy,WARN,data may grow indefinitely without expiration rules,MEDIUM
eu-west-1,s3,iiot-eks-backup-dev,no_lifecycle_policy,WARN,data may grow indefinitely without expiration rules,MEDIUM
eu-west-1,s3,iiot-machine-vision-dev,no_lifecycle_policy,WARN,data may grow indefinitely without expiration rules,MEDIUM
eu-west-1,s3,integra-raw-dev,no_lifecycle_policy,WARN,data may grow indefinitely without expiration rules,MEDIUM
eu-west-1,s3,integra-script-dev,no_lifecycle_policy,WARN,data may grow indefinitely without expiration rules,MEDIUM
eu-west-1,s3,slc-docs,no_lifecycle_policy,WARN,data may grow indefinitely without expiration rules,MEDIUM
eu-west-1,s3,dms-assessment-run-2026-02-24-13-52-52,no_lifecycle_policy,WARN,data may grow indefinitely without expiration rules,MEDIUM
eu-west-1,s3,dimloss-codedev,no_lifecycle_policy,WARN,data may grow indefinitely without expiration rules,MEDIUM
eu-west-1,s3,dms-anjhmqmvpvh5bbdrawiwss6umu,no_lifecycle_policy,WARN,data may grow indefinitely without expiration rules,MEDIUM
eu-west-1,s3,dms-assessment-run-2026-02-23-16-54-13,no_lifecycle_policy,WARN,data may grow indefinitely without expiration rules,MEDIUM
eu-west-1,s3,sagemaker-eu-west-1-291751643970,no_lifecycle_policy,WARN,data may grow indefinitely without expiration rules,MEDIUM
eu-west-1,s3,restoring-drp-test,no_lifecycle_policy,WARN,data may grow indefinitely without expiration rules,MEDIUM
eu-west-1,s3,restoring-test-source-ac,no_lifecycle_policy,WARN,data may grow indefinitely without expiration rules,MEDIUM
eu-west-1,s3,sagemaker-automated-execution-291751643970-eu-west-1,no_lifecycle_policy,WARN,data may grow indefinitely without expiration rules,MEDIUM
eu-west-1,s3,test1buck,no_lifecycle_policy,WARN,data may grow indefinitely without expiration rules,MEDIUM
eu-west-1,s3,test-ppa-dev,no_lifecycle_policy,WARN,data may grow indefinitely without expiration rules,MEDIUM
eu-west-1,s3,test-ppa-pre-raw,no_lifecycle_policy,WARN,data may grow indefinitely without expiration rules,MEDIUM
eu-west-1,s3,test-ppa-schema,no_lifecycle_policy,WARN,data may grow indefinitely without expiration rules,MEDIUM
eu-west-1,s3,timestream-analytics-to-s3,no_lifecycle_policy,WARN,data may grow indefinitely without expiration rules,MEDIUM
eu-west-1,s3,291751643970-eu-west-1-ssp-archiving-diiot-ssp-1,no_lifecycle_policy,WARN,data may grow indefinitely without expiration rules,MEDIUM
eu-west-1,s3,291751643970-eu-west-1-ipt,no_lifecycle_policy,WARN,data may grow indefinitely without expiration rules,MEDIUM
eu-west-1,s3,291751643970-eu-west-1-pdm-gd-history-env-dev,no_lifecycle_policy,WARN,data may grow indefinitely without expiration rules,MEDIUM
eu-west-1,s3,291751643970-eu-west-1-pdm-gd-inputdata-env-dev,no_lifecycle_policy,WARN,data may grow indefinitely without expiration rules,MEDIUM
eu-west-1,s3,291751643970-eu-west-1-pdm-images-dev,no_lifecycle_policy,WARN,data may grow indefinitely without expiration rules,MEDIUM
eu-west-1,s3,291751643970-eu-west-1-pdm-models-dev,no_lifecycle_policy,WARN,data may grow indefinitely without expiration rules,MEDIUM
eu-west-1,s3,291751643970-eu-west-1-pdm-preprocessing-dev,no_lifecycle_policy,WARN,data may grow indefinitely without expiration rules,MEDIUM
eu-west-1,s3,291751643970-eu-west-1-pdm-sagemaker-dev,no_lifecycle_policy,WARN,data may grow indefinitely without expiration rules,MEDIUM
eu-west-1,s3,drone-opensource-test,no_lifecycle_policy,WARN,data may grow indefinitely without expiration rules,MEDIUM
eu-west-1,s3,dpa-photos,no_lifecycle_policy,WARN,data may grow indefinitely without expiration rules,MEDIUM
eu-west-1,s3,dms-assessment-run-2026-02-24-22-43-15,no_lifecycle_policy,WARN,data may grow indefinitely without expiration rules,MEDIUM
eu-west-1,s3,sagemaker-project-p-aerbdx0yxraj,no_lifecycle_policy,WARN,data may grow indefinitely without expiration rules,MEDIUM
eu-west-1,s3,sagemaker-model-monitor-test-291751643970,no_lifecycle_policy,WARN,data may grow indefinitely without expiration rules,MEDIUM
eu-west-1,s3,timestream-historical,no_lifecycle_policy,WARN,data may grow indefinitely without expiration rules,MEDIUM
eu-west-1,s3,slc-processed-cil-dev,no_lifecycle_policy,WARN,data may grow indefinitely without expiration rules,MEDIUM
eu-west-1,s3,291751643970-eu-west-1-ssp-binimg-dev-diiot-ssp-1,no_lifecycle_policy,WARN,data may grow indefinitely without expiration rules,MEDIUM
eu-west-1,s3,291751643970-eu-west-1-ssp-binimg-dev-logs-diiot-ssp-1,no_lifecycle_policy,WARN,data may grow indefinitely without expiration rules,MEDIUM
eu-west-1,s3,timestream-unload-one-month,no_lifecycle_policy,WARN,data may grow indefinitely without expiration rules,MEDIUM
eu-west-1,s3,appstream2-36fb080bb8-eu-west-1-291751643970,no_lifecycle_policy,WARN,data may grow indefinitely without expiration rules,MEDIUM
eu-west-1,s3,sagemaker-project-p-akqv6pd5ggko,no_lifecycle_policy,WARN,data may grow indefinitely without expiration rules,MEDIUM
eu-west-1,s3,lifecycle-test-bucket-1234,no_lifecycle_policy,WARN,data may grow indefinitely without expiration rules,MEDIUM
eu-west-1,s3,lambda-dev-source-code-bucket,no_lifecycle_policy,WARN,data may grow indefinitely without expiration rules,MEDIUM
eu-west-1,s3,el-ingestion-dev,no_lifecycle_policy,WARN,data may grow indefinitely without expiration rules,MEDIUM
eu-west-1,s3,aws-athena-query-results-291751643970-eu-west-1,no_lifecycle_policy,WARN,data may grow indefinitely without expiration rules,MEDIUM
eu-west-1,s3,aws-cloudtrail-logs-291751643970-aa4aef46,no_lifecycle_policy,WARN,data may grow indefinitely without expiration rules,MEDIUM
eu-west-1,s3,sagemaker-project-p-bwgyxi9uv1iv,no_lifecycle_policy,WARN,data may grow indefinitely without expiration rules,MEDIUM
eu-west-1,s3,aws-athena-query-results-eu-west-1-291751643970,no_lifecycle_policy,WARN,data may grow indefinitely without expiration rules,MEDIUM
eu-west-1,s3,logstash-core-to-s3-test,no_lifecycle_policy,WARN,data may grow indefinitely without expiration rules,MEDIUM
eu-west-1,s3,daas-output-test,no_lifecycle_policy,WARN,data may grow indefinitely without expiration rules,MEDIUM
eu-west-1,s3,daas-raw-dev,no_lifecycle_policy,WARN,data may grow indefinitely without expiration rules,MEDIUM
eu-west-1,s3,aws-glue-scripts-291751643970-eu-west-1,no_lifecycle_policy,WARN,data may grow indefinitely without expiration rules,MEDIUM
eu-west-1,s3,daas-raw-dev-test,no_lifecycle_policy,WARN,data may grow indefinitely without expiration rules,MEDIUM
eu-west-1,s3,daas-raw-dev-testppa,no_lifecycle_policy,WARN,data may grow indefinitely without expiration rules,MEDIUM
eu-west-1,s3,aws-glue-assets-291751643970-eu-west-1,no_lifecycle_policy,WARN,data may grow indefinitely without expiration rules,MEDIUM
eu-west-1,s3,daas-reconciliation-el-loading-dev,no_lifecycle_policy,WARN,data may grow indefinitely without expiration rules,MEDIUM
eu-west-1,s3,lwp-sm,no_lifecycle_policy,WARN,data may grow indefinitely without expiration rules,MEDIUM
eu-west-1,s3,daas-s3-apollo-api-dev-restore-bucket,no_lifecycle_policy,WARN,data may grow indefinitely without expiration rules,MEDIUM
eu-west-1,s3,aws-glue-temporary-291751643970-eu-west-1,no_lifecycle_policy,WARN,data may grow indefinitely without expiration rules,MEDIUM
eu-west-1,cloudwatch_logs,/apigateway/sx0xixzdsc/undefined,no_retention_policy,WARN,"stored=0.00GB, logs never expire ($0.03/GB/mo)",MEDIUM
eu-west-1,cloudwatch_logs,/aws-glue/column-statistics,no_retention_policy,WARN,"stored=0.00GB, logs never expire ($0.03/GB/mo)",MEDIUM
eu-west-1,cloudwatch_logs,/aws-glue/crawlers,no_retention_policy,WARN,"stored=0.04GB, logs never expire ($0.03/GB/mo)",MEDIUM
eu-west-1,cloudwatch_logs,/aws-glue/data-quality/error,no_retention_policy,WARN,"stored=0.00GB, logs never expire ($0.03/GB/mo)",MEDIUM
eu-west-1,cloudwatch_logs,/aws-glue/data-quality/output,no_retention_policy,WARN,"stored=0.00GB, logs never expire ($0.03/GB/mo)",MEDIUM
eu-west-1,cloudwatch_logs,/aws-glue/jobs/customlog,no_retention_policy,WARN,"stored=0.00GB, logs never expire ($0.03/GB/mo)",MEDIUM
eu-west-1,cloudwatch_logs,/aws-glue/jobs/daas-imel-itgf,no_retention_policy,WARN,"stored=0.00GB, logs never expire ($0.03/GB/mo)",MEDIUM
eu-west-1,cloudwatch_logs,/aws-glue/jobs/encryption-poc-ac-role/daas-role-glue-ingestion-dev-ac/error,no_retention_policy,WARN,"stored=0.00GB, logs never expire ($0.03/GB/mo)",MEDIUM
eu-west-1,cloudwatch_logs,/aws-glue/jobs/encryption-poc-ac-role/daas-role-glue-ingestion-dev-ac/output,no_retention_policy,WARN,"stored=0.00GB, logs never expire ($0.03/GB/mo)",MEDIUM
eu-west-1,cloudwatch_logs,/aws-glue/jobs/encryption-poc-ac-role/daas-role-glue-ingestion-dev/error,no_retention_policy,WARN,"stored=0.00GB, logs never expire ($0.03/GB/mo)",MEDIUM
eu-west-1,cloudwatch_logs,/aws-glue/jobs/logs-v2-encryption-poc-ac,no_retention_policy,WARN,"stored=0.00GB, logs never expire ($0.03/GB/mo)",MEDIUM
eu-west-1,cloudwatch_logs,/aws-glue/ml-transforms/error,no_retention_policy,WARN,"stored=0.00GB, logs never expire ($0.03/GB/mo)",MEDIUM
eu-west-1,cloudwatch_logs,/aws-glue/ml-transforms/output,no_retention_policy,WARN,"stored=0.00GB, logs never expire ($0.03/GB/mo)",MEDIUM
eu-west-1,cloudwatch_logs,/aws-glue/python-jobs/encryption-poc-ac-role/daas-role-glue-digiperf-dds-dev/error,no_retention_policy,WARN,"stored=0.00GB, logs never expire ($0.03/GB/mo)",MEDIUM
eu-west-1,cloudwatch_logs,/aws-glue/sessions/error,no_retention_policy,WARN,"stored=2.80GB, logs never expire ($0.03/GB/mo)",MEDIUM
eu-west-1,cloudwatch_logs,/aws-glue/sessions/output,no_retention_policy,WARN,"stored=0.00GB, logs never expire ($0.03/GB/mo)",MEDIUM
eu-west-1,cloudwatch_logs,/aws-glue/testconnection/error/PMI-On-Premise,no_retention_policy,WARN,"stored=0.00GB, logs never expire ($0.03/GB/mo)",MEDIUM
eu-west-1,cloudwatch_logs,/aws-glue/testconnection/error/PMI-On-Premise-with-odl-rds,no_retention_policy,WARN,"stored=0.00GB, logs never expire ($0.03/GB/mo)",MEDIUM
eu-west-1,cloudwatch_logs,/aws-glue/testconnection/error/PMI-OnPrem-Test,no_retention_policy,WARN,"stored=0.00GB, logs never expire ($0.03/GB/mo)",MEDIUM
eu-west-1,cloudwatch_logs,/aws-glue/testconnection/error/PMI_On_Premise,no_retention_policy,WARN,"stored=0.00GB, logs never expire ($0.03/GB/mo)",MEDIUM
eu-west-1,cloudwatch_logs,/aws-glue/testconnection/error/PSS_RUNTIME,no_retention_policy,WARN,"stored=0.00GB, logs never expire ($0.03/GB/mo)",MEDIUM
eu-west-1,cloudwatch_logs,/aws-glue/testconnection/error/PSS_Runtime,no_retention_policy,WARN,"stored=0.00GB, logs never expire ($0.03/GB/mo)",MEDIUM
eu-west-1,cloudwatch_logs,/aws-glue/testconnection/error/ROSE-dev,no_retention_policy,WARN,"stored=0.00GB, logs never expire ($0.03/GB/mo)",MEDIUM
eu-west-1,cloudwatch_logs,/aws-glue/testconnection/error/ZQC-DATA,no_retention_policy,WARN,"stored=0.00GB, logs never expire ($0.03/GB/mo)",MEDIUM
eu-west-1,cloudwatch_logs,/aws-glue/testconnection/error/ZTQA,no_retention_policy,WARN,"stored=0.00GB, logs never expire ($0.03/GB/mo)",MEDIUM
eu-west-1,cloudwatch_logs,/aws-glue/testconnection/error/ZTQA-DATA,no_retention_policy,WARN,"stored=0.00GB, logs never expire ($0.03/GB/mo)",MEDIUM
eu-west-1,cloudwatch_logs,/aws-glue/testconnection/error/ZTQA_RDS,no_retention_policy,WARN,"stored=0.00GB, logs never expire ($0.03/GB/mo)",MEDIUM
eu-west-1,cloudwatch_logs,/aws-glue/testconnection/error/daas-digiperf-backup,no_retention_policy,WARN,"stored=0.00GB, logs never expire ($0.03/GB/mo)",MEDIUM
eu-west-1,cloudwatch_logs,/aws-glue/testconnection/error/daas-digiperf-dev-rds,no_retention_policy,WARN,"stored=0.00GB, logs never expire ($0.03/GB/mo)",MEDIUM
eu-west-1,cloudwatch_logs,/aws-glue/testconnection/error/daas-digiperf-rds,no_retention_policy,WARN,"stored=0.00GB, logs never expire ($0.03/GB/mo)",MEDIUM
eu-west-1,cloudwatch_logs,/aws-glue/testconnection/error/daas-odl-rds,no_retention_policy,WARN,"stored=0.00GB, logs never expire ($0.03/GB/mo)",MEDIUM
eu-west-1,cloudwatch_logs,/aws-glue/testconnection/error/daas-odl-test,no_retention_policy,WARN,"stored=0.00GB, logs never expire ($0.03/GB/mo)",MEDIUM
eu-west-1,cloudwatch_logs,/aws-glue/testconnection/error/daas-pipe-rds-test,no_retention_policy,WARN,"stored=0.00GB, logs never expire ($0.03/GB/mo)",MEDIUM
eu-west-1,cloudwatch_logs,/aws-glue/testconnection/error/daas-rds,no_retention_policy,WARN,"stored=0.00GB, logs never expire ($0.03/GB/mo)",MEDIUM
eu-west-1,cloudwatch_logs,/aws-glue/testconnection/error/daas-rds-daasodl,no_retention_policy,WARN,"stored=0.00GB, logs never expire ($0.03/GB/mo)",MEDIUM
eu-west-1,cloudwatch_logs,/aws-glue/testconnection/error/daas-rds-postgres-test,no_retention_policy,WARN,"stored=0.00GB, logs never expire ($0.03/GB/mo)",MEDIUM
eu-west-1,cloudwatch_logs,/aws-glue/testconnection/error/daas-rds-test,no_retention_policy,WARN,"stored=0.00GB, logs never expire ($0.03/GB/mo)",MEDIUM
eu-west-1,cloudwatch_logs,/aws-glue/testconnection/error/daas-redshift-proxima,no_retention_policy,WARN,"stored=0.00GB, logs never expire ($0.03/GB/mo)",MEDIUM
eu-west-1,cloudwatch_logs,/aws-glue/testconnection/error/digiperf-poc,no_retention_policy,WARN,"stored=0.00GB, logs never expire ($0.03/GB/mo)",MEDIUM
eu-west-1,cloudwatch_logs,/aws-glue/testconnection/error/mso-dsfts,no_retention_policy,WARN,"stored=0.00GB, logs never expire ($0.03/GB/mo)",MEDIUM
eu-west-1,cloudwatch_logs,/aws-glue/testconnection/error/msokm-connection,no_retention_policy,WARN,"stored=0.00GB, logs never expire ($0.03/GB/mo)",MEDIUM
eu-west-1,cloudwatch_logs,/aws-glue/testconnection/error/my_conn,no_retention_policy,WARN,"stored=0.00GB, logs never expire ($0.03/GB/mo)",MEDIUM
eu-west-1,cloudwatch_logs,/aws-glue/testconnection/error/nxtf3pa-connection-manual,no_retention_policy,WARN,"stored=0.00GB, logs never expire ($0.03/GB/mo)",MEDIUM
eu-west-1,cloudwatch_logs,/aws-glue/testconnection/error/rose-con-dev,no_retention_policy,WARN,"stored=0.00GB, logs never expire ($0.03/GB/mo)",MEDIUM
eu-west-1,cloudwatch_logs,/aws-glue/testconnection/output/PMI-On-Premise,no_retention_policy,WARN,"stored=0.00GB, logs never expire ($0.03/GB/mo)",MEDIUM
eu-west-1,cloudwatch_logs,/aws-glue/testconnection/output/PMI-On-Premise-with-odl-rds,no_retention_policy,WARN,"stored=0.00GB, logs never expire ($0.03/GB/mo)",MEDIUM
eu-west-1,cloudwatch_logs,/aws-glue/testconnection/output/PMI-OnPrem-Test,no_retention_policy,WARN,"stored=0.00GB, logs never expire ($0.03/GB/mo)",MEDIUM
eu-west-1,cloudwatch_logs,/aws-glue/testconnection/output/PMI_On_Premise,no_retention_policy,WARN,"stored=0.00GB, logs never expire ($0.03/GB/mo)",MEDIUM
eu-west-1,cloudwatch_logs,/aws-glue/testconnection/output/PSS_RUNTIME,no_retention_policy,WARN,"stored=0.00GB, logs never expire ($0.03/GB/mo)",MEDIUM
eu-west-1,cloudwatch_logs,/aws-glue/testconnection/output/PSS_Runtime,no_retention_policy,WARN,"stored=0.00GB, logs never expire ($0.03/GB/mo)",MEDIUM
eu-west-1,cloudwatch_logs,/aws-glue/testconnection/output/ROSE-dev,no_retention_policy,WARN,"stored=0.00GB, logs never expire ($0.03/GB/mo)",MEDIUM
eu-west-1,cloudwatch_logs,/aws-glue/testconnection/output/ZQC-DATA,no_retention_policy,WARN,"stored=0.00GB, logs never expire ($0.03/GB/mo)",MEDIUM
eu-west-1,cloudwatch_logs,/aws-glue/testconnection/output/ZTQA,no_retention_policy,WARN,"stored=0.00GB, logs never expire ($0.03/GB/mo)",MEDIUM
eu-west-1,cloudwatch_logs,/aws-glue/testconnection/output/ZTQA-DATA,no_retention_policy,WARN,"stored=0.00GB, logs never expire ($0.03/GB/mo)",MEDIUM
eu-west-1,cloudwatch_logs,/aws-glue/testconnection/output/ZTQA_RDS,no_retention_policy,WARN,"stored=0.00GB, logs never expire ($0.03/GB/mo)",MEDIUM
eu-west-1,cloudwatch_logs,/aws-glue/testconnection/output/daas-digiperf-backup,no_retention_policy,WARN,"stored=0.00GB, logs never expire ($0.03/GB/mo)",MEDIUM
eu-west-1,cloudwatch_logs,/aws-glue/testconnection/output/daas-digiperf-dev-rds,no_retention_policy,WARN,"stored=0.00GB, logs never expire ($0.03/GB/mo)",MEDIUM
eu-west-1,cloudwatch_logs,/aws-glue/testconnection/output/daas-digiperf-qa-rds,no_retention_policy,WARN,"stored=0.00GB, logs never expire ($0.03/GB/mo)",MEDIUM
eu-west-1,cloudwatch_logs,/aws-glue/testconnection/output/daas-digiperf-rds,no_retention_policy,WARN,"stored=0.00GB, logs never expire ($0.03/GB/mo)",MEDIUM
eu-west-1,cloudwatch_logs,/aws-glue/testconnection/output/daas-dwh-redshift-digiperf-dds-connection,no_retention_policy,WARN,"stored=0.00GB, logs never expire ($0.03/GB/mo)",MEDIUM
eu-west-1,cloudwatch_logs,/aws-glue/testconnection/output/daas-dwh-redshift-digiperf-dds-db-connection,no_retention_policy,WARN,"stored=0.00GB, logs never expire ($0.03/GB/mo)",MEDIUM
eu-west-1,cloudwatch_logs,/aws-glue/testconnection/output/daas-odl-rds,no_retention_policy,WARN,"stored=0.00GB, logs never expire ($0.03/GB/mo)",MEDIUM
eu-west-1,cloudwatch_logs,/aws-glue/testconnection/output/daas-odl-test,no_retention_policy,WARN,"stored=0.00GB, logs never expire ($0.03/GB/mo)",MEDIUM
eu-west-1,cloudwatch_logs,/aws-glue/testconnection/output/daas-pipe-rds-test,no_retention_policy,WARN,"stored=0.00GB, logs never expire ($0.03/GB/mo)",MEDIUM
eu-west-1,cloudwatch_logs,/aws-glue/testconnection/output/daas-rds,no_retention_policy,WARN,"stored=0.00GB, logs never expire ($0.03/GB/mo)",MEDIUM
eu-west-1,cloudwatch_logs,/aws-glue/testconnection/output/daas-rds-daasodl,no_retention_policy,WARN,"stored=0.00GB, logs never expire ($0.03/GB/mo)",MEDIUM
eu-west-1,cloudwatch_logs,/aws-glue/testconnection/output/daas-rds-postgres-test,no_retention_policy,WARN,"stored=0.00GB, logs never expire ($0.03/GB/mo)",MEDIUM
eu-west-1,cloudwatch_logs,/aws-glue/testconnection/output/daas-rds-test,no_retention_policy,WARN,"stored=0.00GB, logs never expire ($0.03/GB/mo)",MEDIUM
eu-west-1,cloudwatch_logs,/aws-glue/testconnection/output/daas-redshift-proxima,no_retention_policy,WARN,"stored=0.00GB, logs never expire ($0.03/GB/mo)",MEDIUM
eu-west-1,cloudwatch_logs,/aws-glue/testconnection/output/digiperf-poc,no_retention_policy,WARN,"stored=0.00GB, logs never expire ($0.03/GB/mo)",MEDIUM
eu-west-1,cloudwatch_logs,/aws-glue/testconnection/output/mso-dsfts,no_retention_policy,WARN,"stored=0.00GB, logs never expire ($0.03/GB/mo)",MEDIUM
eu-west-1,cloudwatch_logs,/aws-glue/testconnection/output/msokm-connection,no_retention_policy,WARN,"stored=0.00GB, logs never expire ($0.03/GB/mo)",MEDIUM
eu-west-1,cloudwatch_logs,/aws-glue/testconnection/output/my_conn,no_retention_policy,WARN,"stored=0.00GB, logs never expire ($0.03/GB/mo)",MEDIUM
eu-west-1,cloudwatch_logs,/aws-glue/testconnection/output/nxtf3pa-connection-manual,no_retention_policy,WARN,"stored=0.00GB, logs never expire ($0.03/GB/mo)",MEDIUM
eu-west-1,cloudwatch_logs,/aws-glue/testconnection/output/rds-dbo-connection,no_retention_policy,WARN,"stored=0.00GB, logs never expire ($0.03/GB/mo)",MEDIUM
eu-west-1,cloudwatch_logs,/aws-glue/testconnection/output/rose-con-dev,no_retention_policy,WARN,"stored=0.00GB, logs never expire ($0.03/GB/mo)",MEDIUM
eu-west-1,cloudwatch_logs,/aws/OpenSearchService/domains/etl-cluster/application-logs,no_retention_policy,WARN,"stored=0.00GB, logs never expire ($0.03/GB/mo)",MEDIUM
eu-west-1,cloudwatch_logs,/aws/apigateway/welcome,no_retention_policy,WARN,"stored=0.00GB, logs never expire ($0.03/GB/mo)",MEDIUM
eu-west-1,cloudwatch_logs,/aws/appsync/apis/wu44rlfq55eurpt7gqkbd35r2q,no_retention_policy,WARN,"stored=0.00GB, logs never expire ($0.03/GB/mo)",MEDIUM
eu-west-1,cloudwatch_logs,/aws/codebuild/AppSync-Lambda-Layer-Dev-Manual,no_retention_policy,WARN,"stored=0.01GB, logs never expire ($0.03/GB/mo)",MEDIUM
eu-west-1,cloudwatch_logs,/aws/codebuild/AppSync-Lambda-Resolver-Dev-Manual,no_retention_policy,WARN,"stored=0.00GB, logs never expire ($0.03/GB/mo)",MEDIUM
eu-west-1,cloudwatch_logs,/aws/codebuild/AppSync-Snowflake-Connector-Layer-Dev-Manual,no_retention_policy,WARN,"stored=0.00GB, logs never expire ($0.03/GB/mo)",MEDIUM
eu-west-1,cloudwatch_logs,/aws/codebuild/Appsync-LambdaLayer,no_retention_policy,WARN,"stored=0.00GB, logs never expire ($0.03/GB/mo)",MEDIUM
eu-west-1,cloudwatch_logs,/aws/codebuild/DaaS-AppSync-Lambda-Layer,no_retention_policy,WARN,"stored=0.01GB, logs never expire ($0.03/GB/mo)",MEDIUM
eu-west-1,cloudwatch_logs,/aws/codebuild/DaaS-AppSync-Lambda-Resolver,no_retention_policy,WARN,"stored=0.00GB, logs never expire ($0.03/GB/mo)",MEDIUM
eu-west-1,cloudwatch_logs,/aws/codebuild/DaaS-Build-Snowflake-Connector,no_retention_policy,WARN,"stored=0.01GB, logs never expire ($0.03/GB/mo)",MEDIUM
eu-west-1,cloudwatch_logs,/aws/codebuild/build-from-codecommit,no_retention_policy,WARN,"stored=0.07GB, logs never expire ($0.03/GB/mo)",MEDIUM
eu-west-1,cloudwatch_logs,/aws/codebuild/iams-codebuild-flink-scala,no_retention_policy,WARN,"stored=0.00GB, logs never expire ($0.03/GB/mo)",MEDIUM
eu-west-1,cloudwatch_logs,/aws/codebuild/integra-iams-aucobo-dev-codebuild,no_retention_policy,WARN,"stored=0.00GB, logs never expire ($0.03/GB/mo)",MEDIUM
eu-west-1,cloudwatch_logs,/aws/codebuild/integra-iams-aucobo-pl02-dev-codebuild,no_retention_policy,WARN,"stored=0.00GB, logs never expire ($0.03/GB/mo)",MEDIUM
eu-west-1,cloudwatch_logs,/aws/codebuild/integra-iams-pl02-aucobo-build-dev,no_retention_policy,WARN,"stored=0.00GB, logs never expire ($0.03/GB/mo)",MEDIUM
eu-west-1,cloudwatch_logs,/aws/codebuild/integra-iams-ru04-aucobo-build-dev,no_retention_policy,WARN,"stored=0.00GB, logs never expire ($0.03/GB/mo)",MEDIUM
eu-west-1,cloudwatch_logs,/aws/codebuild/pipe-daas-odl-generic-loader,no_retention_policy,WARN,"stored=0.00GB, logs never expire ($0.03/GB/mo)",MEDIUM
eu-west-1,cloudwatch_logs,/aws/codebuild/pipe-daas-odl-parameterTargetValue,no_retention_policy,WARN,"stored=0.01GB, logs never expire ($0.03/GB/mo)",MEDIUM
eu-west-1,cloudwatch_logs,/aws/codebuild/pipe-daas-odl-po-product,no_retention_policy,WARN,"stored=0.00GB, logs never expire ($0.03/GB/mo)",MEDIUM
eu-west-1,cloudwatch_logs,/aws/codebuild/pipe-ppa-global-dev,no_retention_policy,WARN,"stored=0.00GB, logs never expire ($0.03/GB/mo)",MEDIUM
eu-west-1,cloudwatch_logs,/aws/codebuild/sagemaker-lwp-demo-project-p-lw5xhs1u96cs-modelbuild,no_retention_policy,WARN,"stored=0.00GB, logs never expire ($0.03/GB/mo)",MEDIUM
eu-west-1,cloudwatch_logs,/aws/codebuild/sagemaker-lwp-demo-project-p-lw5xhs1u96cs-modeldeploy,no_retention_policy,WARN,"stored=0.00GB, logs never expire ($0.03/GB/mo)",MEDIUM
eu-west-1,cloudwatch_logs,/aws/codebuild/sagemaker-lwp-demo-project-p-lw5xhs1u96cs-testing,no_retention_policy,WARN,"stored=0.00GB, logs never expire ($0.03/GB/mo)",MEDIUM
eu-west-1,cloudwatch_logs,/aws/codebuild/sagemaker-lwp-demo-project-with-monitoring-p-ym2y34vcfcag-modelbuild,no_retention_policy,WARN,"stored=0.00GB, logs never expire ($0.03/GB/mo)",MEDIUM
eu-west-1,cloudwatch_logs,/aws/codebuild/sagemaker-lwp-demo-project-with-monitoring-p-ym2y34vcfcag-modeldeploy,no_retention_policy,WARN,"stored=0.00GB, logs never expire ($0.03/GB/mo)",MEDIUM
eu-west-1,cloudwatch_logs,/aws/codebuild/sagemaker-lwp-demo-project-with-monitoring-p-ym2y34vcfcag-modelmonitor,no_retention_policy,WARN,"stored=0.00GB, logs never expire ($0.03/GB/mo)",MEDIUM
eu-west-1,cloudwatch_logs,/aws/codebuild/sagemaker-lwp-dev-qa-deployment-p-jxdo5lk3zn59-modelbuild,no_retention_policy,WARN,"stored=0.00GB, logs never expire ($0.03/GB/mo)",MEDIUM
eu-west-1,cloudwatch_logs,/aws/codebuild/sagemaker-lwp-dev-qa-deployment-p-jxdo5lk3zn59-modeldeploy,no_retention_policy,WARN,"stored=0.00GB, logs never expire ($0.03/GB/mo)",MEDIUM
eu-west-1,cloudwatch_logs,/aws/codebuild/sagemaker-lwp-dev-qa-deployment-p-jxdo5lk3zn59-testing,no_retention_policy,WARN,"stored=0.00GB, logs never expire ($0.03/GB/mo)",MEDIUM
eu-west-1,cloudwatch_logs,/aws/codebuild/sagemaker-lwp-dev-qas-deploy-v2-p-52xywfiu0ra5-modelbuild,no_retention_policy,WARN,"stored=0.00GB, logs never expire ($0.03/GB/mo)",MEDIUM
eu-west-1,cloudwatch_logs,/aws/codebuild/sagemaker-lwp-dev-qas-deploy-v21-2-p-vvvqzo0vvkzi-modelbuild,no_retention_policy,WARN,"stored=0.00GB, logs never expire ($0.03/GB/mo)",MEDIUM
eu-west-1,cloudwatch_logs,/aws/codebuild/sagemaker-lwp-dev-qas-deploy-v22-p-w4hkrcjjhjtk-modelbuild,no_retention_policy,WARN,"stored=0.00GB, logs never expire ($0.03/GB/mo)",MEDIUM
eu-west-1,cloudwatch_logs,/aws/codebuild/sagemaker-lwp-dev-qas-deploy-v22-p-w4hkrcjjhjtk-modeldeploy,no_retention_policy,WARN,"stored=0.00GB, logs never expire ($0.03/GB/mo)",MEDIUM
eu-west-1,cloudwatch_logs,/aws/codebuild/sagemaker-lwp-dev-qas-deploy-v3-p-wytodqlmrzwr-modelbuild,no_retention_policy,WARN,"stored=0.00GB, logs never expire ($0.03/GB/mo)",MEDIUM
eu-west-1,cloudwatch_logs,/aws/codebuild/sagemaker-lwp-dev-qas-deploy-v3-p-wytodqlmrzwr-modeldeploy,no_retention_policy,WARN,"stored=0.00GB, logs never expire ($0.03/GB/mo)",MEDIUM
eu-west-1,cloudwatch_logs,/aws/codebuild/sagemaker-lwp-dev-qas-deploy-v31-3-p-m3qv6aazurch-modelbuild,no_retention_policy,WARN,"stored=0.00GB, logs never expire ($0.03/GB/mo)",MEDIUM
eu-west-1,cloudwatch_logs,/aws/codebuild/sagemaker-lwp-dev-qas-deploy-v31-3-p-m3qv6aazurch-modeldeploy,no_retention_policy,WARN,"stored=0.00GB, logs never expire ($0.03/GB/mo)",MEDIUM
eu-west-1,cloudwatch_logs,/aws/codebuild/sagemaker-lwp-dev-qas-deploy-v32-2-p-bwgyxi9uv1iv-modelbuild,no_retention_policy,WARN,"stored=0.00GB, logs never expire ($0.03/GB/mo)",MEDIUM
eu-west-1,cloudwatch_logs,/aws/codebuild/sagemaker-lwp-dev-qas-deploy-v32-2-p-bwgyxi9uv1iv-modeldeploy,no_retention_policy,WARN,"stored=0.00GB, logs never expire ($0.03/GB/mo)",MEDIUM
eu-west-1,cloudwatch_logs,/aws/codebuild/sagemaker-lwp-dev-qas-deploy-v32-p-9datdollczoc-modelbuild,no_retention_policy,WARN,"stored=0.00GB, logs never expire ($0.03/GB/mo)",MEDIUM
eu-west-1,cloudwatch_logs,/aws/codebuild/sagemaker-lwp-dev-qas-deploy-v32-p-9datdollczoc-modeldeploy,no_retention_policy,WARN,"stored=0.00GB, logs never expire ($0.03/GB/mo)",MEDIUM
eu-west-1,cloudwatch_logs,/aws/codebuild/sagemaker-lwp-dev-qas-project-v4-p-xjmckmg5cwsv-modelbuild,no_retention_policy,WARN,"stored=0.00GB, logs never expire ($0.03/GB/mo)",MEDIUM
eu-west-1,cloudwatch_logs,/aws/codebuild/sagemaker-lwp-dev-qas-project-v4-p-xjmckmg5cwsv-modeldeploy,no_retention_policy,WARN,"stored=0.00GB, logs never expire ($0.03/GB/mo)",MEDIUM
eu-west-1,cloudwatch_logs,/aws/codebuild/sagemaker-lwp-dev-qas-project-v42-3-p-akqv6pd5ggko-modelbuild,no_retention_policy,WARN,"stored=0.00GB, logs never expire ($0.03/GB/mo)",MEDIUM
eu-west-1,cloudwatch_logs,/aws/codebuild/sagemaker-lwp-dev-qas-project-v42-3-p-akqv6pd5ggko-modeldeploy,no_retention_policy,WARN,"stored=0.00GB, logs never expire ($0.03/GB/mo)",MEDIUM
eu-west-1,cloudwatch_logs,/aws/codebuild/sagemaker-lwp-dev-qas-project-v42-3-p-akqv6pd5ggko-testing,no_retention_policy,WARN,"stored=0.00GB, logs never expire ($0.03/GB/mo)",MEDIUM
eu-west-1,cloudwatch_logs,/aws/codebuild/sagemaker-studio-d-m6o0scrte2z5-srai4-ArdDdPHQXviHqgfQ,no_retention_policy,WARN,"stored=0.00GB, logs never expire ($0.03/GB/mo)",MEDIUM
eu-west-1,cloudwatch_logs,/aws/codebuild/sagemaker-studio-d-m6o0scrte2z5-srai4-DkdrhrBRkAArxNGb,no_retention_policy,WARN,"stored=0.00GB, logs never expire ($0.03/GB/mo)",MEDIUM
eu-west-1,cloudwatch_logs,/aws/codebuild/sagemaker-studio-d-m6o0scrte2z5-srai4-GTXYTpcOpUcgNuYV,no_retention_policy,WARN,"stored=0.00GB, logs never expire ($0.03/GB/mo)",MEDIUM
eu-west-1,cloudwatch_logs,/aws/codebuild/sagemaker-studio-d-m6o0scrte2z5-srai4-HXKpwYDAseCoeWri,no_retention_policy,WARN,"stored=0.00GB, logs never expire ($0.03/GB/mo)",MEDIUM
eu-west-1,cloudwatch_logs,/aws/codebuild/sagemaker-studio-d-m6o0scrte2z5-srai4-WfSTtEswCKQVochw,no_retention_policy,WARN,"stored=0.00GB, logs never expire ($0.03/GB/mo)",MEDIUM
eu-west-1,cloudwatch_logs,/aws/codebuild/sagemaker-studio-d-m6o0scrte2z5-srai4-iHyMUyKBiNQSMZrv,no_retention_policy,WARN,"stored=0.00GB, logs never expire ($0.03/GB/mo)",MEDIUM
eu-west-1,cloudwatch_logs,/aws/codebuild/sagemaker-test-project-template-p-f8vb3lzbbfjg-modelbuild,no_retention_policy,WARN,"stored=0.00GB, logs never expire ($0.03/GB/mo)",MEDIUM
eu-west-1,cloudwatch_logs,/aws/codebuild/sagemaker-test-project-template-p-f8vb3lzbbfjg-modeldeploy,no_retention_policy,WARN,"stored=0.00GB, logs never expire ($0.03/GB/mo)",MEDIUM
eu-west-1,cloudwatch_logs,/aws/datasync,no_retention_policy,WARN,"stored=0.00GB, logs never expire ($0.03/GB/mo)",MEDIUM
eu-west-1,cloudwatch_logs,/aws/docdb/iptdev/audit,no_retention_policy,WARN,"stored=0.00GB, logs never expire ($0.03/GB/mo)",MEDIUM
eu-west-1,cloudwatch_logs,/aws/events/aws_patching,no_retention_policy,WARN,"stored=0.00GB, logs never expire ($0.03/GB/mo)",MEDIUM
eu-west-1,cloudwatch_logs,/aws/events/daas-loggroup-glue-crawler-execution,no_retention_policy,WARN,"stored=0.01GB, logs never expire ($0.03/GB/mo)",MEDIUM
eu-west-1,cloudwatch_logs,/aws/events/daas-loggroup-glue-state-change,no_retention_policy,WARN,"stored=0.03GB, logs never expire ($0.03/GB/mo)",MEDIUM
eu-west-1,cloudwatch_logs,/aws/events/glue-crawler-executions,no_retention_policy,WARN,"stored=0.01GB, logs never expire ($0.03/GB/mo)",MEDIUM
eu-west-1,cloudwatch_logs,/aws/events/glue_job_failed_events,no_retention_policy,WARN,"stored=0.00GB, logs never expire ($0.03/GB/mo)",MEDIUM
eu-west-1,cloudwatch_logs,/aws/events/test-daas-loggroup-glue-job-execution,no_retention_policy,WARN,"stored=0.00GB, logs never expire ($0.03/GB/mo)",MEDIUM
eu-west-1,cloudwatch_logs,/aws/events/test-daas-loggroup-glue-job-execution-state-change,no_retention_policy,WARN,"stored=0.04GB, logs never expire ($0.03/GB/mo)",MEDIUM
eu-west-1,cloudwatch_logs,/aws/events/test-daas-loggroup-glue-state-change,no_retention_policy,WARN,"stored=0.09GB, logs never expire ($0.03/GB/mo)",MEDIUM
eu-west-1,cloudwatch_logs,/aws/events/test_glue_delayed,no_retention_policy,WARN,"stored=0.00GB, logs never expire ($0.03/GB/mo)",MEDIUM
eu-west-1,cloudwatch_logs,/aws/events/testdp-glue-jobs-running,no_retention_policy,WARN,"stored=0.00GB, logs never expire ($0.03/GB/mo)",MEDIUM
eu-west-1,cloudwatch_logs,/aws/glue/test-job-execution,no_retention_policy,WARN,"stored=0.00GB, logs never expire ($0.03/GB/mo)",MEDIUM
eu-west-1,cloudwatch_logs,/aws/imagebuilder/SSPLinuxBuildMachine,no_retention_policy,WARN,"stored=0.00GB, logs never expire ($0.03/GB/mo)",MEDIUM
eu-west-1,cloudwatch_logs,/aws/kinesis-analytics/integra-iams-aucobo-pl02-dev,no_retention_policy,WARN,"stored=0.33GB, logs never expire ($0.03/GB/mo)",MEDIUM
eu-west-1,cloudwatch_logs,/aws/kinesis-analytics/integra-iams-aucobo-ru04-dev,no_retention_policy,WARN,"stored=0.02GB, logs never expire ($0.03/GB/mo)",MEDIUM
eu-west-1,cloudwatch_logs,/aws/kinesisfirehose/KDS-S3-N4THE,no_retention_policy,WARN,"stored=0.00GB, logs never expire ($0.03/GB/mo)",MEDIUM
eu-west-1,cloudwatch_logs,/aws/kinesisfirehose/KDS-S3-NxQVi,no_retention_policy,WARN,"stored=0.00GB, logs never expire ($0.03/GB/mo)",MEDIUM
eu-west-1,cloudwatch_logs,/aws/kinesisfirehose/KDS-S3-VNXVD,no_retention_policy,WARN,"stored=0.00GB, logs never expire ($0.03/GB/mo)",MEDIUM
eu-west-1,cloudwatch_logs,/aws/kinesisfirehose/daas-cw-to-s3-KDS-S3-GuaPX,no_retention_policy,WARN,"stored=0.00GB, logs never expire ($0.03/GB/mo)",MEDIUM
eu-west-1,cloudwatch_logs,/aws/kinesisfirehose/dw-firehose-test,no_retention_policy,WARN,"stored=0.00GB, logs never expire ($0.03/GB/mo)",MEDIUM
eu-west-1,cloudwatch_logs,/aws/kinesisfirehose/iams-aucobo-pl02-firehose,no_retention_policy,WARN,"stored=0.00GB, logs never expire ($0.03/GB/mo)",MEDIUM
eu-west-1,cloudwatch_logs,/aws/kinesisfirehose/iams-aucobo-pl02-stream,no_retention_policy,WARN,"stored=0.00GB, logs never expire ($0.03/GB/mo)",MEDIUM
eu-west-1,cloudwatch_logs,/aws/kinesisfirehose/iams-aucobo-plo2-firehose,no_retention_policy,WARN,"stored=0.00GB, logs never expire ($0.03/GB/mo)",MEDIUM
eu-west-1,cloudwatch_logs,/aws/kinesisfirehose/iams-vernemq-pl02-firehose,no_retention_policy,WARN,"stored=0.00GB, logs never expire ($0.03/GB/mo)",MEDIUM
eu-west-1,cloudwatch_logs,/aws/kinesisfirehose/icif-kinesis-poc,no_retention_policy,WARN,"stored=0.00GB, logs never expire ($0.03/GB/mo)",MEDIUM
eu-west-1,cloudwatch_logs,/aws/kinesisfirehose/kinesis_stream_firehose_secondary_cc,no_retention_policy,WARN,"stored=0.00GB, logs never expire ($0.03/GB/mo)",MEDIUM
eu-west-1,cloudwatch_logs,/aws/kinesisfirehose/kinesis_stream_firehose_test,no_retention_policy,WARN,"stored=0.00GB, logs never expire ($0.03/GB/mo)",MEDIUM
eu-west-1,cloudwatch_logs,/aws/lambda/ApolloDigiperfApiManual,no_retention_policy,WARN,"stored=0.00GB, logs never expire ($0.03/GB/mo)",MEDIUM
eu-west-1,cloudwatch_logs,/aws/lambda/AppSync-Manuf-DaaS-Sdl-DataSource-Manual,no_retention_policy,WARN,"stored=0.00GB, logs never expire ($0.03/GB/mo)",MEDIUM
eu-west-1,cloudwatch_logs,/aws/lambda/AppSync-Manuf-DaaS-Sdl-Manual,no_retention_policy,WARN,"stored=0.00GB, logs never expire ($0.03/GB/mo)",MEDIUM
eu-west-1,cloudwatch_logs,/aws/lambda/Application_Secret_Expiration_Function,no_retention_policy,WARN,"stored=0.00GB, logs never expire ($0.03/GB/mo)",MEDIUM
eu-west-1,cloudwatch_logs,/aws/lambda/Application_Secret_Expiry_Notification_Alert,no_retention_policy,WARN,"stored=0.00GB, logs never expire ($0.03/GB/mo)",MEDIUM
eu-west-1,cloudwatch_logs,/aws/lambda/CrawlerExecutionDetails,no_retention_policy,WARN,"stored=0.03GB, logs never expire ($0.03/GB/mo)",MEDIUM
eu-west-1,cloudwatch_logs,/aws/lambda/DEEP-Patching-Helper,no_retention_policy,WARN,"stored=0.02GB, logs never expire ($0.03/GB/mo)",MEDIUM
eu-west-1,cloudwatch_logs,/aws/lambda/DEEP-Patching-Logger,no_retention_policy,WARN,"stored=0.08GB, logs never expire ($0.03/GB/mo)",MEDIUM
eu-west-1,cloudwatch_logs,/aws/lambda/DimLossSTS_Demo,no_retention_policy,WARN,"stored=0.00GB, logs never expire ($0.03/GB/mo)",MEDIUM
eu-west-1,cloudwatch_logs,/aws/lambda/EKS-NG-Scale-DOWN-Weekly-ICLOUD-DEV,no_retention_policy,WARN,"stored=0.00GB, logs never expire ($0.03/GB/mo)",MEDIUM
eu-west-1,cloudwatch_logs,/aws/lambda/EKS-NG-Scale-UP-Weekly-ICLOUD-DEV,no_retention_policy,WARN,"stored=0.00GB, logs never expire ($0.03/GB/mo)",MEDIUM
eu-west-1,cloudwatch_logs,/aws/lambda/GlueJobExecutionTime,no_retention_policy,WARN,"stored=0.09GB, logs never expire ($0.03/GB/mo)",MEDIUM
eu-west-1,cloudwatch_logs,/aws/lambda/IIOT_9102_Opsgenie_Integration_with_Glue_Jobs,no_retention_policy,WARN,"stored=0.00GB, logs never expire ($0.03/GB/mo)",MEDIUM
eu-west-1,cloudwatch_logs,/aws/lambda/Integra-Iams-Aucobo-AuthStatus,no_retention_policy,WARN,"stored=0.04GB, logs never expire ($0.03/GB/mo)",MEDIUM
eu-west-1,cloudwatch_logs,/aws/lambda/Jenkins_Build_Trigger,no_retention_policy,WARN,"stored=0.00GB, logs never expire ($0.03/GB/mo)",MEDIUM
eu-west-1,cloudwatch_logs,/aws/lambda/Lambda_Vault_IAM_Integration_With_Layer,no_retention_policy,WARN,"stored=0.00GB, logs never expire ($0.03/GB/mo)",MEDIUM
eu-west-1,cloudwatch_logs,/aws/lambda/LogsToElasticsearch_etl-cluster,no_retention_policy,WARN,"stored=0.67GB, logs never expire ($0.03/GB/mo)",MEDIUM
eu-west-1,cloudwatch_logs,/aws/lambda/MQTT_Bridge_Expiry_Notification_Alert,no_retention_policy,WARN,"stored=0.00GB, logs never expire ($0.03/GB/mo)",MEDIUM
eu-west-1,cloudwatch_logs,/aws/lambda/NXT-drift-manual,no_retention_policy,WARN,"stored=0.00GB, logs never expire ($0.03/GB/mo)",MEDIUM
eu-west-1,cloudwatch_logs,/aws/lambda/NXT_ingestion,no_retention_policy,WARN,"stored=0.00GB, logs never expire ($0.03/GB/mo)",MEDIUM
eu-west-1,cloudwatch_logs,/aws/lambda/NXT_ingestion_digiperf,no_retention_policy,WARN,"stored=0.00GB, logs never expire ($0.03/GB/mo)",MEDIUM
eu-west-1,cloudwatch_logs,/aws/lambda/NXT_ingestion_digiperf_manual,no_retention_policy,WARN,"stored=0.00GB, logs never expire ($0.03/GB/mo)",MEDIUM
eu-west-1,cloudwatch_logs,/aws/lambda/NXT_ingestion_imel,no_retention_policy,WARN,"stored=0.00GB, logs never expire ($0.03/GB/mo)",MEDIUM
eu-west-1,cloudwatch_logs,/aws/lambda/NXT_ingestion_imel_manual,no_retention_policy,WARN,"stored=0.00GB, logs never expire ($0.03/GB/mo)",MEDIUM
eu-west-1,cloudwatch_logs,/aws/lambda/NXT_ingestion_prophet,no_retention_policy,WARN,"stored=0.00GB, logs never expire ($0.03/GB/mo)",MEDIUM
eu-west-1,cloudwatch_logs,/aws/lambda/NXT_ingestion_prophet_manual,no_retention_policy,WARN,"stored=0.00GB, logs never expire ($0.03/GB/mo)",MEDIUM
eu-west-1,cloudwatch_logs,/aws/lambda/On-Demand-Ingestion-Lambda-1,no_retention_policy,WARN,"stored=0.00GB, logs never expire ($0.03/GB/mo)",MEDIUM
eu-west-1,cloudwatch_logs,/aws/lambda/On-Demand-Ingestion-Lambda-2,no_retention_policy,WARN,"stored=0.00GB, logs never expire ($0.03/GB/mo)",MEDIUM
eu-west-1,cloudwatch_logs,/aws/lambda/PPP_Trigger,no_retention_policy,WARN,"stored=0.00GB, logs never expire ($0.03/GB/mo)",MEDIUM
eu-west-1,cloudwatch_logs,/aws/lambda/SendGlueJobErrorNotificationEmail,no_retention_policy,WARN,"stored=0.00GB, logs never expire ($0.03/GB/mo)",MEDIUM
eu-west-1,cloudwatch_logs,/aws/lambda/Test_Connect_Amazon_Influx,no_retention_policy,WARN,"stored=0.00GB, logs never expire ($0.03/GB/mo)",MEDIUM
eu-west-1,cloudwatch_logs,/aws/lambda/Vault-IAM-Auth-Without-Layer,no_retention_policy,WARN,"stored=0.00GB, logs never expire ($0.03/GB/mo)",MEDIUM
eu-west-1,cloudwatch_logs,/aws/lambda/alert-test,no_retention_policy,WARN,"stored=0.00GB, logs never expire ($0.03/GB/mo)",MEDIUM
eu-west-1,cloudwatch_logs,/aws/lambda/alert_mqtt_clientid_removal_test,no_retention_policy,WARN,"stored=0.00GB, logs never expire ($0.03/GB/mo)",MEDIUM
eu-west-1,cloudwatch_logs,/aws/lambda/apollo-digiperf-api-manual,no_retention_policy,WARN,"stored=0.00GB, logs never expire ($0.03/GB/mo)",MEDIUM
eu-west-1,cloudwatch_logs,/aws/lambda/appstream_scaling_policy,no_retention_policy,WARN,"stored=0.00GB, logs never expire ($0.03/GB/mo)",MEDIUM
eu-west-1,cloudwatch_logs,/aws/lambda/archive-survey-pack,no_retention_policy,WARN,"stored=0.00GB, logs never expire ($0.03/GB/mo)",MEDIUM
eu-west-1,cloudwatch_logs,/aws/lambda/bookmark_compaction_test-lambda,no_retention_policy,WARN,"stored=0.00GB, logs never expire ($0.03/GB/mo)",MEDIUM
eu-west-1,cloudwatch_logs,/aws/lambda/check-secret-value,no_retention_policy,WARN,"stored=0.00GB, logs never expire ($0.03/GB/mo)",MEDIUM
eu-west-1,cloudwatch_logs,/aws/lambda/client_creation_with_lambda,no_retention_policy,WARN,"stored=0.00GB, logs never expire ($0.03/GB/mo)",MEDIUM
eu-west-1,cloudwatch_logs,/aws/lambda/connection_test_RDS,no_retention_policy,WARN,"stored=0.00GB, logs never expire ($0.03/GB/mo)",MEDIUM
eu-west-1,cloudwatch_logs,/aws/lambda/core-monitor-test,no_retention_policy,WARN,"stored=0.00GB, logs never expire ($0.03/GB/mo)",MEDIUM
eu-west-1,cloudwatch_logs,/aws/lambda/core-tls-cert-monitor,no_retention_policy,WARN,"stored=0.00GB, logs never expire ($0.03/GB/mo)",MEDIUM
eu-west-1,cloudwatch_logs,/aws/lambda/crmlesmes-retrieve-files-dev,no_retention_policy,WARN,"stored=0.00GB, logs never expire ($0.03/GB/mo)",MEDIUM
eu-west-1,cloudwatch_logs,/aws/lambda/csec-kubernetes-reader-vpc-082d33a3e7c4656be-ff87157f33,no_retention_policy,WARN,"stored=0.00GB, logs never expire ($0.03/GB/mo)",MEDIUM
eu-west-1,cloudwatch_logs,/aws/lambda/custom-event-bridge-lambda,no_retention_policy,WARN,"stored=0.00GB, logs never expire ($0.03/GB/mo)",MEDIUM
eu-west-1,cloudwatch_logs,/aws/lambda/daas-amakrew,no_retention_policy,WARN,"stored=0.00GB, logs never expire ($0.03/GB/mo)",MEDIUM
eu-west-1,cloudwatch_logs,/aws/lambda/daas-cloudtrail_events-lambda,no_retention_policy,WARN,"stored=0.01GB, logs never expire ($0.03/GB/mo)",MEDIUM
eu-west-1,cloudwatch_logs,/aws/lambda/daas-copy-files-imel,no_retention_policy,WARN,"stored=0.00GB, logs never expire ($0.03/GB/mo)",MEDIUM
eu-west-1,cloudwatch_logs,/aws/lambda/daas-crawler-details-execution-time-function,no_retention_policy,WARN,"stored=0.07GB, logs never expire ($0.03/GB/mo)",MEDIUM
eu-west-1,cloudwatch_logs,/aws/lambda/daas-crawler_logs-organizer-lambda,no_retention_policy,WARN,"stored=0.00GB, logs never expire ($0.03/GB/mo)",MEDIUM
eu-west-1,cloudwatch_logs,/aws/lambda/daas-custom-amcs-event-bridge-function,no_retention_policy,WARN,"stored=0.00GB, logs never expire ($0.03/GB/mo)",MEDIUM
eu-west-1,cloudwatch_logs,/aws/lambda/daas-custom-amcs-event-bridge-function-dev,no_retention_policy,WARN,"stored=0.00GB, logs never expire ($0.03/GB/mo)",MEDIUM
eu-west-1,cloudwatch_logs,/aws/lambda/daas-custom-event-bridge-lambda,no_retention_policy,WARN,"stored=0.00GB, logs never expire ($0.03/GB/mo)",MEDIUM
eu-west-1,cloudwatch_logs,/aws/lambda/daas-custom-imel-event-bridge-lambda,no_retention_policy,WARN,"stored=0.00GB, logs never expire ($0.03/GB/mo)",MEDIUM
eu-west-1,cloudwatch_logs,/aws/lambda/daas-custom-pss-event-bridge-lambda,no_retention_policy,WARN,"stored=0.01GB, logs never expire ($0.03/GB/mo)",MEDIUM
eu-west-1,cloudwatch_logs,/aws/lambda/daas-dqchecks-raw_vs_compacted-dev,no_retention_policy,WARN,"stored=0.00GB, logs never expire ($0.03/GB/mo)",MEDIUM
eu-west-1,cloudwatch_logs,/aws/lambda/daas-el_loading,no_retention_policy,WARN,"stored=0.00GB, logs never expire ($0.03/GB/mo)",MEDIUM
eu-west-1,cloudwatch_logs,/aws/lambda/daas-el_loading-lesmes,no_retention_policy,WARN,"stored=0.00GB, logs never expire ($0.03/GB/mo)",MEDIUM
eu-west-1,cloudwatch_logs,/aws/lambda/daas-el_loading_verification,no_retention_policy,WARN,"stored=0.00GB, logs never expire ($0.03/GB/mo)",MEDIUM
eu-west-1,cloudwatch_logs,/aws/lambda/daas-esight_ingestion-lambda,no_retention_policy,WARN,"stored=0.00GB, logs never expire ($0.03/GB/mo)",MEDIUM
eu-west-1,cloudwatch_logs,/aws/lambda/daas-glue-alert-function,no_retention_policy,WARN,"stored=0.00GB, logs never expire ($0.03/GB/mo)",MEDIUM
eu-west-1,cloudwatch_logs,/aws/lambda/daas-glue-auto-failed-execution,no_retention_policy,WARN,"stored=0.00GB, logs never expire ($0.03/GB/mo)",MEDIUM
eu-west-1,cloudwatch_logs,/aws/lambda/daas-glue-auto-failed-execution-main,no_retention_policy,WARN,"stored=0.00GB, logs never expire ($0.03/GB/mo)",MEDIUM
eu-west-1,cloudwatch_logs,/aws/lambda/daas-glue-auto-failed-execution-main-v2,no_retention_policy,WARN,"stored=0.06GB, logs never expire ($0.03/GB/mo)",MEDIUM
eu-west-1,cloudwatch_logs,/aws/lambda/daas-glue-auto-failed-execution-v2,no_retention_policy,WARN,"stored=0.01GB, logs never expire ($0.03/GB/mo)",MEDIUM
eu-west-1,cloudwatch_logs,/aws/lambda/daas-glue-job-execution-time-functio-manual,no_retention_policy,WARN,"stored=0.09GB, logs never expire ($0.03/GB/mo)",MEDIUM
eu-west-1,cloudwatch_logs,/aws/lambda/daas-glue-job-execution-time-function,no_retention_policy,WARN,"stored=0.14GB, logs never expire ($0.03/GB/mo)",MEDIUM
eu-west-1,cloudwatch_logs,/aws/lambda/daas-imel-event-bridge-lambda,no_retention_policy,WARN,"stored=0.00GB, logs never expire ($0.03/GB/mo)",MEDIUM
eu-west-1,cloudwatch_logs,/aws/lambda/daas-ingestion-crmlesmes-ar30,no_retention_policy,WARN,"stored=0.00GB, logs never expire ($0.03/GB/mo)",MEDIUM
eu-west-1,cloudwatch_logs,/aws/lambda/daas-ingestion-crmlesmes-br40,no_retention_policy,WARN,"stored=0.00GB, logs never expire ($0.03/GB/mo)",MEDIUM
eu-west-1,cloudwatch_logs,/aws/lambda/daas-ingestion-crmlesmes-ca10,no_retention_policy,WARN,"stored=0.00GB, logs never expire ($0.03/GB/mo)",MEDIUM
eu-west-1,cloudwatch_logs,/aws/lambda/daas-ingestion-crmlesmes-cz71,no_retention_policy,WARN,"stored=0.00GB, logs never expire ($0.03/GB/mo)",MEDIUM
eu-west-1,cloudwatch_logs,/aws/lambda/daas-ingestion-crmlesmes-itgf,no_retention_policy,WARN,"stored=0.00GB, logs never expire ($0.03/GB/mo)",MEDIUM
eu-west-1,cloudwatch_logs,/aws/lambda/daas-ingestion-crmlesmes-jo40,no_retention_policy,WARN,"stored=0.00GB, logs never expire ($0.03/GB/mo)",MEDIUM
eu-west-1,cloudwatch_logs,/aws/lambda/daas-ingestion-crmlesmes-lt01,no_retention_policy,WARN,"stored=0.00GB, logs never expire ($0.03/GB/mo)",MEDIUM
eu-west-1,cloudwatch_logs,/aws/lambda/daas-ingestion-crmlesmes-pl02,no_retention_policy,WARN,"stored=0.00GB, logs never expire ($0.03/GB/mo)",MEDIUM
eu-west-1,cloudwatch_logs,/aws/lambda/daas-ingestion-crmlesmes-pt01,no_retention_policy,WARN,"stored=0.00GB, logs never expire ($0.03/GB/mo)",MEDIUM
eu-west-1,cloudwatch_logs,/aws/lambda/daas-job-low-data-alert-test,no_retention_policy,WARN,"stored=0.00GB, logs never expire ($0.03/GB/mo)",MEDIUM
eu-west-1,cloudwatch_logs,/aws/lambda/daas-job_logs-exceptions-lambda,no_retention_policy,WARN,"stored=0.01GB, logs never expire ($0.03/GB/mo)",MEDIUM
eu-west-1,cloudwatch_logs,/aws/lambda/daas-job_logs-organizer-lambda,no_retention_policy,WARN,"stored=0.03GB, logs never expire ($0.03/GB/mo)",MEDIUM
eu-west-1,cloudwatch_logs,/aws/lambda/daas-logs_exporter-lambda,no_retention_policy,WARN,"stored=0.00GB, logs never expire ($0.03/GB/mo)",MEDIUM
eu-west-1,cloudwatch_logs,/aws/lambda/daas-odl_files_enrichment-lambda,no_retention_policy,WARN,"stored=2.76GB, logs never expire ($0.03/GB/mo)",MEDIUM
eu-west-1,cloudwatch_logs,/aws/lambda/daas-odl_jobs_enrichment-lambda,no_retention_policy,WARN,"stored=0.03GB, logs never expire ($0.03/GB/mo)",MEDIUM
eu-west-1,cloudwatch_logs,/aws/lambda/daas-on-demand-ingestion-Lambda1-iGCoSyGOJ0fj,no_retention_policy,WARN,"stored=0.00GB, logs never expire ($0.03/GB/mo)",MEDIUM
eu-west-1,cloudwatch_logs,/aws/lambda/daas-on-demand-ingestion-Lambda2-70VKfEo6jCsA,no_retention_policy,WARN,"stored=0.00GB, logs never expire ($0.03/GB/mo)",MEDIUM
eu-west-1,cloudwatch_logs,/aws/lambda/daas-on-demand-ingestion-Lambda2-7rNO8JCaKkAt,no_retention_policy,WARN,"stored=0.00GB, logs never expire ($0.03/GB/mo)",MEDIUM
eu-west-1,cloudwatch_logs,/aws/lambda/daas-on-demand-ingestion-Lambda2-sBnu9XFbrSaQ,no_retention_policy,WARN,"stored=0.00GB, logs never expire ($0.03/GB/mo)",MEDIUM
eu-west-1,cloudwatch_logs,/aws/lambda/daas-on-demand-ingestion-lambda1,no_retention_policy,WARN,"stored=0.00GB, logs never expire ($0.03/GB/mo)",MEDIUM
eu-west-1,cloudwatch_logs,/aws/lambda/daas-on-demand-ingestion-lambda2,no_retention_policy,WARN,"stored=0.00GB, logs never expire ($0.03/GB/mo)",MEDIUM
eu-west-1,cloudwatch_logs,/aws/lambda/daas-opsgenie-integration-with-glue-Jobs-lambda,no_retention_policy,WARN,"stored=0.08GB, logs never expire ($0.03/GB/mo)",MEDIUM
eu-west-1,cloudwatch_logs,/aws/lambda/daas-patty-set-job-execution,no_retention_policy,WARN,"stored=0.00GB, logs never expire ($0.03/GB/mo)",MEDIUM
eu-west-1,cloudwatch_logs,/aws/lambda/daas-poc-copy-from-sf-to-s3,no_retention_policy,WARN,"stored=0.00GB, logs never expire ($0.03/GB/mo)",MEDIUM
eu-west-1,cloudwatch_logs,/aws/lambda/daas-proxima-sp-ingest-lambda,no_retention_policy,WARN,"stored=0.00GB, logs never expire ($0.03/GB/mo)",MEDIUM
eu-west-1,cloudwatch_logs,/aws/lambda/daas-proxima_l1_annualized_kpis-lambda,no_retention_policy,WARN,"stored=0.00GB, logs never expire ($0.03/GB/mo)",MEDIUM
eu-west-1,cloudwatch_logs,/aws/lambda/daas-rds-creds-rotator,no_retention_policy,WARN,"stored=0.00GB, logs never expire ($0.03/GB/mo)",MEDIUM
eu-west-1,cloudwatch_logs,/aws/lambda/daas-reconciliation-alert-dev,no_retention_policy,WARN,"stored=0.00GB, logs never expire ($0.03/GB/mo)",MEDIUM
eu-west-1,cloudwatch_logs,/aws/lambda/daas-reconciliation-compacted-count-dev,no_retention_policy,WARN,"stored=0.01GB, logs never expire ($0.03/GB/mo)",MEDIUM
eu-west-1,cloudwatch_logs,/aws/lambda/daas-reconciliation-compacted-dev,no_retention_policy,WARN,"stored=0.00GB, logs never expire ($0.03/GB/mo)",MEDIUM
eu-west-1,cloudwatch_logs,/aws/lambda/daas-reconciliation-dev,no_retention_policy,WARN,"stored=0.00GB, logs never expire ($0.03/GB/mo)",MEDIUM
eu-west-1,cloudwatch_logs,/aws/lambda/daas-reconciliation-el-loading-count-dev,no_retention_policy,WARN,"stored=0.00GB, logs never expire ($0.03/GB/mo)",MEDIUM
eu-west-1,cloudwatch_logs,/aws/lambda/daas-reconciliation-el-loadingdev,no_retention_policy,WARN,"stored=0.00GB, logs never expire ($0.03/GB/mo)",MEDIUM
eu-west-1,cloudwatch_logs,/aws/lambda/daas-reconciliation-raw-count-dev,no_retention_policy,WARN,"stored=0.00GB, logs never expire ($0.03/GB/mo)",MEDIUM
eu-west-1,cloudwatch_logs,/aws/lambda/daas-reconciliation-source-count-dev,no_retention_policy,WARN,"stored=0.00GB, logs never expire ($0.03/GB/mo)",MEDIUM
eu-west-1,cloudwatch_logs,/aws/lambda/daas-reconciliation-source-dev,no_retention_policy,WARN,"stored=0.00GB, logs never expire ($0.03/GB/mo)",MEDIUM
eu-west-1,cloudwatch_logs,/aws/lambda/daas-register-source-system,no_retention_policy,WARN,"stored=0.00GB, logs never expire ($0.03/GB/mo)",MEDIUM
eu-west-1,cloudwatch_logs,/aws/lambda/daas-rename-file-test,no_retention_policy,WARN,"stored=0.00GB, logs never expire ($0.03/GB/mo)",MEDIUM
eu-west-1,cloudwatch_logs,/aws/lambda/daas-s3-file-move,no_retention_policy,WARN,"stored=0.00GB, logs never expire ($0.03/GB/mo)",MEDIUM
eu-west-1,cloudwatch_logs,/aws/lambda/daas-s3-raw-file-date,no_retention_policy,WARN,"stored=0.01GB, logs never expire ($0.03/GB/mo)",MEDIUM
eu-west-1,cloudwatch_logs,/aws/lambda/daas-sapp1-ingestion-lambda,no_retention_policy,WARN,"stored=0.00GB, logs never expire ($0.03/GB/mo)",MEDIUM
eu-west-1,cloudwatch_logs,/aws/lambda/daas-schema_tracker-lambda_function,no_retention_policy,WARN,"stored=0.02GB, logs never expire ($0.03/GB/mo)",MEDIUM
eu-west-1,cloudwatch_logs,/aws/lambda/daas-to_be_compacted-lambda,no_retention_policy,WARN,"stored=0.00GB, logs never expire ($0.03/GB/mo)",MEDIUM
eu-west-1,cloudwatch_logs,/aws/lambda/daas-to_be_compacted-lambda-ac,no_retention_policy,WARN,"stored=0.00GB, logs never expire ($0.03/GB/mo)",MEDIUM
eu-west-1,cloudwatch_logs,/aws/lambda/daas-trigger-kpi-target-loading,no_retention_policy,WARN,"stored=0.00GB, logs never expire ($0.03/GB/mo)",MEDIUM
eu-west-1,cloudwatch_logs,/aws/lambda/daas_glue_job_get_schedule,no_retention_policy,WARN,"stored=0.00GB, logs never expire ($0.03/GB/mo)",MEDIUM
eu-west-1,cloudwatch_logs,/aws/lambda/daas_poc_sqs_events,no_retention_policy,WARN,"stored=0.00GB, logs never expire ($0.03/GB/mo)",MEDIUM
eu-west-1,cloudwatch_logs,/aws/lambda/daas_pyodbc_test,no_retention_policy,WARN,"stored=0.00GB, logs never expire ($0.03/GB/mo)",MEDIUM
eu-west-1,cloudwatch_logs,/aws/lambda/daas_register_source_system,no_retention_policy,WARN,"stored=0.00GB, logs never expire ($0.03/GB/mo)",MEDIUM
eu-west-1,cloudwatch_logs,/aws/lambda/daas_test_awswrangler,no_retention_policy,WARN,"stored=0.00GB, logs never expire ($0.03/GB/mo)",MEDIUM
eu-west-1,cloudwatch_logs,/aws/lambda/daas_test_cache,no_retention_policy,WARN,"stored=0.00GB, logs never expire ($0.03/GB/mo)",MEDIUM
eu-west-1,cloudwatch_logs,/aws/lambda/daylight_saving_time_switch,no_retention_policy,WARN,"stored=0.00GB, logs never expire ($0.03/GB/mo)",MEDIUM
eu-west-1,cloudwatch_logs,/aws/lambda/daylight_saving_time_switch_APIGatewayAWS,no_retention_policy,WARN,"stored=0.00GB, logs never expire ($0.03/GB/mo)",MEDIUM
eu-west-1,cloudwatch_logs,/aws/lambda/dboTblCfgIpcParametersConfig,no_retention_policy,WARN,"stored=0.00GB, logs never expire ($0.03/GB/mo)",MEDIUM
eu-west-1,cloudwatch_logs,/aws/lambda/ddb-to-es-lamba-function,no_retention_policy,WARN,"stored=0.00GB, logs never expire ($0.03/GB/mo)",MEDIUM
eu-west-1,cloudwatch_logs,/aws/lambda/deep-appstream-scaling-policy,no_retention_policy,WARN,"stored=0.00GB, logs never expire ($0.03/GB/mo)",MEDIUM
eu-west-1,cloudwatch_logs,/aws/lambda/delete-old-ebs-snapshots,no_retention_policy,WARN,"stored=0.00GB, logs never expire ($0.03/GB/mo)",MEDIUM
eu-west-1,cloudwatch_logs,/aws/lambda/delete_ebs_volumens_ic-data,no_retention_policy,WARN,"stored=0.00GB, logs never expire ($0.03/GB/mo)",MEDIUM
eu-west-1,cloudwatch_logs,/aws/lambda/delete_ebs_volumens_ic_data,no_retention_policy,WARN,"stored=0.00GB, logs never expire ($0.03/GB/mo)",MEDIUM
eu-west-1,cloudwatch_logs,/aws/lambda/delete_ebs_volumens_ic_data-dev,no_retention_policy,WARN,"stored=0.00GB, logs never expire ($0.03/GB/mo)",MEDIUM
eu-west-1,cloudwatch_logs,/aws/lambda/dev-glue-compaction-handler,no_retention_policy,WARN,"stored=0.00GB, logs never expire ($0.03/GB/mo)",MEDIUM
eu-west-1,cloudwatch_logs,/aws/lambda/digiperfTest,no_retention_policy,WARN,"stored=0.00GB, logs never expire ($0.03/GB/mo)",MEDIUM
eu-west-1,cloudwatch_logs,/aws/lambda/digiperf_test,no_retention_policy,WARN,"stored=0.00GB, logs never expire ($0.03/GB/mo)",MEDIUM
eu-west-1,cloudwatch_logs,/aws/lambda/edge-report-processor,no_retention_policy,WARN,"stored=0.00GB, logs never expire ($0.03/GB/mo)",MEDIUM
eu-west-1,cloudwatch_logs,/aws/lambda/eks-ng-scale-down-icloud-dev-lambda,no_retention_policy,WARN,"stored=0.00GB, logs never expire ($0.03/GB/mo)",MEDIUM
eu-west-1,cloudwatch_logs,/aws/lambda/eks-ng-scale-up-icloud-dev-lambda,no_retention_policy,WARN,"stored=0.00GB, logs never expire ($0.03/GB/mo)",MEDIUM
eu-west-1,cloudwatch_logs,/aws/lambda/el_list_objects-lambda,no_retention_policy,WARN,"stored=0.00GB, logs never expire ($0.03/GB/mo)",MEDIUM
eu-west-1,cloudwatch_logs,/aws/lambda/event_observer,no_retention_policy,WARN,"stored=0.00GB, logs never expire ($0.03/GB/mo)",MEDIUM
eu-west-1,cloudwatch_logs,/aws/lambda/eventbridge-test,no_retention_policy,WARN,"stored=0.01GB, logs never expire ($0.03/GB/mo)",MEDIUM
eu-west-1,cloudwatch_logs,/aws/lambda/gandhi-daas-odl-check,no_retention_policy,WARN,"stored=0.00GB, logs never expire ($0.03/GB/mo)",MEDIUM
eu-west-1,cloudwatch_logs,/aws/lambda/gemt-ssis-errormanager,no_retention_policy,WARN,"stored=0.02GB, logs never expire ($0.03/GB/mo)",MEDIUM
eu-west-1,cloudwatch_logs,/aws/lambda/gemt-ssis-errormanager-deleteme,no_retention_policy,WARN,"stored=0.00GB, logs never expire ($0.03/GB/mo)",MEDIUM
eu-west-1,cloudwatch_logs,/aws/lambda/gemt-ssis-etl,no_retention_policy,WARN,"stored=0.06GB, logs never expire ($0.03/GB/mo)",MEDIUM
eu-west-1,cloudwatch_logs,/aws/lambda/gemt-ssis-etl-deleteme,no_retention_policy,WARN,"stored=0.00GB, logs never expire ($0.03/GB/mo)",MEDIUM
eu-west-1,cloudwatch_logs,/aws/lambda/generate_basic_auth,no_retention_policy,WARN,"stored=0.00GB, logs never expire ($0.03/GB/mo)",MEDIUM
eu-west-1,cloudwatch_logs,/aws/lambda/generate_digiperf_dates,no_retention_policy,WARN,"stored=0.00GB, logs never expire ($0.03/GB/mo)",MEDIUM
eu-west-1,cloudwatch_logs,/aws/lambda/georadius-checker,no_retention_policy,WARN,"stored=0.00GB, logs never expire ($0.03/GB/mo)",MEDIUM
eu-west-1,cloudwatch_logs,/aws/lambda/glue-failure-alert-handler,no_retention_policy,WARN,"stored=0.00GB, logs never expire ($0.03/GB/mo)",MEDIUM
eu-west-1,cloudwatch_logs,/aws/lambda/glue-failure-alert-lambda,no_retention_policy,WARN,"stored=0.00GB, logs never expire ($0.03/GB/mo)",MEDIUM
eu-west-1,cloudwatch_logs,/aws/lambda/glue-long-running-alert,no_retention_policy,WARN,"stored=0.00GB, logs never expire ($0.03/GB/mo)",MEDIUM
eu-west-1,cloudwatch_logs,/aws/lambda/glue-trigger-odl-pipeline,no_retention_policy,WARN,"stored=0.00GB, logs never expire ($0.03/GB/mo)",MEDIUM
eu-west-1,cloudwatch_logs,/aws/lambda/glue-trigger-odl-pipeline-dev,no_retention_policy,WARN,"stored=0.00GB, logs never expire ($0.03/GB/mo)",MEDIUM
eu-west-1,cloudwatch_logs,/aws/lambda/glue-trigger-odl-product,no_retention_policy,WARN,"stored=0.00GB, logs never expire ($0.03/GB/mo)",MEDIUM
eu-west-1,cloudwatch_logs,/aws/lambda/go-lambda-poc,no_retention_policy,WARN,"stored=0.00GB, logs never expire ($0.03/GB/mo)",MEDIUM
eu-west-1,cloudwatch_logs,/aws/lambda/greenup-email-notification-function,no_retention_policy,WARN,"stored=0.00GB, logs never expire ($0.03/GB/mo)",MEDIUM
eu-west-1,cloudwatch_logs,/aws/lambda/greenup-smartu-dev-ingestion,no_retention_policy,WARN,"stored=15.15GB, logs never expire ($0.03/GB/mo)",MEDIUM
eu-west-1,cloudwatch_logs,/aws/lambda/greenup-uad-dev-check-interval,no_retention_policy,WARN,"stored=0.00GB, logs never expire ($0.03/GB/mo)",MEDIUM
eu-west-1,cloudwatch_logs,/aws/lambda/greenup-uad-dev-email,no_retention_policy,WARN,"stored=0.00GB, logs never expire ($0.03/GB/mo)",MEDIUM
eu-west-1,cloudwatch_logs,/aws/lambda/greenup-uad-dev-inference-notification,no_retention_policy,WARN,"stored=0.06GB, logs never expire ($0.03/GB/mo)",MEDIUM
eu-west-1,cloudwatch_logs,/aws/lambda/hc-vault-test,no_retention_policy,WARN,"stored=0.00GB, logs never expire ($0.03/GB/mo)",MEDIUM
eu-west-1,cloudwatch_logs,/aws/lambda/http_lambda_1,no_retention_policy,WARN,"stored=0.00GB, logs never expire ($0.03/GB/mo)",MEDIUM
eu-west-1,cloudwatch_logs,/aws/lambda/iam-access-inactive-keys-deletion,no_retention_policy,WARN,"stored=0.00GB, logs never expire ($0.03/GB/mo)",MEDIUM
eu-west-1,cloudwatch_logs,/aws/lambda/iam-key-rotation-dev,no_retention_policy,WARN,"stored=0.00GB, logs never expire ($0.03/GB/mo)",MEDIUM
eu-west-1,cloudwatch_logs,/aws/lambda/iam-key-rotation-lambda-dev,no_retention_policy,WARN,"stored=0.00GB, logs never expire ($0.03/GB/mo)",MEDIUM
eu-west-1,cloudwatch_logs,/aws/lambda/iam_user_access_rotation,no_retention_policy,WARN,"stored=0.00GB, logs never expire ($0.03/GB/mo)",MEDIUM
eu-west-1,cloudwatch_logs,/aws/lambda/iam_user_access_rotation_test,no_retention_policy,WARN,"stored=0.00GB, logs never expire ($0.03/GB/mo)",MEDIUM
eu-west-1,cloudwatch_logs,/aws/lambda/iams-auth-error-notification,no_retention_policy,WARN,"stored=0.00GB, logs never expire ($0.03/GB/mo)",MEDIUM
eu-west-1,cloudwatch_logs,/aws/lambda/ic-awacs-portal-be-email-lambda,no_retention_policy,WARN,"stored=0.01GB, logs never expire ($0.03/GB/mo)",MEDIUM
eu-west-1,cloudwatch_logs,/aws/lambda/ic-awacs-portal-be-lambda-email,no_retention_policy,WARN,"stored=0.00GB, logs never expire ($0.03/GB/mo)",MEDIUM
eu-west-1,cloudwatch_logs,/aws/lambda/ic-go-poc,no_retention_policy,WARN,"stored=0.00GB, logs never expire ($0.03/GB/mo)",MEDIUM
eu-west-1,cloudwatch_logs,/aws/lambda/ic-pdm-chunk-combiner-data-keys,no_retention_policy,WARN,"stored=0.00GB, logs never expire ($0.03/GB/mo)",MEDIUM
eu-west-1,cloudwatch_logs,/aws/lambda/ic-pdm-drift-score-dynamodb-test,no_retention_policy,WARN,"stored=0.00GB, logs never expire ($0.03/GB/mo)",MEDIUM
eu-west-1,cloudwatch_logs,/aws/lambda/ic-pdm-example-model-training,no_retention_policy,WARN,"stored=0.00GB, logs never expire ($0.03/GB/mo)",MEDIUM
eu-west-1,cloudwatch_logs,/aws/lambda/ic-pdm-gd-combiner-data-transformer-test,no_retention_policy,WARN,"stored=0.00GB, logs never expire ($0.03/GB/mo)",MEDIUM
eu-west-1,cloudwatch_logs,/aws/lambda/ic-pdm-gd-combiner-data-upload-test,no_retention_policy,WARN,"stored=0.00GB, logs never expire ($0.03/GB/mo)",MEDIUM
eu-west-1,cloudwatch_logs,/aws/lambda/ic-pdm-gd-combiner-events-transformer-test,no_retention_policy,WARN,"stored=0.00GB, logs never expire ($0.03/GB/mo)",MEDIUM
eu-west-1,cloudwatch_logs,/aws/lambda/ic-pdm-gd-combiner-events-upload-test,no_retention_policy,WARN,"stored=0.00GB, logs never expire ($0.03/GB/mo)",MEDIUM
eu-west-1,cloudwatch_logs,/aws/lambda/ic-pdm-gd-fetch-s3-items-test,no_retention_policy,WARN,"stored=0.00GB, logs never expire ($0.03/GB/mo)",MEDIUM
eu-west-1,cloudwatch_logs,/aws/lambda/ic-pdm-gd-list-keys-test,no_retention_policy,WARN,"stored=0.00GB, logs never expire ($0.03/GB/mo)",MEDIUM
eu-west-1,cloudwatch_logs,/aws/lambda/ic-pdm-gd-remove-combiner-data-from-dynamodb-test,no_retention_policy,WARN,"stored=0.00GB, logs never expire ($0.03/GB/mo)",MEDIUM
eu-west-1,cloudwatch_logs,/aws/lambda/ic-pdm-gd-split-s3-keys-by-data-and-events-test,no_retention_policy,WARN,"stored=0.00GB, logs never expire ($0.03/GB/mo)",MEDIUM
eu-west-1,cloudwatch_logs,/aws/lambda/ic-pdm-primary-create-endpoint,no_retention_policy,WARN,"stored=0.00GB, logs never expire ($0.03/GB/mo)",MEDIUM
eu-west-1,cloudwatch_logs,/aws/lambda/ic-pdm-primary-training,no_retention_policy,WARN,"stored=0.00GB, logs never expire ($0.03/GB/mo)",MEDIUM
eu-west-1,cloudwatch_logs,/aws/lambda/ic-pdm-secondary-training,no_retention_policy,WARN,"stored=0.00GB, logs never expire ($0.03/GB/mo)",MEDIUM
eu-west-1,cloudwatch_logs,/aws/lambda/ic-pge-test-migration-ecr,no_retention_policy,WARN,"stored=0.00GB, logs never expire ($0.03/GB/mo)",MEDIUM
eu-west-1,cloudwatch_logs,/aws/lambda/ic-ssp-if-act-001-diiot-ssp-1,no_retention_policy,WARN,"stored=0.00GB, logs never expire ($0.03/GB/mo)",MEDIUM
eu-west-1,cloudwatch_logs,/aws/lambda/ic-ssp-if-act-006-diiot-ssp-1,no_retention_policy,WARN,"stored=0.00GB, logs never expire ($0.03/GB/mo)",MEDIUM
eu-west-1,cloudwatch_logs,/aws/lambda/ic-ssp-if-act-012-diiot-ssp-1,no_retention_policy,WARN,"stored=0.00GB, logs never expire ($0.03/GB/mo)",MEDIUM
eu-west-1,cloudwatch_logs,/aws/lambda/ic-ssp-if-act-016-diiot-ssp-1,no_retention_policy,WARN,"stored=0.00GB, logs never expire ($0.03/GB/mo)",MEDIUM
eu-west-1,cloudwatch_logs,/aws/lambda/ic-ssp-if-act-024-diiot-ssp-1,no_retention_policy,WARN,"stored=0.00GB, logs never expire ($0.03/GB/mo)",MEDIUM
eu-west-1,cloudwatch_logs,/aws/lambda/ic-ssp-if-act-028-diiot-ssp-1,no_retention_policy,WARN,"stored=0.00GB, logs never expire ($0.03/GB/mo)",MEDIUM
eu-west-1,cloudwatch_logs,/aws/lambda/ic-ssp-if-act-actuals-diiot-ssp-1,no_retention_policy,WARN,"stored=0.00GB, logs never expire ($0.03/GB/mo)",MEDIUM
eu-west-1,cloudwatch_logs,/aws/lambda/ic-ssp-if-act-start-diiot-ssp-1,no_retention_policy,WARN,"stored=0.00GB, logs never expire ($0.03/GB/mo)",MEDIUM
eu-west-1,cloudwatch_logs,/aws/lambda/ic-ssp-if-act-start-lambda-test,no_retention_policy,WARN,"stored=0.00GB, logs never expire ($0.03/GB/mo)",MEDIUM
eu-west-1,cloudwatch_logs,/aws/lambda/ic-ssp-if-act-stop-diiot-ssp-1,no_retention_policy,WARN,"stored=0.00GB, logs never expire ($0.03/GB/mo)",MEDIUM
eu-west-1,cloudwatch_logs,/aws/lambda/ic-ssp-if-data-handler-diiot-ssp-1,no_retention_policy,WARN,"stored=0.00GB, logs never expire ($0.03/GB/mo)",MEDIUM
eu-west-1,cloudwatch_logs,/aws/lambda/icif_password_rotation_poc_function,no_retention_policy,WARN,"stored=0.00GB, logs never expire ($0.03/GB/mo)",MEDIUM
eu-west-1,cloudwatch_logs,/aws/lambda/icloud-ing-sm-kpi-gluejob-lambda-gr70-dev,no_retention_policy,WARN,"stored=0.00GB, logs never expire ($0.03/GB/mo)",MEDIUM
eu-west-1,cloudwatch_logs,/aws/lambda/icloud-ing-sm-kpi-gluejob-lambda-itgf-dev,no_retention_policy,WARN,"stored=0.00GB, logs never expire ($0.03/GB/mo)",MEDIUM
eu-west-1,cloudwatch_logs,/aws/lambda/icloud-ing-sm-kpi-gluejob-lambda-ro70-dev,no_retention_policy,WARN,"stored=0.00GB, logs never expire ($0.03/GB/mo)",MEDIUM
eu-west-1,cloudwatch_logs,/aws/lambda/icloud-ingestion-lambda-speedmanagement-itgf-dev,no_retention_policy,WARN,"stored=0.00GB, logs never expire ($0.03/GB/mo)",MEDIUM
eu-west-1,cloudwatch_logs,/aws/lambda/icloud-ingestion-lambda-speedmanagement-ro70-dev,no_retention_policy,WARN,"stored=0.00GB, logs never expire ($0.03/GB/mo)",MEDIUM
eu-west-1,cloudwatch_logs,/aws/lambda/ids-tls-cert-expiry-monitor,no_retention_policy,WARN,"stored=0.00GB, logs never expire ($0.03/GB/mo)",MEDIUM
eu-west-1,cloudwatch_logs,/aws/lambda/iiot-cost-tag-poc,no_retention_policy,WARN,"stored=4.11GB, logs never expire ($0.03/GB/mo)",MEDIUM
eu-west-1,cloudwatch_logs,/aws/lambda/iiot-ic-if-lambda-act-024_test,no_retention_policy,WARN,"stored=0.00GB, logs never expire ($0.03/GB/mo)",MEDIUM
eu-west-1,cloudwatch_logs,/aws/lambda/iiot-ic-if-lambda-act-actuals_test,no_retention_policy,WARN,"stored=0.00GB, logs never expire ($0.03/GB/mo)",MEDIUM
eu-west-1,cloudwatch_logs,/aws/lambda/iiot-ic-ssp-if-lambda-act-012_code,no_retention_policy,WARN,"stored=0.00GB, logs never expire ($0.03/GB/mo)",MEDIUM
eu-west-1,cloudwatch_logs,/aws/lambda/iitops-ic-cogm-machine-data-aggregation,no_retention_policy,WARN,"stored=0.00GB, logs never expire ($0.03/GB/mo)",MEDIUM
eu-west-1,cloudwatch_logs,/aws/lambda/integra-iams-aucobo-auth-status,no_retention_policy,WARN,"stored=4.43GB, logs never expire ($0.03/GB/mo)",MEDIUM
eu-west-1,cloudwatch_logs,/aws/lambda/integra-iams-aucobo-auth-status-ru04,no_retention_policy,WARN,"stored=0.00GB, logs never expire ($0.03/GB/mo)",MEDIUM
eu-west-1,cloudwatch_logs,/aws/lambda/kinesis-lambda-poc,no_retention_policy,WARN,"stored=0.00GB, logs never expire ($0.03/GB/mo)",MEDIUM
eu-west-1,cloudwatch_logs,/aws/lambda/kinesis-lambda-test,no_retention_policy,WARN,"stored=0.00GB, logs never expire ($0.03/GB/mo)",MEDIUM
eu-west-1,cloudwatch_logs,/aws/lambda/kinesis_secondary_cc_data_transformation,no_retention_policy,WARN,"stored=0.01GB, logs never expire ($0.03/GB/mo)",MEDIUM
eu-west-1,cloudwatch_logs,/aws/lambda/kinesis_sensor_data_transformation,no_retention_policy,WARN,"stored=0.00GB, logs never expire ($0.03/GB/mo)",MEDIUM
eu-west-1,cloudwatch_logs,/aws/lambda/lambda-kinesis-consumer,no_retention_policy,WARN,"stored=0.01GB, logs never expire ($0.03/GB/mo)",MEDIUM
eu-west-1,cloudwatch_logs,/aws/lambda/lambda_test_master,no_retention_policy,WARN,"stored=0.00GB, logs never expire ($0.03/GB/mo)",MEDIUM
eu-west-1,cloudwatch_logs,/aws/lambda/latest-launch-template-ami-notification-function,no_retention_policy,WARN,"stored=0.01GB, logs never expire ($0.03/GB/mo)",MEDIUM
eu-west-1,cloudwatch_logs,/aws/lambda/lnowak7-digi,no_retention_policy,WARN,"stored=0.00GB, logs never expire ($0.03/GB/mo)",MEDIUM
eu-west-1,cloudwatch_logs,/aws/lambda/lnowak7-digi-test,no_retention_policy,WARN,"stored=0.00GB, logs never expire ($0.03/GB/mo)",MEDIUM
eu-west-1,cloudwatch_logs,/aws/lambda/lok-raw-ingest-function,no_retention_policy,WARN,"stored=0.00GB, logs never expire ($0.03/GB/mo)",MEDIUM
eu-west-1,cloudwatch_logs,/aws/lambda/mgolczyk-ic-awacs-portal-be-lambda-email,no_retention_policy,WARN,"stored=0.00GB, logs never expire ($0.03/GB/mo)",MEDIUM
eu-west-1,cloudwatch_logs,/aws/lambda/mgolczyk-password-autorotation,no_retention_policy,WARN,"stored=0.00GB, logs never expire ($0.03/GB/mo)",MEDIUM
eu-west-1,cloudwatch_logs,/aws/lambda/mgolczyk_display_test_1,no_retention_policy,WARN,"stored=0.00GB, logs never expire ($0.03/GB/mo)",MEDIUM
eu-west-1,cloudwatch_logs,/aws/lambda/mgolczyk_display_test_2,no_retention_policy,WARN,"stored=0.00GB, logs never expire ($0.03/GB/mo)",MEDIUM
eu-west-1,cloudwatch_logs,/aws/lambda/mgolczyk_test,no_retention_policy,WARN,"stored=0.00GB, logs never expire ($0.03/GB/mo)",MEDIUM
eu-west-1,cloudwatch_logs,/aws/lambda/moving_lambda-lambda,no_retention_policy,WARN,"stored=0.00GB, logs never expire ($0.03/GB/mo)",MEDIUM
eu-west-1,cloudwatch_logs,/aws/lambda/mso-dsfts-rod-break,no_retention_policy,WARN,"stored=0.01GB, logs never expire ($0.03/GB/mo)",MEDIUM
eu-west-1,cloudwatch_logs,/aws/lambda/mso-dsfts-test,no_retention_policy,WARN,"stored=0.00GB, logs never expire ($0.03/GB/mo)",MEDIUM
eu-west-1,cloudwatch_logs,/aws/lambda/msodsts-rod-break,no_retention_policy,WARN,"stored=2.68GB, logs never expire ($0.03/GB/mo)",MEDIUM
eu-west-1,cloudwatch_logs,/aws/lambda/msodsts-rodbreak-lambda,no_retention_policy,WARN,"stored=0.00GB, logs never expire ($0.03/GB/mo)",MEDIUM
eu-west-1,cloudwatch_logs,/aws/lambda/msokm_baseline_csv_generation,no_retention_policy,WARN,"stored=0.00GB, logs never expire ($0.03/GB/mo)",MEDIUM
eu-west-1,cloudwatch_logs,/aws/lambda/msokm_baseline_test,no_retention_policy,WARN,"stored=0.00GB, logs never expire ($0.03/GB/mo)",MEDIUM
eu-west-1,cloudwatch_logs,/aws/lambda/nxt-invoke-drift-manual,no_retention_policy,WARN,"stored=0.00GB, logs never expire ($0.03/GB/mo)",MEDIUM
eu-west-1,cloudwatch_logs,/aws/lambda/nxt_f3pa_sns_test,no_retention_policy,WARN,"stored=0.00GB, logs never expire ($0.03/GB/mo)",MEDIUM
eu-west-1,cloudwatch_logs,/aws/lambda/odlParameterTargetValueLoader,no_retention_policy,WARN,"stored=0.00GB, logs never expire ($0.03/GB/mo)",MEDIUM
eu-west-1,cloudwatch_logs,/aws/lambda/opsdi-slc-dev-orchestrator-agent,no_retention_policy,WARN,"stored=0.00GB, logs never expire ($0.03/GB/mo)",MEDIUM
eu-west-1,cloudwatch_logs,/aws/lambda/opsdi-slc-dev-process-documents,no_retention_policy,WARN,"stored=0.02GB, logs never expire ($0.03/GB/mo)",MEDIUM
eu-west-1,cloudwatch_logs,/aws/lambda/parquet_reader,no_retention_policy,WARN,"stored=0.00GB, logs never expire ($0.03/GB/mo)",MEDIUM
eu-west-1,cloudwatch_logs,/aws/lambda/pdm-gd-to-db-test,no_retention_policy,WARN,"stored=0.39GB, logs never expire ($0.03/GB/mo)",MEDIUM
eu-west-1,cloudwatch_logs,/aws/lambda/pdm-influx-historian-descriptors-dynamodb,no_retention_policy,WARN,"stored=0.00GB, logs never expire ($0.03/GB/mo)",MEDIUM
eu-west-1,cloudwatch_logs,/aws/lambda/pdm-influx-historian-dynamodb,no_retention_policy,WARN,"stored=0.00GB, logs never expire ($0.03/GB/mo)",MEDIUM
eu-west-1,cloudwatch_logs,/aws/lambda/pdm-insert-update-dashboards,no_retention_policy,WARN,"stored=0.00GB, logs never expire ($0.03/GB/mo)",MEDIUM
eu-west-1,cloudwatch_logs,/aws/lambda/pdm-primary-test-dachi-motorspeed,no_retention_policy,WARN,"stored=0.00GB, logs never expire ($0.03/GB/mo)",MEDIUM
eu-west-1,cloudwatch_logs,/aws/lambda/pdm-rd-primary-sagemaker-inference-test,no_retention_policy,WARN,"stored=0.01GB, logs never expire ($0.03/GB/mo)",MEDIUM
eu-west-1,cloudwatch_logs,/aws/lambda/pdm-scan-test,no_retention_policy,WARN,"stored=0.04GB, logs never expire ($0.03/GB/mo)",MEDIUM
eu-west-1,cloudwatch_logs,/aws/lambda/pdm-test-dachi-alert-combiner,no_retention_policy,WARN,"stored=0.00GB, logs never expire ($0.03/GB/mo)",MEDIUM
eu-west-1,cloudwatch_logs,/aws/lambda/pdm-threshold-proc-job-test,no_retention_policy,WARN,"stored=0.00GB, logs never expire ($0.03/GB/mo)",MEDIUM
eu-west-1,cloudwatch_logs,/aws/lambda/pdm_rotate_test,no_retention_policy,WARN,"stored=0.00GB, logs never expire ($0.03/GB/mo)",MEDIUM
eu-west-1,cloudwatch_logs,/aws/lambda/pdm_sns_message_function,no_retention_policy,WARN,"stored=0.00GB, logs never expire ($0.03/GB/mo)",MEDIUM
eu-west-1,cloudwatch_logs,/aws/lambda/pdm_subscription_test,no_retention_policy,WARN,"stored=0.00GB, logs never expire ($0.03/GB/mo)",MEDIUM
eu-west-1,cloudwatch_logs,/aws/lambda/pg_daasodl,no_retention_policy,WARN,"stored=0.01GB, logs never expire ($0.03/GB/mo)",MEDIUM
eu-west-1,cloudwatch_logs,/aws/lambda/pg_digiperf,no_retention_policy,WARN,"stored=0.00GB, logs never expire ($0.03/GB/mo)",MEDIUM
eu-west-1,cloudwatch_logs,/aws/lambda/pipe-daas-rds-test,no_retention_policy,WARN,"stored=0.00GB, logs never expire ($0.03/GB/mo)",MEDIUM
eu-west-1,cloudwatch_logs,/aws/lambda/pipe-el-imel-itgf-dev,no_retention_policy,WARN,"stored=0.00GB, logs never expire ($0.03/GB/mo)",MEDIUM
eu-west-1,cloudwatch_logs,/aws/lambda/pipe-el-lesmes-tr03-dev,no_retention_policy,WARN,"stored=0.00GB, logs never expire ($0.03/GB/mo)",MEDIUM
eu-west-1,cloudwatch_logs,/aws/lambda/pipe-el-lesmes-tr03-odl-dev,no_retention_policy,WARN,"stored=0.00GB, logs never expire ($0.03/GB/mo)",MEDIUM
eu-west-1,cloudwatch_logs,/aws/lambda/pipe-el-lesmes-tr03-rawLoader-dev,no_retention_policy,WARN,"stored=0.00GB, logs never expire ($0.03/GB/mo)",MEDIUM
eu-west-1,cloudwatch_logs,/aws/lambda/pipe-el-lesmes-tr03-schemaLoader-dev,no_retention_policy,WARN,"stored=0.00GB, logs never expire ($0.03/GB/mo)",MEDIUM
eu-west-1,cloudwatch_logs,/aws/lambda/pipe-el-ppa-s3-forwarcer,no_retention_policy,WARN,"stored=0.00GB, logs never expire ($0.03/GB/mo)",MEDIUM
eu-west-1,cloudwatch_logs,/aws/lambda/pipe-el-ppa-s3-forwarder,no_retention_policy,WARN,"stored=0.00GB, logs never expire ($0.03/GB/mo)",MEDIUM
eu-west-1,cloudwatch_logs,/aws/lambda/pipe-el-ppa-s3-forwarder-cf,no_retention_policy,WARN,"stored=0.00GB, logs never expire ($0.03/GB/mo)",MEDIUM
eu-west-1,cloudwatch_logs,/aws/lambda/pipe-el-ppa-s3-forwarder-dev-cf,no_retention_policy,WARN,"stored=0.00GB, logs never expire ($0.03/GB/mo)",MEDIUM
eu-west-1,cloudwatch_logs,/aws/lambda/pipe-el-sdh,no_retention_policy,WARN,"stored=0.00GB, logs never expire ($0.03/GB/mo)",MEDIUM
eu-west-1,cloudwatch_logs,/aws/lambda/pipe-el-sdh-poc,no_retention_policy,WARN,"stored=0.00GB, logs never expire ($0.03/GB/mo)",MEDIUM
eu-west-1,cloudwatch_logs,/aws/lambda/pipe-el-sdh-poc2,no_retention_policy,WARN,"stored=0.00GB, logs never expire ($0.03/GB/mo)",MEDIUM
eu-west-1,cloudwatch_logs,/aws/lambda/postgresqlTest,no_retention_policy,WARN,"stored=0.00GB, logs never expire ($0.03/GB/mo)",MEDIUM
eu-west-1,cloudwatch_logs,/aws/lambda/ppa_dbo_tblCfgIpcParametersConfig,no_retention_policy,WARN,"stored=0.00GB, logs never expire ($0.03/GB/mo)",MEDIUM
eu-west-1,cloudwatch_logs,/aws/lambda/ppa_dbo_tbl_cfg_ipc_parametersconfig,no_retention_policy,WARN,"stored=0.00GB, logs never expire ($0.03/GB/mo)",MEDIUM
eu-west-1,cloudwatch_logs,/aws/lambda/promote_models,no_retention_policy,WARN,"stored=0.00GB, logs never expire ($0.03/GB/mo)",MEDIUM
eu-west-1,cloudwatch_logs,/aws/lambda/r-and-d-hub-offline-drift,no_retention_policy,WARN,"stored=0.00GB, logs never expire ($0.03/GB/mo)",MEDIUM
eu-west-1,cloudwatch_logs,/aws/lambda/raw-compacted-lambda,no_retention_policy,WARN,"stored=0.00GB, logs never expire ($0.03/GB/mo)",MEDIUM
eu-west-1,cloudwatch_logs,/aws/lambda/raw_vs_compacted_lambda_dev,no_retention_policy,WARN,"stored=0.00GB, logs never expire ($0.03/GB/mo)",MEDIUM
eu-west-1,cloudwatch_logs,/aws/lambda/rds_connection-lambda,no_retention_policy,WARN,"stored=0.00GB, logs never expire ($0.03/GB/mo)",MEDIUM
eu-west-1,cloudwatch_logs,/aws/lambda/reconciliationDynamodbSchema,no_retention_policy,WARN,"stored=0.00GB, logs never expire ($0.03/GB/mo)",MEDIUM
eu-west-1,cloudwatch_logs,/aws/lambda/rotate_iam_user_creds,no_retention_policy,WARN,"stored=0.00GB, logs never expire ($0.03/GB/mo)",MEDIUM
eu-west-1,cloudwatch_logs,/aws/lambda/rust-lambda-s3-test,no_retention_policy,WARN,"stored=0.00GB, logs never expire ($0.03/GB/mo)",MEDIUM
eu-west-1,cloudwatch_logs,/aws/lambda/schema-change-detection-function-ac,no_retention_policy,WARN,"stored=0.04GB, logs never expire ($0.03/GB/mo)",MEDIUM
eu-west-1,cloudwatch_logs,/aws/lambda/schema_change_detection-lambda,no_retention_policy,WARN,"stored=0.02GB, logs never expire ($0.03/GB/mo)",MEDIUM
eu-west-1,cloudwatch_logs,/aws/lambda/secret-expiration-alert-dev,no_retention_policy,WARN,"stored=0.00GB, logs never expire ($0.03/GB/mo)",MEDIUM
eu-west-1,cloudwatch_logs,/aws/lambda/send-etl-job-error-notification,no_retention_policy,WARN,"stored=0.00GB, logs never expire ($0.03/GB/mo)",MEDIUM
eu-west-1,cloudwatch_logs,/aws/lambda/slc-assume-role-test,no_retention_policy,WARN,"stored=0.00GB, logs never expire ($0.03/GB/mo)",MEDIUM
eu-west-1,cloudwatch_logs,/aws/lambda/smartu-mongo-debug,no_retention_policy,WARN,"stored=0.00GB, logs never expire ($0.03/GB/mo)",MEDIUM
eu-west-1,cloudwatch_logs,/aws/lambda/sns-lambda-test-function-daas,no_retention_policy,WARN,"stored=0.00GB, logs never expire ($0.03/GB/mo)",MEDIUM
eu-west-1,cloudwatch_logs,/aws/lambda/ssp-actual-etl-stop-logic,no_retention_policy,WARN,"stored=0.00GB, logs never expire ($0.03/GB/mo)",MEDIUM
eu-west-1,cloudwatch_logs,/aws/lambda/ssp-actuals-logic,no_retention_policy,WARN,"stored=0.00GB, logs never expire ($0.03/GB/mo)",MEDIUM
eu-west-1,cloudwatch_logs,/aws/lambda/ssp-data-cleaner,no_retention_policy,WARN,"stored=0.01GB, logs never expire ($0.03/GB/mo)",MEDIUM
eu-west-1,cloudwatch_logs,/aws/lambda/ssp-data-test2,no_retention_policy,WARN,"stored=0.00GB, logs never expire ($0.03/GB/mo)",MEDIUM
eu-west-1,cloudwatch_logs,/aws/lambda/ssp-get-act-configuration,no_retention_policy,WARN,"stored=0.00GB, logs never expire ($0.03/GB/mo)",MEDIUM
eu-west-1,cloudwatch_logs,/aws/lambda/ssp-iiot-archive,no_retention_policy,WARN,"stored=0.00GB, logs never expire ($0.03/GB/mo)",MEDIUM
eu-west-1,cloudwatch_logs,/aws/lambda/ssp-ingestion-test,no_retention_policy,WARN,"stored=0.00GB, logs never expire ($0.03/GB/mo)",MEDIUM
eu-west-1,cloudwatch_logs,/aws/lambda/ssp-process-logging,no_retention_policy,WARN,"stored=0.00GB, logs never expire ($0.03/GB/mo)",MEDIUM
eu-west-1,cloudwatch_logs,/aws/lambda/ssp-process-raw-data,no_retention_policy,WARN,"stored=0.00GB, logs never expire ($0.03/GB/mo)",MEDIUM
eu-west-1,cloudwatch_logs,/aws/lambda/ssp-scan-live-folder,no_retention_policy,WARN,"stored=0.02GB, logs never expire ($0.03/GB/mo)",MEDIUM
eu-west-1,cloudwatch_logs,/aws/lambda/ssp-test-data-3,no_retention_policy,WARN,"stored=0.00GB, logs never expire ($0.03/GB/mo)",MEDIUM
eu-west-1,cloudwatch_logs,/aws/lambda/ssp-test-layer,no_retention_policy,WARN,"stored=0.00GB, logs never expire ($0.03/GB/mo)",MEDIUM
eu-west-1,cloudwatch_logs,/aws/lambda/ssp-test-pd,no_retention_policy,WARN,"stored=0.00GB, logs never expire ($0.03/GB/mo)",MEDIUM
eu-west-1,cloudwatch_logs,/aws/lambda/ssp-test-s3,no_retention_policy,WARN,"stored=0.00GB, logs never expire ($0.03/GB/mo)",MEDIUM
eu-west-1,cloudwatch_logs,/aws/lambda/ssp-test-secrets,no_retention_policy,WARN,"stored=0.00GB, logs never expire ($0.03/GB/mo)",MEDIUM
eu-west-1,cloudwatch_logs,/aws/lambda/ssp_alert_reaction,no_retention_policy,WARN,"stored=0.00GB, logs never expire ($0.03/GB/mo)",MEDIUM
eu-west-1,cloudwatch_logs,/aws/lambda/ssp_test_lambda,no_retention_policy,WARN,"stored=0.00GB, logs never expire ($0.03/GB/mo)",MEDIUM
eu-west-1,cloudwatch_logs,/aws/lambda/sssp-find-environment,no_retention_policy,WARN,"stored=0.00GB, logs never expire ($0.03/GB/mo)",MEDIUM
eu-west-1,cloudwatch_logs,/aws/lambda/start-amcs-itgf-job,no_retention_policy,WARN,"stored=0.00GB, logs never expire ($0.03/GB/mo)",MEDIUM
eu-west-1,cloudwatch_logs,/aws/lambda/startDatasyncTask,no_retention_policy,WARN,"stored=0.00GB, logs never expire ($0.03/GB/mo)",MEDIUM
eu-west-1,cloudwatch_logs,/aws/lambda/storageclass-transition-from-standard-to-glacier,no_retention_policy,WARN,"stored=0.00GB, logs never expire ($0.03/GB/mo)",MEDIUM
eu-west-1,cloudwatch_logs,/aws/lambda/test,no_retention_policy,WARN,"stored=0.00GB, logs never expire ($0.03/GB/mo)",MEDIUM
eu-west-1,cloudwatch_logs,/aws/lambda/test-arn,no_retention_policy,WARN,"stored=0.00GB, logs never expire ($0.03/GB/mo)",MEDIUM
eu-west-1,cloudwatch_logs,/aws/lambda/test-athena-nxt-dynamic-th-role,no_retention_policy,WARN,"stored=0.00GB, logs never expire ($0.03/GB/mo)",MEDIUM
eu-west-1,cloudwatch_logs,/aws/lambda/test-edge-report-processor-function,no_retention_policy,WARN,"stored=0.00GB, logs never expire ($0.03/GB/mo)",MEDIUM
eu-west-1,cloudwatch_logs,/aws/lambda/test-el,no_retention_policy,WARN,"stored=0.00GB, logs never expire ($0.03/GB/mo)",MEDIUM
eu-west-1,cloudwatch_logs,/aws/lambda/test-influx-call,no_retention_policy,WARN,"stored=0.00GB, logs never expire ($0.03/GB/mo)",MEDIUM
eu-west-1,cloudwatch_logs,/aws/lambda/test-pdm-input-data,no_retention_policy,WARN,"stored=0.03GB, logs never expire ($0.03/GB/mo)",MEDIUM
eu-west-1,cloudwatch_logs,/aws/lambda/test-pdm-input-data-2,no_retention_policy,WARN,"stored=0.01GB, logs never expire ($0.03/GB/mo)",MEDIUM
eu-west-1,cloudwatch_logs,/aws/lambda/test-pdm-input-data-3,no_retention_policy,WARN,"stored=0.01GB, logs never expire ($0.03/GB/mo)",MEDIUM
eu-west-1,cloudwatch_logs,/aws/lambda/test-postgres-token,no_retention_policy,WARN,"stored=0.00GB, logs never expire ($0.03/GB/mo)",MEDIUM
eu-west-1,cloudwatch_logs,/aws/lambda/test-rust-fn,no_retention_policy,WARN,"stored=0.00GB, logs never expire ($0.03/GB/mo)",MEDIUM
eu-west-1,cloudwatch_logs,/aws/lambda/test-sns-publish,no_retention_policy,WARN,"stored=0.00GB, logs never expire ($0.03/GB/mo)",MEDIUM
eu-west-1,cloudwatch_logs,/aws/lambda/test-vault,no_retention_policy,WARN,"stored=0.00GB, logs never expire ($0.03/GB/mo)",MEDIUM
eu-west-1,cloudwatch_logs,/aws/lambda/testAwsDataWrangler,no_retention_policy,WARN,"stored=0.00GB, logs never expire ($0.03/GB/mo)",MEDIUM
eu-west-1,cloudwatch_logs,/aws/lambda/testBucket,no_retention_policy,WARN,"stored=0.00GB, logs never expire ($0.03/GB/mo)",MEDIUM
eu-west-1,cloudwatch_logs,/aws/lambda/testPSQL,no_retention_policy,WARN,"stored=0.00GB, logs never expire ($0.03/GB/mo)",MEDIUM
eu-west-1,cloudwatch_logs,/aws/lambda/test_daas_lambda,no_retention_policy,WARN,"stored=0.00GB, logs never expire ($0.03/GB/mo)",MEDIUM
eu-west-1,cloudwatch_logs,/aws/lambda/test_daas_lambda_2,no_retention_policy,WARN,"stored=0.00GB, logs never expire ($0.03/GB/mo)",MEDIUM
eu-west-1,cloudwatch_logs,/aws/lambda/test_policy,no_retention_policy,WARN,"stored=0.00GB, logs never expire ($0.03/GB/mo)",MEDIUM
eu-west-1,cloudwatch_logs,/aws/lambda/test_slc_post_textract,no_retention_policy,WARN,"stored=0.00GB, logs never expire ($0.03/GB/mo)",MEDIUM
eu-west-1,cloudwatch_logs,/aws/lambda/test_slc_textract,no_retention_policy,WARN,"stored=0.00GB, logs never expire ($0.03/GB/mo)",MEDIUM
eu-west-1,cloudwatch_logs,/aws/lambda/test_smb,no_retention_policy,WARN,"stored=0.00GB, logs never expire ($0.03/GB/mo)",MEDIUM
eu-west-1,cloudwatch_logs,/aws/lambda/test_var_cron,no_retention_policy,WARN,"stored=0.02GB, logs never expire ($0.03/GB/mo)",MEDIUM
eu-west-1,cloudwatch_logs,/aws/lambda/testdb,no_retention_policy,WARN,"stored=0.00GB, logs never expire ($0.03/GB/mo)",MEDIUM
eu-west-1,cloudwatch_logs,/aws/lambda/testing,no_retention_policy,WARN,"stored=0.00GB, logs never expire ($0.03/GB/mo)",MEDIUM
eu-west-1,cloudwatch_logs,/aws/lambda/testingInfluxDb,no_retention_policy,WARN,"stored=0.00GB, logs never expire ($0.03/GB/mo)",MEDIUM
eu-west-1,cloudwatch_logs,/aws/lambda/testsns,no_retention_policy,WARN,"stored=0.00GB, logs never expire ($0.03/GB/mo)",MEDIUM
eu-west-1,cloudwatch_logs,/aws/lambda/testtDigiperf,no_retention_policy,WARN,"stored=0.00GB, logs never expire ($0.03/GB/mo)",MEDIUM
eu-west-1,cloudwatch_logs,/aws/lambda/timestream_connect_Function,no_retention_policy,WARN,"stored=0.00GB, logs never expire ($0.03/GB/mo)",MEDIUM
eu-west-1,cloudwatch_logs,/aws/lambda/trigger-kpi-target-loading,no_retention_policy,WARN,"stored=0.00GB, logs never expire ($0.03/GB/mo)",MEDIUM
eu-west-1,cloudwatch_logs,/aws/lambda/us-east-1.icloudawacs-auth-rewrite,no_retention_policy,WARN,"stored=0.00GB, logs never expire ($0.03/GB/mo)",MEDIUM
eu-west-1,cloudwatch_logs,/aws/lambda/vault-lambda-dev,no_retention_policy,WARN,"stored=0.00GB, logs never expire ($0.03/GB/mo)",MEDIUM
eu-west-1,cloudwatch_logs,/aws/msk/icloud-msk,no_retention_policy,WARN,"stored=0.00GB, logs never expire ($0.03/GB/mo)",MEDIUM
eu-west-1,cloudwatch_logs,/aws/rds/instance/daasmigration/postgresql,no_retention_policy,WARN,"stored=0.00GB, logs never expire ($0.03/GB/mo)",MEDIUM
eu-west-1,cloudwatch_logs,/aws/rds/instance/daasodl-restore/postgresql,no_retention_policy,WARN,"stored=0.00GB, logs never expire ($0.03/GB/mo)",MEDIUM
eu-west-1,cloudwatch_logs,/aws/rds/instance/daasodl/postgresql,no_retention_policy,WARN,"stored=0.84GB, logs never expire ($0.03/GB/mo)",MEDIUM
eu-west-1,cloudwatch_logs,/aws/rds/instance/daaspge/postgresql,no_retention_policy,WARN,"stored=0.04GB, logs never expire ($0.03/GB/mo)",MEDIUM
eu-west-1,cloudwatch_logs,/aws/rds/instance/ztqa/postgresql,no_retention_policy,WARN,"stored=0.02GB, logs never expire ($0.03/GB/mo)",MEDIUM
eu-west-1,cloudwatch_logs,/aws/rds/proxy/daasodl,no_retention_policy,WARN,"stored=0.00GB, logs never expire ($0.03/GB/mo)",MEDIUM
eu-west-1,cloudwatch_logs,/aws/rds/proxy/test,no_retention_policy,WARN,"stored=0.26GB, logs never expire ($0.03/GB/mo)",MEDIUM
eu-west-1,cloudwatch_logs,/aws/redshift/cluster/daas-dwh-cluster-new/connectionlog,no_retention_policy,WARN,"stored=0.03GB, logs never expire ($0.03/GB/mo)",MEDIUM
eu-west-1,cloudwatch_logs,/aws/redshift/cluster/daas-dwh-cluster-test/connectionlog,no_retention_policy,WARN,"stored=0.12GB, logs never expire ($0.03/GB/mo)",MEDIUM
eu-west-1,cloudwatch_logs,/aws/redshift/cluster/daas-dwh-cluster/connectionlog,no_retention_policy,WARN,"stored=1.14GB, logs never expire ($0.03/GB/mo)",MEDIUM
eu-west-1,cloudwatch_logs,/aws/redshift/cluster/daas-dwh-cluster/userlog,no_retention_policy,WARN,"stored=0.00GB, logs never expire ($0.03/GB/mo)",MEDIUM
eu-west-1,cloudwatch_logs,/aws/redshift/cluster/daas-dwh/connectionlog,no_retention_policy,WARN,"stored=0.02GB, logs never expire ($0.03/GB/mo)",MEDIUM
eu-west-1,cloudwatch_logs,/aws/redshift/cluster/daas-proxima/connectionlog,no_retention_policy,WARN,"stored=0.00GB, logs never expire ($0.03/GB/mo)",MEDIUM
eu-west-1,cloudwatch_logs,/aws/redshift/cluster/dass-temp2/connectionlog,no_retention_policy,WARN,"stored=0.01GB, logs never expire ($0.03/GB/mo)",MEDIUM
eu-west-1,cloudwatch_logs,/aws/redshift/cluster/proxima-redshift/connectionlog,no_retention_policy,WARN,"stored=0.04GB, logs never expire ($0.03/GB/mo)",MEDIUM
eu-west-1,cloudwatch_logs,/aws/redshift/cluster/proxima-redshift/userlog,no_retention_policy,WARN,"stored=0.00GB, logs never expire ($0.03/GB/mo)",MEDIUM
eu-west-1,cloudwatch_logs,/aws/redshift/cluster/redshift-cluster-1/connectionlog,no_retention_policy,WARN,"stored=0.00GB, logs never expire ($0.03/GB/mo)",MEDIUM
eu-west-1,cloudwatch_logs,/aws/redshift/cluster/redshiftpoc/connectionlog,no_retention_policy,WARN,"stored=0.21GB, logs never expire ($0.03/GB/mo)",MEDIUM
eu-west-1,cloudwatch_logs,/aws/redshift/cluster/redshiftpoc/userlog,no_retention_policy,WARN,"stored=0.00GB, logs never expire ($0.03/GB/mo)",MEDIUM
eu-west-1,cloudwatch_logs,/aws/sagemaker/Endpoints/DEMO-xgb-churn-pred-model-monitor-2023-02-21-13-56-36,no_retention_policy,WARN,"stored=0.48GB, logs never expire ($0.03/GB/mo)",MEDIUM
eu-west-1,cloudwatch_logs,/aws/sagemaker/Endpoints/DEMO-xgb-churn-pred-model-monitor-2023-03-10-15-29-14,no_retention_policy,WARN,"stored=0.45GB, logs never expire ($0.03/GB/mo)",MEDIUM
eu-west-1,cloudwatch_logs,/aws/sagemaker/Endpoints/NXT-F3-machine-settings-WCLLDR005,no_retention_policy,WARN,"stored=0.00GB, logs never expire ($0.03/GB/mo)",MEDIUM
eu-west-1,cloudwatch_logs,/aws/sagemaker/Endpoints/NXT-F3-machine-settings-training,no_retention_policy,WARN,"stored=0.00GB, logs never expire ($0.03/GB/mo)",MEDIUM
eu-west-1,cloudwatch_logs,/aws/sagemaker/Endpoints/NXT-F3-machine-settings-training-2024-01-23-16-16-02-115701-tmp,no_retention_policy,WARN,"stored=0.00GB, logs never expire ($0.03/GB/mo)",MEDIUM
eu-west-1,cloudwatch_logs,/aws/sagemaker/Endpoints/NXT-F3-machine-settings-training-2024-01-24-08-07-49-252857-tmp,no_retention_policy,WARN,"stored=0.00GB, logs never expire ($0.03/GB/mo)",MEDIUM
eu-west-1,cloudwatch_logs,/aws/sagemaker/Endpoints/NXT-F3-machine-settings-training-2024-01-24-09-04-03-778334-tmp,no_retention_policy,WARN,"stored=0.00GB, logs never expire ($0.03/GB/mo)",MEDIUM
eu-west-1,cloudwatch_logs,/aws/sagemaker/Endpoints/NXT-F3-machine-settings-training-2024-01-24-09-16-41-090489-tmp,no_retention_policy,WARN,"stored=0.00GB, logs never expire ($0.03/GB/mo)",MEDIUM
eu-west-1,cloudwatch_logs,/aws/sagemaker/Endpoints/NXT-F3-settings-644,no_retention_policy,WARN,"stored=0.28GB, logs never expire ($0.03/GB/mo)",MEDIUM
eu-west-1,cloudwatch_logs,/aws/sagemaker/Endpoints/NXT-F3-settings-644-2024-02-13-11-11-25-266993-tmp,no_retention_policy,WARN,"stored=0.00GB, logs never expire ($0.03/GB/mo)",MEDIUM
eu-west-1,cloudwatch_logs,/aws/sagemaker/Endpoints/NXT-F3-settings-644-2024-02-13-14-31-04-799489-tmp,no_retention_policy,WARN,"stored=0.00GB, logs never expire ($0.03/GB/mo)",MEDIUM
eu-west-1,cloudwatch_logs,/aws/sagemaker/Endpoints/NXT-F3-settings-644-2024-02-13-14-48-34-605022-tmp,no_retention_policy,WARN,"stored=0.00GB, logs never expire ($0.03/GB/mo)",MEDIUM
eu-west-1,cloudwatch_logs,/aws/sagemaker/Endpoints/NXT-F3-settings-644-2024-02-13-15-08-06-921686-tmp,no_retention_policy,WARN,"stored=0.00GB, logs never expire ($0.03/GB/mo)",MEDIUM
eu-west-1,cloudwatch_logs,/aws/sagemaker/Endpoints/NXT-F3-settings-644-2024-02-14-13-05-56-753697-tmp,no_retention_policy,WARN,"stored=0.00GB, logs never expire ($0.03/GB/mo)",MEDIUM
eu-west-1,cloudwatch_logs,/aws/sagemaker/Endpoints/NXT-F3-settings-644-2024-02-14-13-36-23-166875-tmp,no_retention_policy,WARN,"stored=0.00GB, logs never expire ($0.03/GB/mo)",MEDIUM
eu-west-1,cloudwatch_logs,/aws/sagemaker/Endpoints/NXT-F3-settings-644-2024-02-15-10-37-01-482672-tmp,no_retention_policy,WARN,"stored=0.00GB, logs never expire ($0.03/GB/mo)",MEDIUM
eu-west-1,cloudwatch_logs,/aws/sagemaker/Endpoints/NXT-F3-settings-644-2024-02-15-11-53-14-383416-tmp,no_retention_policy,WARN,"stored=0.00GB, logs never expire ($0.03/GB/mo)",MEDIUM
eu-west-1,cloudwatch_logs,/aws/sagemaker/Endpoints/NXT-F3-settings-644-2024-02-15-13-15-43-879436-tmp,no_retention_policy,WARN,"stored=0.00GB, logs never expire ($0.03/GB/mo)",MEDIUM
eu-west-1,cloudwatch_logs,/aws/sagemaker/Endpoints/NXT-F3-settings-644-2024-02-15-14-34-05-132281-tmp,no_retention_policy,WARN,"stored=0.00GB, logs never expire ($0.03/GB/mo)",MEDIUM
eu-west-1,cloudwatch_logs,/aws/sagemaker/Endpoints/NXT-F3-settings-644-2024-02-27-12-50-18-591528-tmp,no_retention_policy,WARN,"stored=0.00GB, logs never expire ($0.03/GB/mo)",MEDIUM
eu-west-1,cloudwatch_logs,/aws/sagemaker/Endpoints/NXT-F3-settings-644-2024-02-28-08-37-52-955256-tmp,no_retention_policy,WARN,"stored=0.02GB, logs never expire ($0.03/GB/mo)",MEDIUM
eu-west-1,cloudwatch_logs,/aws/sagemaker/Endpoints/NXT-F3-settings-644-2024-03-01-16-38-39-370361-tmp,no_retention_policy,WARN,"stored=0.00GB, logs never expire ($0.03/GB/mo)",MEDIUM
eu-west-1,cloudwatch_logs,/aws/sagemaker/Endpoints/NXT-F3-settings-WCLLDR005,no_retention_policy,WARN,"stored=0.03GB, logs never expire ($0.03/GB/mo)",MEDIUM
eu-west-1,cloudwatch_logs,/aws/sagemaker/Endpoints/NXT-F3-settings-WCLLDR005-2024-01-25-08-25-49-230303-tmp,no_retention_policy,WARN,"stored=0.00GB, logs never expire ($0.03/GB/mo)",MEDIUM
eu-west-1,cloudwatch_logs,/aws/sagemaker/Endpoints/NXT-F3-settings-WCLLDR005-2024-01-25-08-38-02-428333-tmp,no_retention_policy,WARN,"stored=0.00GB, logs never expire ($0.03/GB/mo)",MEDIUM
eu-west-1,cloudwatch_logs,/aws/sagemaker/Endpoints/NXT-F3-settings-WCLLDR005-2024-01-25-16-54-21-402279-tmp,no_retention_policy,WARN,"stored=0.00GB, logs never expire ($0.03/GB/mo)",MEDIUM
eu-west-1,cloudwatch_logs,/aws/sagemaker/Endpoints/NXT-F3-settings-WCLLDR005-2024-01-26-09-00-36-645383-tmp,no_retention_policy,WARN,"stored=0.00GB, logs never expire ($0.03/GB/mo)",MEDIUM
eu-west-1,cloudwatch_logs,/aws/sagemaker/Endpoints/NXT-F3-settings-WCLLDR005-2024-01-26-11-05-18-962728-tmp,no_retention_policy,WARN,"stored=0.00GB, logs never expire ($0.03/GB/mo)",MEDIUM
eu-west-1,cloudwatch_logs,/aws/sagemaker/Endpoints/NXT-F3-settings-WCLLDR005-2024-01-30-14-37-56-063006-tmp,no_retention_policy,WARN,"stored=0.00GB, logs never expire ($0.03/GB/mo)",MEDIUM
eu-west-1,cloudwatch_logs,/aws/sagemaker/Endpoints/NXT-F3-settings-itgf-644,no_retention_policy,WARN,"stored=34.08GB, logs never expire ($0.03/GB/mo)",MEDIUM
eu-west-1,cloudwatch_logs,/aws/sagemaker/Endpoints/NXT-F3-settings-itgf-WCLLDR005,no_retention_policy,WARN,"stored=0.24GB, logs never expire ($0.03/GB/mo)",MEDIUM
eu-west-1,cloudwatch_logs,/aws/sagemaker/Endpoints/PdM-CH-NEU-SECONDARY-AD-ALL,no_retention_policy,WARN,"stored=1.23GB, logs never expire ($0.03/GB/mo)",MEDIUM
eu-west-1,cloudwatch_logs,/aws/sagemaker/Endpoints/PdM-GR-ASP-PRIMARY-ARIMA,no_retention_policy,WARN,"stored=0.78GB, logs never expire ($0.03/GB/mo)",MEDIUM
eu-west-1,cloudwatch_logs,/aws/sagemaker/Endpoints/PdM-GR-ASP-PRIMARY-FORCS-ALL,no_retention_policy,WARN,"stored=0.32GB, logs never expire ($0.03/GB/mo)",MEDIUM
eu-west-1,cloudwatch_logs,/aws/sagemaker/Endpoints/PdM-IT-BOL-PRIMARY-ARIMA,no_retention_policy,WARN,"stored=2.60GB, logs never expire ($0.03/GB/mo)",MEDIUM
eu-west-1,cloudwatch_logs,/aws/sagemaker/Endpoints/PdM-IT-BOL-PRIMARY-FORCS-ALL,no_retention_policy,WARN,"stored=2.28GB, logs never expire ($0.03/GB/mo)",MEDIUM
eu-west-1,cloudwatch_logs,/aws/sagemaker/Endpoints/PdM-IT-BOL-SECONDARY-AD-ALL,no_retention_policy,WARN,"stored=2.34GB, logs never expire ($0.03/GB/mo)",MEDIUM
eu-west-1,cloudwatch_logs,/aws/sagemaker/Endpoints/PdM-IT-BOL-UC1-AD-ALL,no_retention_policy,WARN,"stored=0.56GB, logs never expire ($0.03/GB/mo)",MEDIUM
eu-west-1,cloudwatch_logs,/aws/sagemaker/Endpoints/PdM-IT-BOL-UC1-AD-ALL-2,no_retention_policy,WARN,"stored=0.00GB, logs never expire ($0.03/GB/mo)",MEDIUM
eu-west-1,cloudwatch_logs,/aws/sagemaker/Endpoints/PdM-IT-BOL-UC1-AD-ALLtest,no_retention_policy,WARN,"stored=0.00GB, logs never expire ($0.03/GB/mo)",MEDIUM
eu-west-1,cloudwatch_logs,/aws/sagemaker/Endpoints/PdM-IT-BOL-UC3-ARIMA,no_retention_policy,WARN,"stored=0.28GB, logs never expire ($0.03/GB/mo)",MEDIUM
eu-west-1,cloudwatch_logs,/aws/sagemaker/Endpoints/PdM-IT-BOL-UC3-FORCS-ALL,no_retention_policy,WARN,"stored=0.21GB, logs never expire ($0.03/GB/mo)",MEDIUM
eu-west-1,cloudwatch_logs,/aws/sagemaker/Endpoints/PdM-IT-BOL-UC3-FORCS-ARIMA-ALL,no_retention_policy,WARN,"stored=0.02GB, logs never expire ($0.03/GB/mo)",MEDIUM
eu-west-1,cloudwatch_logs,/aws/sagemaker/Endpoints/PdM-IT-BOL-UC3-test-FORCS-ARIMA-ALL-TEST,no_retention_policy,WARN,"stored=0.01GB, logs never expire ($0.03/GB/mo)",MEDIUM
eu-west-1,cloudwatch_logs,/aws/sagemaker/Endpoints/PdM-IT-BOL-primary-FORCS-TEST,no_retention_policy,WARN,"stored=0.00GB, logs never expire ($0.03/GB/mo)",MEDIUM
eu-west-1,cloudwatch_logs,/aws/sagemaker/Endpoints/PdM-IT-BOL-secondary-AD-TEST,no_retention_policy,WARN,"stored=0.00GB, logs never expire ($0.03/GB/mo)",MEDIUM
eu-west-1,cloudwatch_logs,/aws/sagemaker/Endpoints/PdM-KR-YSN-PRIMARY-ARIMA,no_retention_policy,WARN,"stored=0.84GB, logs never expire ($0.03/GB/mo)",MEDIUM
eu-west-1,cloudwatch_logs,/aws/sagemaker/Endpoints/PdM-KR-YSN-PRIMARY-FORCS-ALL,no_retention_policy,WARN,"stored=0.89GB, logs never expire ($0.03/GB/mo)",MEDIUM
eu-west-1,cloudwatch_logs,/aws/sagemaker/Endpoints/PdM-RO-OTO-PRIMARY-ARIMA,no_retention_policy,WARN,"stored=1.06GB, logs never expire ($0.03/GB/mo)",MEDIUM
eu-west-1,cloudwatch_logs,/aws/sagemaker/Endpoints/PdM-RO-OTO-PRIMARY-FORCS-ALL,no_retention_policy,WARN,"stored=0.98GB, logs never expire ($0.03/GB/mo)",MEDIUM
eu-west-1,cloudwatch_logs,/aws/sagemaker/Endpoints/PdM-RO-OTO-SECONDARY-AD-ALL,no_retention_policy,WARN,"stored=1.22GB, logs never expire ($0.03/GB/mo)",MEDIUM
eu-west-1,cloudwatch_logs,/aws/sagemaker/Endpoints/PdM-TEST-PRIMARY-ARIMA,no_retention_policy,WARN,"stored=0.00GB, logs never expire ($0.03/GB/mo)",MEDIUM
eu-west-1,cloudwatch_logs,/aws/sagemaker/Endpoints/PdM-TEST-PRIMARY-FORCS-ALL,no_retention_policy,WARN,"stored=0.00GB, logs never expire ($0.03/GB/mo)",MEDIUM
eu-west-1,cloudwatch_logs,/aws/sagemaker/Endpoints/PdM-TEST-SECONDARY-AD-ALL,no_retention_policy,WARN,"stored=0.03GB, logs never expire ($0.03/GB/mo)",MEDIUM
eu-west-1,cloudwatch_logs,/aws/sagemaker/Endpoints/PdM-TR-IZM-PRIMARY-FORCS-ALL,no_retention_policy,WARN,"stored=0.04GB, logs never expire ($0.03/GB/mo)",MEDIUM
eu-west-1,cloudwatch_logs,/aws/sagemaker/Endpoints/PdM-UC1-AD-LU17-MC4-BlankClampPut-2021-06-08-12-47-59,no_retention_policy,WARN,"stored=0.01GB, logs never expire ($0.03/GB/mo)",MEDIUM
eu-west-1,cloudwatch_logs,/aws/sagemaker/Endpoints/PdM-UC1-AD-LU17-MC4-BlankPreFolder1-2021-06-08-12-32-15,no_retention_policy,WARN,"stored=0.01GB, logs never expire ($0.03/GB/mo)",MEDIUM
eu-west-1,cloudwatch_logs,/aws/sagemaker/Endpoints/PdM-UC1-AD-LU17-MC4-BlankWheel-2021-06-08-12-17-01,no_retention_policy,WARN,"stored=0.01GB, logs never expire ($0.03/GB/mo)",MEDIUM
eu-west-1,cloudwatch_logs,/aws/sagemaker/Endpoints/PdM-UC1-AD-LU17-MC4-BundleLifter-2021-03-30-12-37-27,no_retention_policy,WARN,"stored=0.17GB, logs never expire ($0.03/GB/mo)",MEDIUM
eu-west-1,cloudwatch_logs,/aws/sagemaker/Endpoints/PdM-UC1-AD-LU17-MC4-BundleLifter-2021-05-31-07-19-36,no_retention_policy,WARN,"stored=0.02GB, logs never expire ($0.03/GB/mo)",MEDIUM
eu-west-1,cloudwatch_logs,/aws/sagemaker/Endpoints/PdM-UC1-AD-LU17-MC4-BundleLifter-2021-06-08-09-19-41,no_retention_policy,WARN,"stored=0.01GB, logs never expire ($0.03/GB/mo)",MEDIUM
eu-west-1,cloudwatch_logs,/aws/sagemaker/Endpoints/PdM-UC1-AD-LU17-MC4-BundleTransfBelt-2021-06-08-12-24-38,no_retention_policy,WARN,"stored=0.01GB, logs never expire ($0.03/GB/mo)",MEDIUM
eu-west-1,cloudwatch_logs,/aws/sagemaker/Endpoints/PdM-UC1-AD-LU17-MC4-BundleTrolley-2021-06-08-11-00-16,no_retention_policy,WARN,"stored=0.01GB, logs never expire ($0.03/GB/mo)",MEDIUM
eu-west-1,cloudwatch_logs,/aws/sagemaker/Endpoints/PdM-UC1-AD-LU17-MC4-EmbossingDrum-2021-03-30-12-50-42,no_retention_policy,WARN,"stored=0.17GB, logs never expire ($0.03/GB/mo)",MEDIUM
eu-west-1,cloudwatch_logs,/aws/sagemaker/Endpoints/PdM-UC1-AD-LU17-MC4-EmbossingDrum-2021-06-08-09-34-57,no_retention_policy,WARN,"stored=0.01GB, logs never expire ($0.03/GB/mo)",MEDIUM
eu-west-1,cloudwatch_logs,/aws/sagemaker/Endpoints/PdM-UC1-AD-LU17-MC4-ExitBelt-2021-03-30-12-16-06,no_retention_policy,WARN,"stored=0.17GB, logs never expire ($0.03/GB/mo)",MEDIUM
eu-west-1,cloudwatch_logs,/aws/sagemaker/Endpoints/PdM-UC1-AD-LU17-MC4-ExitBelt-2021-05-31-07-05-53,no_retention_policy,WARN,"stored=0.02GB, logs never expire ($0.03/GB/mo)",MEDIUM
eu-west-1,cloudwatch_logs,/aws/sagemaker/Endpoints/PdM-UC1-AD-LU17-MC4-ExitBelt-2021-06-08-09-04-24,no_retention_policy,WARN,"stored=0.01GB, logs never expire ($0.03/GB/mo)",MEDIUM
eu-west-1,cloudwatch_logs,/aws/sagemaker/Endpoints/PdM-UC1-AD-LU17-MC4-ExitBeltLifter-2021-03-30-12-24-10,no_retention_policy,WARN,"stored=0.17GB, logs never expire ($0.03/GB/mo)",MEDIUM
eu-west-1,cloudwatch_logs,/aws/sagemaker/Endpoints/PdM-UC1-AD-LU17-MC4-FW1ClampUnlocker-2021-06-08-11-38-25,no_retention_policy,WARN,"stored=0.01GB, logs never expire ($0.03/GB/mo)",MEDIUM
eu-west-1,cloudwatch_logs,/aws/sagemaker/Endpoints/PdM-UC1-AD-LU17-MC4-FW1Pusher-2021-06-08-12-01-17,no_retention_policy,WARN,"stored=0.01GB, logs never expire ($0.03/GB/mo)",MEDIUM
eu-west-1,cloudwatch_logs,/aws/sagemaker/Endpoints/PdM-UC1-AD-LU17-MC4-FW2Pusher-2021-06-08-12-08-54,no_retention_policy,WARN,"stored=0.01GB, logs never expire ($0.03/GB/mo)",MEDIUM
eu-west-1,cloudwatch_logs,/aws/sagemaker/Endpoints/PdM-UC1-AD-LU17-MC4-FW2Taker-2021-06-08-11-15-33,no_retention_policy,WARN,"stored=0.01GB, logs never expire ($0.03/GB/mo)",MEDIUM
eu-west-1,cloudwatch_logs,/aws/sagemaker/Endpoints/PdM-UC1-AD-LU17-MC4-FoldingWheel1-2021-06-08-10-21-41,no_retention_policy,WARN,"stored=0.01GB, logs never expire ($0.03/GB/mo)",MEDIUM
eu-west-1,cloudwatch_logs,/aws/sagemaker/Endpoints/PdM-UC1-AD-LU17-MC4-FoldingWheel2-2021-06-08-09-58-49,no_retention_policy,WARN,"stored=0.01GB, logs never expire ($0.03/GB/mo)",MEDIUM
eu-west-1,cloudwatch_logs,/aws/sagemaker/Endpoints/PdM-UC1-AD-LU17-MC4-HWPusher-2021-06-08-11-07-55,no_retention_policy,WARN,"stored=0.01GB, logs never expire ($0.03/GB/mo)",MEDIUM
eu-west-1,cloudwatch_logs,/aws/sagemaker/Endpoints/PdM-UC1-AD-LU17-MC4-HopperWheel-2021-06-08-10-06-26,no_retention_policy,WARN,"stored=0.01GB, logs never expire ($0.03/GB/mo)",MEDIUM
eu-west-1,cloudwatch_logs,/aws/sagemaker/Endpoints/PdM-UC1-AD-LU17-MC4-InFrameClampGet-2021-06-08-10-14-03,no_retention_policy,WARN,"stored=0.01GB, logs never expire ($0.03/GB/mo)",MEDIUM
eu-west-1,cloudwatch_logs,/aws/sagemaker/Endpoints/PdM-UC1-AD-LU17-MC4-InFrameClampPut-2021-03-30-12-30-48,no_retention_policy,WARN,"stored=0.17GB, logs never expire ($0.03/GB/mo)",MEDIUM
eu-west-1,cloudwatch_logs,/aws/sagemaker/Endpoints/PdM-UC1-AD-LU17-MC4-InFrameClampPut-2021-05-31-07-13-58,no_retention_policy,WARN,"stored=0.02GB, logs never expire ($0.03/GB/mo)",MEDIUM
eu-west-1,cloudwatch_logs,/aws/sagemaker/Endpoints/PdM-UC1-AD-LU17-MC4-InFrameClampPut-2021-06-08-09-12-03,no_retention_policy,WARN,"stored=0.01GB, logs never expire ($0.03/GB/mo)",MEDIUM
eu-west-1,cloudwatch_logs,/aws/sagemaker/Endpoints/PdM-UC1-AD-LU17-MC4-InFrameEngraver-2021-06-08-12-39-52,no_retention_policy,WARN,"stored=0.01GB, logs never expire ($0.03/GB/mo)",MEDIUM
eu-west-1,cloudwatch_logs,/aws/sagemaker/Endpoints/PdM-UC1-AD-LU17-MC4-InFrameUnwinder-2021-06-08-09-42-35,no_retention_policy,WARN,"stored=0.01GB, logs never expire ($0.03/GB/mo)",MEDIUM
eu-west-1,cloudwatch_logs,/aws/sagemaker/Endpoints/PdM-UC1-AD-LU17-MC4-LowBundleFolder-2021-06-08-10-36-55,no_retention_policy,WARN,"stored=0.01GB, logs never expire ($0.03/GB/mo)",MEDIUM
eu-west-1,cloudwatch_logs,/aws/sagemaker/Endpoints/PdM-UC1-AD-LU17-MC4-PaddleOpener-2021-06-08-11-53-39,no_retention_policy,WARN,"stored=0.01GB, logs never expire ($0.03/GB/mo)",MEDIUM
eu-west-1,cloudwatch_logs,/aws/sagemaker/Endpoints/PdM-UC1-AD-LU17-MC4-PaddlePusher-2021-06-08-11-23-10,no_retention_policy,WARN,"stored=0.01GB, logs never expire ($0.03/GB/mo)",MEDIUM
eu-west-1,cloudwatch_logs,/aws/sagemaker/Endpoints/PdM-UC1-AD-LU17-MC4-RotBundleFolder-2021-06-08-11-30-47,no_retention_policy,WARN,"stored=0.01GB, logs never expire ($0.03/GB/mo)",MEDIUM
eu-west-1,cloudwatch_logs,/aws/sagemaker/Endpoints/PdM-UC1-AD-LU17-MC4-TinFoilBelt-2021-03-30-12-44-04,no_retention_policy,WARN,"stored=0.17GB, logs never expire ($0.03/GB/mo)",MEDIUM
eu-west-1,cloudwatch_logs,/aws/sagemaker/Endpoints/PdM-UC1-AD-LU17-MC4-TinFoilBelt-2021-05-31-07-25-13,no_retention_policy,WARN,"stored=0.02GB, logs never expire ($0.03/GB/mo)",MEDIUM
eu-west-1,cloudwatch_logs,/aws/sagemaker/Endpoints/PdM-UC1-AD-LU17-MC4-TinFoilBelt-2021-06-08-09-27-19,no_retention_policy,WARN,"stored=0.01GB, logs never expire ($0.03/GB/mo)",MEDIUM
eu-west-1,cloudwatch_logs,/aws/sagemaker/Endpoints/PdM-UC1-AD-LU17-MC4-TinFoilBeltRaise-2021-06-08-10-52-39,no_retention_policy,WARN,"stored=0.01GB, logs never expire ($0.03/GB/mo)",MEDIUM
eu-west-1,cloudwatch_logs,/aws/sagemaker/Endpoints/PdM-UC1-AD-LU17-MC4-TinFoilCutDrum-2021-06-08-11-46-02,no_retention_policy,WARN,"stored=0.01GB, logs never expire ($0.03/GB/mo)",MEDIUM
eu-west-1,cloudwatch_logs,/aws/sagemaker/Endpoints/PdM-UC1-AD-LU17-MC4-TinFoilFolder-2021-06-08-10-29-18,no_retention_policy,WARN,"stored=0.01GB, logs never expire ($0.03/GB/mo)",MEDIUM
eu-west-1,cloudwatch_logs,/aws/sagemaker/Endpoints/PdM-UC1-AD-LU17-MC4-VacuumManager-2021-06-08-09-51-12,no_retention_policy,WARN,"stored=0.01GB, logs never expire ($0.03/GB/mo)",MEDIUM
eu-west-1,cloudwatch_logs,/aws/sagemaker/Endpoints/PdM-UC1-AD-LU17-MCO-InFramePreUnwind-2021-06-08-10-45-02,no_retention_policy,WARN,"stored=0.01GB, logs never expire ($0.03/GB/mo)",MEDIUM
eu-west-1,cloudwatch_logs,/aws/sagemaker/Endpoints/PdM-UC1-AD-LU19-MC4-BlankBumper-2021-05-31-08-54-56,no_retention_policy,WARN,"stored=0.03GB, logs never expire ($0.03/GB/mo)",MEDIUM
eu-west-1,cloudwatch_logs,/aws/sagemaker/Endpoints/PdM-UC1-AD-LU19-MC4-BlankEarFolder-2021-05-31-09-08-11,no_retention_policy,WARN,"stored=0.03GB, logs never expire ($0.03/GB/mo)",MEDIUM
eu-west-1,cloudwatch_logs,/aws/sagemaker/Endpoints/PdM-UC1-AD-LU19-MC4-BlankPreFolder1-2021-05-31-08-09-06,no_retention_policy,WARN,"stored=0.03GB, logs never expire ($0.03/GB/mo)",MEDIUM
eu-west-1,cloudwatch_logs,/aws/sagemaker/Endpoints/PdM-UC1-AD-LU19-MC4-BlankWheel-2021-05-31-08-41-12,no_retention_policy,WARN,"stored=0.03GB, logs never expire ($0.03/GB/mo)",MEDIUM
eu-west-1,cloudwatch_logs,/aws/sagemaker/Endpoints/PdM-UC1-AD-LU19-MC4-BundlePullOver-2021-05-31-07-29-23,no_retention_policy,WARN,"stored=0.03GB, logs never expire ($0.03/GB/mo)",MEDIUM
eu-west-1,cloudwatch_logs,/aws/sagemaker/Endpoints/PdM-UC1-AD-LU19-MC4-EmbossingDrum-2021-05-31-08-15-44,no_retention_policy,WARN,"stored=0.03GB, logs never expire ($0.03/GB/mo)",MEDIUM
eu-west-1,cloudwatch_logs,/aws/sagemaker/Endpoints/PdM-UC1-AD-LU19-MC4-ExitBelt-2021-05-31-07-49-14,no_retention_policy,WARN,"stored=0.03GB, logs never expire ($0.03/GB/mo)",MEDIUM
eu-west-1,cloudwatch_logs,/aws/sagemaker/Endpoints/PdM-UC1-AD-LU19-MC4-ExitBeltLifter-2021-05-31-07-55-51,no_retention_policy,WARN,"stored=0.03GB, logs never expire ($0.03/GB/mo)",MEDIUM
eu-west-1,cloudwatch_logs,/aws/sagemaker/Endpoints/PdM-UC1-AD-LU19-MC4-FW1ClampUnlocker-2021-05-31-09-01-34,no_retention_policy,WARN,"stored=0.03GB, logs never expire ($0.03/GB/mo)",MEDIUM
eu-west-1,cloudwatch_logs,/aws/sagemaker/Endpoints/PdM-UC1-AD-LU19-MC4-FW2Pusher-2021-05-31-08-27-57,no_retention_policy,WARN,"stored=0.03GB, logs never expire ($0.03/GB/mo)",MEDIUM
eu-west-1,cloudwatch_logs,/aws/sagemaker/Endpoints/PdM-UC1-AD-LU19-MC4-GlueTrolley-2021-05-31-07-42-37,no_retention_policy,WARN,"stored=0.03GB, logs never expire ($0.03/GB/mo)",MEDIUM
eu-west-1,cloudwatch_logs,/aws/sagemaker/Endpoints/PdM-UC1-AD-LU19-MC4-HopperWheel-2021-05-31-09-14-48,no_retention_policy,WARN,"stored=0.03GB, logs never expire ($0.03/GB/mo)",MEDIUM
eu-west-1,cloudwatch_logs,/aws/sagemaker/Endpoints/PdM-UC1-AD-LU19-MC4-LowBundleFolder-2021-05-31-08-34-35,no_retention_policy,WARN,"stored=0.03GB, logs never expire ($0.03/GB/mo)",MEDIUM
eu-west-1,cloudwatch_logs,/aws/sagemaker/Endpoints/PdM-UC1-AD-LU19-MC4-TinFoilBelt-2021-05-31-08-02-29,no_retention_policy,WARN,"stored=0.03GB, logs never expire ($0.03/GB/mo)",MEDIUM
eu-west-1,cloudwatch_logs,/aws/sagemaker/Endpoints/PdM-UC1-AD-LU19-MC4-TinFoilCutDrum-2021-05-31-08-21-20,no_retention_policy,WARN,"stored=0.03GB, logs never expire ($0.03/GB/mo)",MEDIUM
eu-west-1,cloudwatch_logs,/aws/sagemaker/Endpoints/PdM-UC1-AD-LU19-MC4-TinFoilFolder-2021-05-31-07-36-00,no_retention_policy,WARN,"stored=0.03GB, logs never expire ($0.03/GB/mo)",MEDIUM
eu-west-1,cloudwatch_logs,/aws/sagemaker/Endpoints/PdM-UC1-AD-LU19-MC4-TinFoilPullKnife-2021-05-31-08-48-19,no_retention_policy,WARN,"stored=0.03GB, logs never expire ($0.03/GB/mo)",MEDIUM
eu-west-1,cloudwatch_logs,/aws/sagemaker/Endpoints/PdM-UC3-Arima,no_retention_policy,WARN,"stored=0.25GB, logs never expire ($0.03/GB/mo)",MEDIUM
eu-west-1,cloudwatch_logs,/aws/sagemaker/Endpoints/PdM-UC3-Arima-2021-03-31-06-54-39-062,no_retention_policy,WARN,"stored=0.24GB, logs never expire ($0.03/GB/mo)",MEDIUM
eu-west-1,cloudwatch_logs,/aws/sagemaker/Endpoints/PdM-UC3-Arima-2021-06-30-14-41-15-040,no_retention_policy,WARN,"stored=0.00GB, logs never expire ($0.03/GB/mo)",MEDIUM
eu-west-1,cloudwatch_logs,/aws/sagemaker/Endpoints/PdM-UC3-Arima-test,no_retention_policy,WARN,"stored=0.00GB, logs never expire ($0.03/GB/mo)",MEDIUM
eu-west-1,cloudwatch_logs,/aws/sagemaker/Endpoints/PdM-UC3-UPZ1-Forcs,no_retention_policy,WARN,"stored=0.24GB, logs never expire ($0.03/GB/mo)",MEDIUM
eu-west-1,cloudwatch_logs,/aws/sagemaker/Endpoints/PdM-UC3-UPZ1-Forcs-2021-03-15-16-09-36-936,no_retention_policy,WARN,"stored=0.00GB, logs never expire ($0.03/GB/mo)",MEDIUM
eu-west-1,cloudwatch_logs,/aws/sagemaker/Endpoints/PdM-UC3-UPZ1-Forcs-2021-03-30-12-19-02-420,no_retention_policy,WARN,"stored=0.23GB, logs never expire ($0.03/GB/mo)",MEDIUM
eu-west-1,cloudwatch_logs,/aws/sagemaker/Endpoints/PdM-UC3-UPZ1-Forcs-2021-07-01-06-43-11-682,no_retention_policy,WARN,"stored=0.00GB, logs never expire ($0.03/GB/mo)",MEDIUM
eu-west-1,cloudwatch_logs,/aws/sagemaker/Endpoints/PdM-UC3-UPZ2-Forcs,no_retention_policy,WARN,"stored=0.24GB, logs never expire ($0.03/GB/mo)",MEDIUM
eu-west-1,cloudwatch_logs,/aws/sagemaker/Endpoints/PdM-UC3-UPZ2-Forcs-2021-03-30-12-27-14-275,no_retention_policy,WARN,"stored=0.23GB, logs never expire ($0.03/GB/mo)",MEDIUM
eu-west-1,cloudwatch_logs,/aws/sagemaker/Endpoints/PdM-UC3-UPZ2-Forcs-2021-07-01-06-48-51-500,no_retention_policy,WARN,"stored=0.00GB, logs never expire ($0.03/GB/mo)",MEDIUM
eu-west-1,cloudwatch_logs,/aws/sagemaker/Endpoints/TEST-PRIMARY-ENDPOINT,no_retention_policy,WARN,"stored=0.03GB, logs never expire ($0.03/GB/mo)",MEDIUM
eu-west-1,cloudwatch_logs,/aws/sagemaker/Endpoints/abc,no_retention_policy,WARN,"stored=0.00GB, logs never expire ($0.03/GB/mo)",MEDIUM
eu-west-1,cloudwatch_logs,/aws/sagemaker/Endpoints/lightgbm-test,no_retention_policy,WARN,"stored=0.08GB, logs never expire ($0.03/GB/mo)",MEDIUM
eu-west-1,cloudwatch_logs,/aws/sagemaker/Endpoints/lwp-RF-tuner-2022-02-15-10-38-37-750,no_retention_policy,WARN,"stored=0.00GB, logs never expire ($0.03/GB/mo)",MEDIUM
eu-west-1,cloudwatch_logs,/aws/sagemaker/Endpoints/lwp-RF-tuner-2022-02-16-07-06-06-133,no_retention_policy,WARN,"stored=0.00GB, logs never expire ($0.03/GB/mo)",MEDIUM
eu-west-1,cloudwatch_logs,/aws/sagemaker/Endpoints/lwp-RF-tuner-2022-02-17-08-22-21-528,no_retention_policy,WARN,"stored=0.00GB, logs never expire ($0.03/GB/mo)",MEDIUM
eu-west-1,cloudwatch_logs,/aws/sagemaker/Endpoints/lwp-RF-tuner-2022-02-21-09-49-28-483,no_retention_policy,WARN,"stored=0.00GB, logs never expire ($0.03/GB/mo)",MEDIUM
eu-west-1,cloudwatch_logs,/aws/sagemaker/Endpoints/lwp-demo-experiment-endpoint,no_retention_policy,WARN,"stored=0.00GB, logs never expire ($0.03/GB/mo)",MEDIUM
eu-west-1,cloudwatch_logs,/aws/sagemaker/Endpoints/lwp-demo-project-exp-75da3a8ebc3e4574abde9a0a10a41416,no_retention_policy,WARN,"stored=0.01GB, logs never expire ($0.03/GB/mo)",MEDIUM
eu-west-1,cloudwatch_logs,/aws/sagemaker/Endpoints/lwp-demo-project-exp-endpoint,no_retention_policy,WARN,"stored=0.00GB, logs never expire ($0.03/GB/mo)",MEDIUM
eu-west-1,cloudwatch_logs,/aws/sagemaker/Endpoints/lwp-demo-project-exp-house,no_retention_policy,WARN,"stored=0.00GB, logs never expire ($0.03/GB/mo)",MEDIUM
eu-west-1,cloudwatch_logs,/aws/sagemaker/Endpoints/lwp-demo-project-exp-house-endpoint,no_retention_policy,WARN,"stored=0.00GB, logs never expire ($0.03/GB/mo)",MEDIUM
eu-west-1,cloudwatch_logs,/aws/sagemaker/Endpoints/lwp-demo-project-exp-house2-endpoint,no_retention_policy,WARN,"stored=0.00GB, logs never expire ($0.03/GB/mo)",MEDIUM
eu-west-1,cloudwatch_logs,/aws/sagemaker/Endpoints/lwp-demo-project-staging,no_retention_policy,WARN,"stored=0.02GB, logs never expire ($0.03/GB/mo)",MEDIUM
eu-west-1,cloudwatch_logs,/aws/sagemaker/Endpoints/lwp-dev-qa-deployment-dev,no_retention_policy,WARN,"stored=0.00GB, logs never expire ($0.03/GB/mo)",MEDIUM
eu-west-1,cloudwatch_logs,/aws/sagemaker/Endpoints/lwp-dev-qa-deployment-qas,no_retention_policy,WARN,"stored=0.00GB, logs never expire ($0.03/GB/mo)",MEDIUM
eu-west-1,cloudwatch_logs,/aws/sagemaker/Endpoints/lwp-dev-qas-project-v42-3-dev,no_retention_policy,WARN,"stored=0.19GB, logs never expire ($0.03/GB/mo)",MEDIUM
eu-west-1,cloudwatch_logs,/aws/sagemaker/Endpoints/lwp-sm-endpoint,no_retention_policy,WARN,"stored=0.00GB, logs never expire ($0.03/GB/mo)",MEDIUM
eu-west-1,cloudwatch_logs,/aws/sagemaker/Endpoints/mme-rcf-settings,no_retention_policy,WARN,"stored=0.03GB, logs never expire ($0.03/GB/mo)",MEDIUM
eu-west-1,cloudwatch_logs,/aws/sagemaker/Endpoints/mme-rcf-settings-2023-11-14-10-14-49,no_retention_policy,WARN,"stored=0.00GB, logs never expire ($0.03/GB/mo)",MEDIUM
eu-west-1,cloudwatch_logs,/aws/sagemaker/Endpoints/mme-rcf-settings-2023-11-14-10-56-02,no_retention_policy,WARN,"stored=0.00GB, logs never expire ($0.03/GB/mo)",MEDIUM
eu-west-1,cloudwatch_logs,/aws/sagemaker/Endpoints/random-cut-forest-pdm-multi,no_retention_policy,WARN,"stored=0.01GB, logs never expire ($0.03/GB/mo)",MEDIUM
eu-west-1,cloudwatch_logs,/aws/sagemaker/Endpoints/randomcutforest-2023-02-24-11-42-01-853,no_retention_policy,WARN,"stored=0.00GB, logs never expire ($0.03/GB/mo)",MEDIUM
eu-west-1,cloudwatch_logs,/aws/sagemaker/Endpoints/randomcutforest-2023-02-24-11-55-10-652,no_retention_policy,WARN,"stored=0.00GB, logs never expire ($0.03/GB/mo)",MEDIUM
eu-west-1,cloudwatch_logs,/aws/sagemaker/Endpoints/randomcutforest-2023-02-24-14-21-13-952,no_retention_policy,WARN,"stored=0.00GB, logs never expire ($0.03/GB/mo)",MEDIUM
eu-west-1,cloudwatch_logs,/aws/sagemaker/Endpoints/randomcutforest-2023-02-24-16-12-00-276,no_retention_policy,WARN,"stored=0.00GB, logs never expire ($0.03/GB/mo)",MEDIUM
eu-west-1,cloudwatch_logs,/aws/sagemaker/Endpoints/randomcutforest-2023-03-16-11-59-00-556,no_retention_policy,WARN,"stored=0.00GB, logs never expire ($0.03/GB/mo)",MEDIUM
eu-west-1,cloudwatch_logs,/aws/sagemaker/Endpoints/randomcutforest-2023-03-16-12-29-57-197,no_retention_policy,WARN,"stored=0.00GB, logs never expire ($0.03/GB/mo)",MEDIUM
eu-west-1,cloudwatch_logs,/aws/sagemaker/Endpoints/randomcutforest-2023-03-16-16-52-40-113,no_retention_policy,WARN,"stored=0.00GB, logs never expire ($0.03/GB/mo)",MEDIUM
eu-west-1,cloudwatch_logs,/aws/sagemaker/Endpoints/randomcutforest-2023-03-17-08-36-25-851,no_retention_policy,WARN,"stored=0.00GB, logs never expire ($0.03/GB/mo)",MEDIUM
eu-west-1,cloudwatch_logs,/aws/sagemaker/Endpoints/randomcutforest-2023-03-17-10-10-02-037,no_retention_policy,WARN,"stored=0.00GB, logs never expire ($0.03/GB/mo)",MEDIUM
eu-west-1,cloudwatch_logs,/aws/sagemaker/Endpoints/randomcutforest-2023-03-17-14-41-59-299,no_retention_policy,WARN,"stored=0.00GB, logs never expire ($0.03/GB/mo)",MEDIUM
eu-west-1,cloudwatch_logs,/aws/sagemaker/Endpoints/randomcutforest-2023-03-17-14-55-55-495,no_retention_policy,WARN,"stored=0.00GB, logs never expire ($0.03/GB/mo)",MEDIUM
eu-west-1,cloudwatch_logs,/aws/sagemaker/Endpoints/randomcutforest-2023-03-20-08-17-48-353,no_retention_policy,WARN,"stored=0.00GB, logs never expire ($0.03/GB/mo)",MEDIUM
eu-west-1,cloudwatch_logs,/aws/sagemaker/Endpoints/randomcutforest-2023-03-20-08-27-30-127,no_retention_policy,WARN,"stored=0.00GB, logs never expire ($0.03/GB/mo)",MEDIUM
eu-west-1,cloudwatch_logs,/aws/sagemaker/Endpoints/randomcutforest-2023-03-30-10-37-15-812,no_retention_policy,WARN,"stored=0.00GB, logs never expire ($0.03/GB/mo)",MEDIUM
eu-west-1,cloudwatch_logs,/aws/sagemaker/Endpoints/randomcutforest-2023-10-09-23-44-19-490,no_retention_policy,WARN,"stored=0.00GB, logs never expire ($0.03/GB/mo)",MEDIUM
eu-west-1,cloudwatch_logs,/aws/sagemaker/Endpoints/randomcutforest-2023-10-10-08-00-06-539,no_retention_policy,WARN,"stored=0.00GB, logs never expire ($0.03/GB/mo)",MEDIUM
eu-west-1,cloudwatch_logs,/aws/sagemaker/Endpoints/randomcutforest-2023-10-10-09-07-29-630,no_retention_policy,WARN,"stored=0.00GB, logs never expire ($0.03/GB/mo)",MEDIUM
eu-west-1,cloudwatch_logs,/aws/sagemaker/Endpoints/randomcutforest-2023-10-10-09-36-07-272,no_retention_policy,WARN,"stored=0.00GB, logs never expire ($0.03/GB/mo)",MEDIUM
eu-west-1,cloudwatch_logs,/aws/sagemaker/Endpoints/randomcutforest-2023-10-10-09-59-40-499,no_retention_policy,WARN,"stored=0.00GB, logs never expire ($0.03/GB/mo)",MEDIUM
eu-west-1,cloudwatch_logs,/aws/sagemaker/Endpoints/randomcutforest-2023-10-10-10-36-52-414,no_retention_policy,WARN,"stored=0.00GB, logs never expire ($0.03/GB/mo)",MEDIUM
eu-west-1,cloudwatch_logs,/aws/sagemaker/Endpoints/randomcutforest-2023-10-10-10-51-07-685,no_retention_policy,WARN,"stored=0.00GB, logs never expire ($0.03/GB/mo)",MEDIUM
eu-west-1,cloudwatch_logs,/aws/sagemaker/Endpoints/randomcutforest-2023-10-10-11-28-25-915,no_retention_policy,WARN,"stored=0.00GB, logs never expire ($0.03/GB/mo)",MEDIUM
eu-west-1,cloudwatch_logs,/aws/sagemaker/Endpoints/randomcutforest-2023-10-10-12-33-02-238,no_retention_policy,WARN,"stored=0.00GB, logs never expire ($0.03/GB/mo)",MEDIUM
eu-west-1,cloudwatch_logs,/aws/sagemaker/Endpoints/randomcutforest-2023-10-10-13-26-30-726,no_retention_policy,WARN,"stored=0.00GB, logs never expire ($0.03/GB/mo)",MEDIUM
eu-west-1,cloudwatch_logs,/aws/sagemaker/Endpoints/randomcutforest-2023-10-10-13-56-27-786,no_retention_policy,WARN,"stored=0.00GB, logs never expire ($0.03/GB/mo)",MEDIUM
eu-west-1,cloudwatch_logs,/aws/sagemaker/Endpoints/randomcutforest-2023-10-19-14-15-14-840,no_retention_policy,WARN,"stored=0.00GB, logs never expire ($0.03/GB/mo)",MEDIUM
eu-west-1,cloudwatch_logs,/aws/sagemaker/Endpoints/randomcutforest-2023-10-23-08-48-38-233,no_retention_policy,WARN,"stored=0.00GB, logs never expire ($0.03/GB/mo)",MEDIUM
eu-west-1,cloudwatch_logs,/aws/sagemaker/Endpoints/randomcutforest-2023-10-23-19-10-59-381,no_retention_policy,WARN,"stored=0.00GB, logs never expire ($0.03/GB/mo)",MEDIUM
eu-west-1,cloudwatch_logs,/aws/sagemaker/Endpoints/randomcutforest-2023-10-24-09-47-32-937,no_retention_policy,WARN,"stored=0.00GB, logs never expire ($0.03/GB/mo)",MEDIUM
eu-west-1,cloudwatch_logs,/aws/sagemaker/Endpoints/randomcutforest-2023-10-24-14-48-17-958,no_retention_policy,WARN,"stored=0.00GB, logs never expire ($0.03/GB/mo)",MEDIUM
eu-west-1,cloudwatch_logs,/aws/sagemaker/Endpoints/randomcutforest-2023-10-30-12-04-17-994,no_retention_policy,WARN,"stored=0.00GB, logs never expire ($0.03/GB/mo)",MEDIUM
eu-west-1,cloudwatch_logs,/aws/sagemaker/Endpoints/randomcutforest-2023-10-30-12-21-30-486,no_retention_policy,WARN,"stored=0.00GB, logs never expire ($0.03/GB/mo)",MEDIUM
eu-west-1,cloudwatch_logs,/aws/sagemaker/Endpoints/randomcutforest-2023-10-30-12-36-33-839,no_retention_policy,WARN,"stored=0.00GB, logs never expire ($0.03/GB/mo)",MEDIUM
eu-west-1,cloudwatch_logs,/aws/sagemaker/Endpoints/randomcutforest-2023-10-30-12-46-57-789,no_retention_policy,WARN,"stored=0.00GB, logs never expire ($0.03/GB/mo)",MEDIUM
eu-west-1,cloudwatch_logs,/aws/sagemaker/Endpoints/randomcutforest-2023-10-30-12-55-41-658,no_retention_policy,WARN,"stored=0.00GB, logs never expire ($0.03/GB/mo)",MEDIUM
eu-west-1,cloudwatch_logs,/aws/sagemaker/Endpoints/randomcutforest-2023-10-30-13-46-49-814,no_retention_policy,WARN,"stored=0.00GB, logs never expire ($0.03/GB/mo)",MEDIUM
eu-west-1,cloudwatch_logs,/aws/sagemaker/Endpoints/randomcutforest-2023-10-30-14-38-14-745,no_retention_policy,WARN,"stored=0.00GB, logs never expire ($0.03/GB/mo)",MEDIUM
eu-west-1,cloudwatch_logs,/aws/sagemaker/Endpoints/sagemaker-scikit-learn-2022-02-21-10-04-09-132,no_retention_policy,WARN,"stored=0.00GB, logs never expire ($0.03/GB/mo)",MEDIUM
eu-west-1,cloudwatch_logs,/aws/sagemaker/Endpoints/sagemaker-scikit-learn-2022-02-24-14-55-59-110,no_retention_policy,WARN,"stored=0.00GB, logs never expire ($0.03/GB/mo)",MEDIUM
eu-west-1,cloudwatch_logs,/aws/sagemaker/Endpoints/sagemaker-scikit-learn-2024-01-23-12-38-02-993,no_retention_policy,WARN,"stored=0.00GB, logs never expire ($0.03/GB/mo)",MEDIUM
eu-west-1,cloudwatch_logs,/aws/sagemaker/Endpoints/sagemaker-scikit-learn-2024-01-23-13-55-51-633,no_retention_policy,WARN,"stored=0.00GB, logs never expire ($0.03/GB/mo)",MEDIUM
eu-west-1,cloudwatch_logs,/aws/sagemaker/Endpoints/sm-clarify-pipelines-aacxdqcaj9rp-AbaloneCreate-1647243330-e24c,no_retention_policy,WARN,"stored=0.00GB, logs never expire ($0.03/GB/mo)",MEDIUM
eu-west-1,cloudwatch_logs,/aws/sagemaker/Endpoints/sm-clarify-pipelines-aacxdqcaj9rp-AbaloneCreate-1647243334-c3c2,no_retention_policy,WARN,"stored=0.00GB, logs never expire ($0.03/GB/mo)",MEDIUM
eu-west-1,cloudwatch_logs,/aws/sagemaker/Endpoints/test-multi-model-endpoint,no_retention_policy,WARN,"stored=0.00GB, logs never expire ($0.03/GB/mo)",MEDIUM
eu-west-1,cloudwatch_logs,/aws/sagemaker/Endpoints/test2-multi-model-endpoint,no_retention_policy,WARN,"stored=0.00GB, logs never expire ($0.03/GB/mo)",MEDIUM
eu-west-1,cloudwatch_logs,/aws/sagemaker/NotebookInstances,no_retention_policy,WARN,"stored=0.02GB, logs never expire ($0.03/GB/mo)",MEDIUM
eu-west-1,cloudwatch_logs,/aws/sagemaker/ProcessingJobs,no_retention_policy,WARN,"stored=0.03GB, logs never expire ($0.03/GB/mo)",MEDIUM
eu-west-1,cloudwatch_logs,/aws/sagemaker/TrainingJobs,no_retention_policy,WARN,"stored=0.11GB, logs never expire ($0.03/GB/mo)",MEDIUM
eu-west-1,cloudwatch_logs,/aws/sagemaker/TransformJobs,no_retention_policy,WARN,"stored=0.00GB, logs never expire ($0.03/GB/mo)",MEDIUM
eu-west-1,cloudwatch_logs,/aws/sagemaker/studio,no_retention_policy,WARN,"stored=16.65GB, logs never expire ($0.03/GB/mo)",MEDIUM
eu-west-1,cloudwatch_logs,/aws/vendedlogs/events/event-bus/test-event-bus,no_retention_policy,WARN,"stored=0.00GB, logs never expire ($0.03/GB/mo)",MEDIUM
eu-west-1,cloudwatch_logs,/aws/vendedlogs/states/MyStateMachine-Logs,no_retention_policy,WARN,"stored=0.00GB, logs never expire ($0.03/GB/mo)",MEDIUM
eu-west-1,cloudwatch_logs,/aws/vendedlogs/states/PDMAnomalyTestStateMachine-Logs,no_retention_policy,WARN,"stored=0.00GB, logs never expire ($0.03/GB/mo)",MEDIUM
eu-west-1,cloudwatch_logs,/aws/vendedlogs/states/PDM_secondary-Logs,no_retention_policy,WARN,"stored=0.00GB, logs never expire ($0.03/GB/mo)",MEDIUM
eu-west-1,cloudwatch_logs,/aws/vendedlogs/states/ic-pdm-gd-combiners-data-bulk-pipeline-test-Logs,no_retention_policy,WARN,"stored=0.00GB, logs never expire ($0.03/GB/mo)",MEDIUM
eu-west-1,cloudwatch_logs,/aws/vendedlogs/states/ic-pdm-sf-gd-combiners-data-pipeline-Logs,no_retention_policy,WARN,"stored=0.00GB, logs never expire ($0.03/GB/mo)",MEDIUM
eu-west-1,cloudwatch_logs,/aws/vendedlogs/states/ic-pdm-sf-secondary-massive-retrain-Logs,no_retention_policy,WARN,"stored=0.00GB, logs never expire ($0.03/GB/mo)",MEDIUM
eu-west-1,cloudwatch_logs,/aws/vendedlogs/states/mgolczyk-Logs,no_retention_policy,WARN,"stored=0.00GB, logs never expire ($0.03/GB/mo)",MEDIUM
eu-west-1,cloudwatch_logs,/aws/vendedlogs/states/mgolczyk_display_test-Logs,no_retention_policy,WARN,"stored=0.00GB, logs never expire ($0.03/GB/mo)",MEDIUM
eu-west-1,cloudwatch_logs,/aws/vendedlogs/states/mgolczyk_test,no_retention_policy,WARN,"stored=0.00GB, logs never expire ($0.03/GB/mo)",MEDIUM
eu-west-1,cloudwatch_logs,/aws/vpc/cw-dashboard-flowlogs,no_retention_policy,WARN,"stored=304.16GB, logs never expire ($0.03/GB/mo)",MEDIUM
eu-west-1,cloudwatch_logs,/ec2-linux//lcs,no_retention_policy,WARN,"stored=5.73GB, logs never expire ($0.03/GB/mo)",MEDIUM
eu-west-1,cloudwatch_logs,/var/log/messages,no_retention_policy,WARN,"stored=0.01GB, logs never expire ($0.03/GB/mo)",MEDIUM
eu-west-1,cloudwatch_logs,API-Gateway-Execution-Logs_sx0xixzdsc/default,no_retention_policy,WARN,"stored=0.00GB, logs never expire ($0.03/GB/mo)",MEDIUM
eu-west-1,cloudwatch_logs,LOG_GROUP_NAME_PLACEHOLDER,no_retention_policy,WARN,"stored=0.01GB, logs never expire ($0.03/GB/mo)",MEDIUM
eu-west-1,cloudwatch_logs,PLACEHOLDER,no_retention_policy,WARN,"stored=6.42GB, logs never expire ($0.03/GB/mo)",MEDIUM
eu-west-1,cloudwatch_logs,aws-nat-vpc-flow-log-custom-format,no_retention_policy,WARN,"stored=15.47GB, logs never expire ($0.03/GB/mo)",MEDIUM
eu-west-1,cloudwatch_logs,daas-loggroup-glue-state-change,no_retention_policy,WARN,"stored=0.00GB, logs never expire ($0.03/GB/mo)",MEDIUM
eu-west-1,cloudwatch_logs,dms-tasks-dms-s3-to-rds,no_retention_policy,WARN,"stored=0.01GB, logs never expire ($0.03/GB/mo)",MEDIUM
eu-west-1,cloudwatch_logs,dms-tasks-qa-digiperf-data-mogration-instance,no_retention_policy,WARN,"stored=0.09GB, logs never expire ($0.03/GB/mo)",MEDIUM
eu-west-1,cloudwatch_logs,dms-tasks-solacecdcpoc,no_retention_policy,WARN,"stored=0.02GB, logs never expire ($0.03/GB/mo)",MEDIUM
eu-west-1,cloudwatch_logs,jupyternotebook/error,no_retention_policy,WARN,"stored=0.01GB, logs never expire ($0.03/GB/mo)",MEDIUM
eu-west-1,cloudwatch_logs,jupyternotebook/output,no_retention_policy,WARN,"stored=0.00GB, logs never expire ($0.03/GB/mo)",MEDIUM
eu-west-1,cloudwatch_logs,lambda/ic-pdm-gd-data-upload,no_retention_policy,WARN,"stored=0.00GB, logs never expire ($0.03/GB/mo)",MEDIUM
eu-west-1,cloudwatch_logs,vpc-flowlog-loggroup-vpc-082d33a3e7c4656be,no_retention_policy,WARN,"stored=0.00GB, logs never expire ($0.03/GB/mo)",MEDIUM
eu-west-1,cloudwatch_logs,yara,no_retention_policy,WARN,"stored=0.00GB, logs never expire ($0.03/GB/mo)",MEDIUM
eu-west-1,ecr,mso-dsfts-rod-break,no_lifecycle_policy,WARN,"images=16, old images never cleaned up ($0.10/GB/mo)",LOW
eu-west-1,ecr,integra-apollo-poc-repo,no_lifecycle_policy,WARN,"images=14, old images never cleaned up ($0.10/GB/mo)",LOW
eu-west-1,ecr,iitops-ic-awacs-msokm-baseline-generator,no_lifecycle_policy,WARN,"images=13, old images never cleaned up ($0.10/GB/mo)",LOW
eu-west-1,ecr,grafana,no_lifecycle_policy,WARN,"images=2, old images never cleaned up ($0.10/GB/mo)",LOW
eu-west-1,ecr,apollo-api/cache,no_lifecycle_policy,WARN,"images=14, old images never cleaned up ($0.10/GB/mo)",LOW
eu-west-1,ecr,nxtf3pa-invoke-drift-manual,no_lifecycle_policy,WARN,"images=12, old images never cleaned up ($0.10/GB/mo)",LOW
eu-west-1,ecr,velero/velero,no_lifecycle_policy,WARN,"images=1, old images never cleaned up ($0.10/GB/mo)",LOW
eu-west-1,ecr,pyodbc_lambda,no_lifecycle_policy,WARN,"images=52, old images never cleaned up ($0.10/GB/mo)",LOW
eu-west-1,ecr,cogm/iitops-ic-cogm-machine-data-aggregation,no_lifecycle_policy,WARN,"images=23, old images never cleaned up ($0.10/GB/mo)",LOW
eu-west-1,ecr,nxt-drift,no_lifecycle_policy,WARN,"images=29, old images never cleaned up ($0.10/GB/mo)",LOW
eu-west-1,ecr,apollo-api,no_lifecycle_policy,WARN,"images=9, old images never cleaned up ($0.10/GB/mo)",LOW
eu-west-1,ecr,nxt_ingestion_digiperf,no_lifecycle_policy,WARN,"images=11, old images never cleaned up ($0.10/GB/mo)",LOW
eu-west-1,ecr,hvac,no_lifecycle_policy,WARN,"images=0, old images never cleaned up ($0.10/GB/mo)",LOW
eu-west-1,ecr,sagemaker-studio-d-m6o0scrte2z5,no_lifecycle_policy,WARN,"images=1, old images never cleaned up ($0.10/GB/mo)",LOW
eu-west-1,ecr,vernemq,no_lifecycle_policy,WARN,"images=1, old images never cleaned up ($0.10/GB/mo)",LOW
eu-west-1,ecr,icloud/msokm,no_lifecycle_policy,WARN,"images=0, old images never cleaned up ($0.10/GB/mo)",LOW
eu-west-1,ecr,postgresql-95-centos7,no_lifecycle_policy,WARN,"images=1, old images never cleaned up ($0.10/GB/mo)",LOW
eu-west-1,ecr,ic-awacs-portal-be-email-lambda,no_lifecycle_policy,WARN,"images=6, old images never cleaned up ($0.10/GB/mo)",LOW
eu-west-1,ecr,amazon/aws-ebs-csi-driver,no_lifecycle_policy,WARN,"images=3, old images never cleaned up ($0.10/GB/mo)",LOW
eu-west-1,ecr,nxt-machine-setting-training-manual,no_lifecycle_policy,WARN,"images=14, old images never cleaned up ($0.10/GB/mo)",LOW
eu-west-1,ecr,nxt_ingestion_prophet,no_lifecycle_policy,WARN,"images=22, old images never cleaned up ($0.10/GB/mo)",LOW
eu-west-1,ecr,nxt_ingestion_imel,no_lifecycle_policy,WARN,"images=16, old images never cleaned up ($0.10/GB/mo)",LOW
eu-west-1,ecr,opsdi-slc-orchestrator-agent,no_lifecycle_policy,WARN,"images=6, old images never cleaned up ($0.10/GB/mo)",LOW
eu-west-1,ecr,nxt-ingestion-prophet,no_lifecycle_policy,WARN,"images=13, old images never cleaned up ($0.10/GB/mo)",LOW
eu-west-1,ecr,velero/velero-plugin-for-aws,no_lifecycle_policy,WARN,"images=1, old images never cleaned up ($0.10/GB/mo)",LOW
eu-west-1,ecr,external-dns,no_lifecycle_policy,WARN,"images=1, old images never cleaned up ($0.10/GB/mo)",LOW
eu-west-1,secrets_manager,Integration-test-pwd,unused_secret,WARN,last accessed 1236 days ago ($0.40/mo),LOW
eu-west-1,secrets_manager,iitops-ic-awacs-acc-endpoint,unused_secret,WARN,last accessed 884 days ago ($0.40/mo),LOW
eu-west-1,secrets_manager,pge-buffering-db,unused_secret,WARN,last accessed 1178 days ago ($0.40/mo),LOW
eu-west-1,secrets_manager,pdm-historian-db,unused_secret,WARN,last accessed 896 days ago ($0.40/mo),LOW
eu-west-1,secrets_manager,iiot_pdm_sns_message_function_auth,unused_secret,WARN,last accessed 896 days ago ($0.40/mo),LOW
eu-west-1,secrets_manager,pge-api-secret,unused_secret,WARN,last accessed 1453 days ago ($0.40/mo),LOW
eu-west-1,secrets_manager,pdm_sns_message_function_auth,unused_secret,WARN,last accessed 896 days ago ($0.40/mo),LOW
eu-west-1,secrets_manager,pge-tmp-prd-daas-secret,unused_secret,WARN,last accessed 155 days ago ($0.40/mo),LOW
eu-west-1,secrets_manager,integration-test-pwd-diiot-ssp-1,unused_secret,WARN,last accessed 198 days ago ($0.40/mo),LOW
eu-west-1,secrets_manager,masterdatasync-api-user,unused_secret,WARN,last accessed 198 days ago ($0.40/mo),LOW
eu-west-1,secrets_manager,cido-rds-secret,unused_secret,WARN,last accessed 452 days ago ($0.40/mo),LOW
eu-west-1,secrets_manager,cido-rds-secret-manual,unused_secret,WARN,last accessed 574 days ago ($0.40/mo),LOW
eu-west-1,secrets_manager,pdm-ch-neu-buffering-db,unused_secret,WARN,last accessed 877 days ago ($0.40/mo),LOW
eu-west-1,secrets_manager,pdm_sftp,unused_secret,WARN,last accessed 653 days ago ($0.40/mo),LOW
eu-west-1,secrets_manager,awacs/vernemq-credentials,unused_secret,WARN,last accessed 696 days ago ($0.40/mo),LOW
eu-west-1,secrets_manager,temp_pdm,unused_secret,WARN,last accessed 896 days ago ($0.40/mo),LOW
eu-west-1,secrets_manager,daas-opensearch-secret,unused_secret,WARN,last accessed 140 days ago ($0.40/mo),LOW
eu-west-1,secrets_manager,iiot_awacs_cora_config,unused_secret,WARN,last accessed 1450 days ago ($0.40/mo),LOW
eu-west-1,secrets_manager,itgf-mfg-sec-iam-auth-api-dev-aad-aws,unused_secret,WARN,last accessed 891 days ago ($0.40/mo),LOW
eu-west-1,secrets_manager,pdm-gr-asp-buffering-db,unused_secret,WARN,last accessed 876 days ago ($0.40/mo),LOW
eu-west-1,secrets_manager,pdm-kr-ysn-buffering-db,unused_secret,WARN,last accessed 877 days ago ($0.40/mo),LOW
eu-west-1,secrets_manager,pdm_ssis_user,unused_secret,WARN,last accessed 653 days ago ($0.40/mo),LOW
eu-west-1,secrets_manager,leaf/leaf-crop,unused_secret,WARN,last accessed 679 days ago ($0.40/mo),LOW
eu-west-1,secrets_manager,leaf/leaf-clust,unused_secret,WARN,last accessed 679 days ago ($0.40/mo),LOW
eu-west-1,secrets_manager,leaf/jwt-secret,unused_secret,WARN,last accessed 679 days ago ($0.40/mo),LOW
eu-west-1,secrets_manager,acc/iitops-ic-awacs-config-api,unused_secret,WARN,last accessed 689 days ago ($0.40/mo),LOW
eu-west-1,secrets_manager,mgolczyk_ec2.pem,unused_secret,WARN,last accessed 1254 days ago ($0.40/mo),LOW
eu-west-1,secrets_manager,pdm_sftp_CH-NEU,unused_secret,WARN,last accessed 459 days ago ($0.40/mo),LOW
eu-west-1,secrets_manager,rds_test_mgolczyk,unused_secret,WARN,last accessed 777 days ago ($0.40/mo),LOW
eu-west-1,secrets_manager,integration-test-pwd-diiot-ssp-gitops,unused_secret,WARN,last accessed 274 days ago ($0.40/mo),LOW
eu-west-1,secrets_manager,ssp_rds_users_diiot-ssp-gitops,unused_secret,WARN,last accessed 274 days ago ($0.40/mo),LOW
eu-west-1,secrets_manager,predictive_users_to_store,unused_secret,WARN,last accessed 1227 days ago ($0.40/mo),LOW
eu-west-1,secrets_manager,mgolczyk-password-autorotation1,unused_secret,WARN,last accessed 1176 days ago ($0.40/mo),LOW
eu-west-1,secrets_manager,icloud-awacs/ic-awacs-appshell,unused_secret,WARN,last accessed 716 days ago ($0.40/mo),LOW
eu-west-1,secrets_manager,pdm-pl-krk-buffering-db,unused_secret,WARN,last accessed 896 days ago ($0.40/mo),LOW
eu-west-1,secrets_manager,pdm-pl-krk-historian-db,unused_secret,WARN,last accessed 631 days ago ($0.40/mo),LOW
eu-west-1,secrets_manager,diiot-ssp-gitops-rosa-db,unused_secret,WARN,last accessed 274 days ago ($0.40/mo),LOW
eu-west-1,secrets_manager,cido_broker,unused_secret,WARN,last accessed 627 days ago ($0.40/mo),LOW
eu-west-1,secrets_manager,icloud-awacs/redis-default-user,unused_secret,WARN,last accessed 128 days ago ($0.40/mo),LOW
eu-west-1,secrets_manager,sqlworkbench!6df7a893-68a9-4d65-842e-c01d881b12b1,unused_secret,WARN,last accessed 882 days ago ($0.40/mo),LOW
eu-west-1,secrets_manager,sqlworkbench!35254e8f-b075-49bc-957e-68bc3675535f,unused_secret,WARN,last accessed 882 days ago ($0.40/mo),LOW
eu-west-1,secrets_manager,sqlworkbench!e2c6a1a9-1eb1-420c-9b5b-88332df43835,unused_secret,WARN,last accessed 882 days ago ($0.40/mo),LOW
eu-west-1,secrets_manager,sqlworkbench!6a7711af-57e6-4661-a111-ce3f353d853d,unused_secret,WARN,last accessed 882 days ago ($0.40/mo),LOW
eu-west-1,secrets_manager,sqlworkbench!670cc64d-e670-4c27-b781-39f6bc03e25a,unused_secret,WARN,last accessed 882 days ago ($0.40/mo),LOW
eu-west-1,secrets_manager,sqlworkbench!0aa563b8-1606-489c-a50b-25f19e8f8650,unused_secret,WARN,last accessed 882 days ago ($0.40/mo),LOW
eu-west-1,secrets_manager,sqlworkbench!16751c86-8a6f-4392-8284-7487a3cef958,unused_secret,WARN,last accessed 882 days ago ($0.40/mo),LOW
eu-west-1,secrets_manager,sqlworkbench!a824936f-c419-4748-8bd4-ddcac64697e7,unused_secret,WARN,last accessed 882 days ago ($0.40/mo),LOW
eu-west-1,secrets_manager,dev/proxima,unused_secret,WARN,last accessed 140 days ago ($0.40/mo),LOW
eu-west-1,secrets_manager,diiot-ssp-gitops_ssp_integration_tests_user,unused_secret,WARN,last accessed 892 days ago ($0.40/mo),LOW
eu-west-1,secrets_manager,sqlworkbench!c4c863e6-d5ed-429e-ae1d-041300350e89,unused_secret,WARN,last accessed 882 days ago ($0.40/mo),LOW
eu-west-1,secrets_manager,nxt-primary-mqtt-user,unused_secret,WARN,last accessed 401 days ago ($0.40/mo),LOW
eu-west-1,secrets_manager,pge_secret,unused_secret,WARN,last accessed 521 days ago ($0.40/mo),LOW
eu-west-1,secrets_manager,pge_broker,unused_secret,WARN,last accessed 652 days ago ($0.40/mo),LOW
eu-west-1,secrets_manager,gemt_credentials,unused_secret,WARN,last accessed 176 days ago ($0.40/mo),LOW
eu-west-1,secrets_manager,mgolczyk_test,unused_secret,WARN,last accessed 553 days ago ($0.40/mo),LOW
eu-west-1,secrets_manager,AmazonMSK_solace_cdc_poc_dms,unused_secret,WARN,last accessed 683 days ago ($0.40/mo),LOW
eu-west-1,secrets_manager,AmazonMSK_solace_cdc_poc_solace,unused_secret,WARN,last accessed 675 days ago ($0.40/mo),LOW
eu-west-1,secrets_manager,rds!db-478ff12a-dea2-43ea-a89d-4e43574e6c7b,unused_secret,WARN,last accessed 673 days ago ($0.40/mo),LOW
eu-west-1,secrets_manager,daas-imel-fdw/daasadmin,unused_secret,WARN,last accessed 666 days ago ($0.40/mo),LOW
eu-west-1,secrets_manager,ph_docker_artifactory,unused_secret,WARN,last accessed 596 days ago ($0.40/mo),LOW
eu-west-1,secrets_manager,ssp_secrets_diiot-ssp-1,unused_secret,WARN,last accessed 226 days ago ($0.40/mo),LOW
eu-west-1,secrets_manager,ssp_secrets_diiot-ssp-gitops,unused_secret,WARN,last accessed 543 days ago ($0.40/mo),LOW
eu-west-1,secrets_manager,ssp__diiot-ssp-1__argocd,unused_secret,WARN,last accessed 634 days ago ($0.40/mo),LOW
eu-west-1,secrets_manager,ssp__diiot-ssp-gitops__argocd,unused_secret,WARN,last accessed 634 days ago ($0.40/mo),LOW
eu-west-1,secrets_manager,app-secret-expiration-secret-value,unused_secret,WARN,last accessed 561 days ago ($0.40/mo),LOW
eu-west-1,secrets_manager,/terraform/ssp/diiot-ssp-1-iitops-ic-awacs-ssp-config-api,unused_secret,WARN,last accessed 290 days ago ($0.40/mo),LOW
eu-west-1,secrets_manager,/terraform/ssp/diiot-ssp-1-iitops-ic-awacs-ssp-gql,unused_secret,WARN,last accessed 542 days ago ($0.40/mo),LOW
eu-west-1,secrets_manager,/terraform/ssp/diiot-ssp-1-iitops-ic-awacs-ssp-engine-api,unused_secret,WARN,last accessed 214 days ago ($0.40/mo),LOW
eu-west-1,secrets_manager,/terraform/ssp/diiot-ssp-1-iitops-ic-awacs-ssp-control-api,unused_secret,WARN,last accessed 155 days ago ($0.40/mo),LOW
eu-west-1,secrets_manager,/terraform/ssp/ic-ssp-if-act-006-diiot-ssp-1,unused_secret,WARN,last accessed 318 days ago ($0.40/mo),LOW
eu-west-1,secrets_manager,/terraform/ssp/ic-ssp-if-act-028-diiot-ssp-1,unused_secret,WARN,last accessed 515 days ago ($0.40/mo),LOW
eu-west-1,secrets_manager,/test-iam-user-dev/access_key,unused_secret,WARN,last accessed 241 days ago ($0.40/mo),LOW
eu-west-1,secrets_manager,hvac-influx-czech,unused_secret,WARN,last accessed 182 days ago ($0.40/mo),LOW
eu-west-1,secrets_manager,hvac-influx-swiss,unused_secret,WARN,last accessed 182 days ago ($0.40/mo),LOW
eu-west-1,secrets_manager,hvac-influx-korea,unused_secret,WARN,last accessed 164 days ago ($0.40/mo),LOW
eu-west-1,secrets_manager,hvac-influx-lithuania,unused_secret,WARN,last accessed 182 days ago ($0.40/mo),LOW
eu-west-1,secrets_manager,hvac-influx-romania,unused_secret,WARN,last accessed 182 days ago ($0.40/mo),LOW
eu-west-1,secrets_manager,hvac-influx-greece-new,unused_secret,WARN,last accessed 182 days ago ($0.40/mo),LOW
eu-west-1,glue_job,daas-compaction-imel-kz70-copy,failed_job,WARN,"last run failed: Error Category: UNCLASSIFIED_ERROR; Failed Line Number: 403; Exception: Unable to compact following tables: ['quality_defect', 'resource_labor', 'disposition_test_sample']. Note: This run was executed with Flex execution. Check the logs if run failed due to executor termination.",MEDIUM
eu-west-1,glue_job,PSS ETL,unused_job,WARN,last run 359 days ago,LOW
eu-west-1,glue_job,daas-compaction-amcs-kz70,unused_job,WARN,last run 214 days ago,LOW
eu-west-1,glue_job,daas-compaction-lesmes-jo40,failed_job,WARN,last run failed: Error Category: UNCLASSIFIED_ERROR; Failed Line Number: 382; Exception: Unable to compact following tables: ['at_container_history']. Note: This run was executed with Flex execution. Check the logs if run failed due to executor termination.,MEDIUM
eu-west-1,glue_job,daas-compaction-lesmes-jo40,unused_job,WARN,last run 269 days ago,LOW
eu-west-1,glue_job,daas-compaction-lesmes-jo40,consider_python_shell,WARN,"workers=2, runtime=305s, small Spark job could be Python Shell ($0.0625 vs $0.44/DPU/hr)",LOW
eu-west-1,glue_job,daas-compaction-lesmes-id14,failed_job,WARN,last run failed: Error Category: UNCLASSIFIED_ERROR; Failed Line Number: 352; Exception: Unable to compact following tables: ['at_container_history']. Note: This run was executed with Flex execution. Check the logs if run failed due to executor termination.,MEDIUM
eu-west-1,glue_job,daas-compaction-lesmes-id14,unused_job,WARN,last run 163 days ago,LOW
eu-west-1,glue_job,daas-compaction-lesmes-id14,consider_python_shell,WARN,"workers=2, runtime=342s, small Spark job could be Python Shell ($0.0625 vs $0.44/DPU/hr)",LOW
eu-west-1,glue_job,daas-compaction-amcs-pl31,unused_job,WARN,last run 214 days ago,LOW
eu-west-1,glue_job,daas-compaction-lesmes-kr80,failed_job,WARN,last run failed: Error Category: UNCLASSIFIED_ERROR; Failed Line Number: 352; Exception: Unable to compact following tables: ['at_container_history']. Note: This run was executed with Flex execution. Check the logs if run failed due to executor termination.,MEDIUM
eu-west-1,glue_job,daas-compaction-lesmes-kr80,unused_job,WARN,last run 148 days ago,LOW
eu-west-1,glue_job,daas-compaction-lesmes-kr80,consider_python_shell,WARN,"workers=2, runtime=418s, small Spark job could be Python Shell ($0.0625 vs $0.44/DPU/hr)",LOW
eu-west-1,glue_job,daas-compaction-amcs-ph88,unused_job,WARN,last run 214 days ago,LOW
eu-west-1,glue_job,daas-compaction-amcs-ph88,overprovisioned_job,WARN,"allocated=4 DPUs, utilization=25%, consider reducing workers",MEDIUM
eu-west-1,glue_job,daas-compaction-lesmes-kz03,unused_job,WARN,last run 157 days ago,LOW
eu-west-1,glue_job,daas-compaction-lesmes-kz03,consider_python_shell,WARN,"workers=2, runtime=536s, small Spark job could be Python Shell ($0.0625 vs $0.44/DPU/hr)",LOW
eu-west-1,glue_job,daas-compaction-lesmes-ldh-pl02,unused_job,WARN,last run 157 days ago,LOW
eu-west-1,glue_job,daas-compaction-lesmes-ldh-pl02,consider_python_shell,WARN,"workers=2, runtime=308s, small Spark job could be Python Shell ($0.0625 vs $0.44/DPU/hr)",LOW
eu-west-1,glue_job,daas-compaction-lesmes-ldh-snapshot-tr03,unused_job,WARN,last run 157 days ago,LOW
eu-west-1,glue_job,daas-compaction-lesmes-ldh-snapshot-tr03,consider_python_shell,WARN,"workers=2, runtime=323s, small Spark job could be Python Shell ($0.0625 vs $0.44/DPU/hr)",LOW
eu-west-1,glue_job,daas-compaction-lesmes-phmc,failed_job,WARN,last run failed: Error Category: UNCLASSIFIED_ERROR; Failed Line Number: 382; Exception: Unable to compact following tables: ['at_container_history']. Note: This run was executed with Flex execution. Check the logs if run failed due to executor termination.,MEDIUM
eu-west-1,glue_job,daas-compaction-lesmes-phmc,unused_job,WARN,last run 269 days ago,LOW
eu-west-1,glue_job,daas-compaction-lesmes-phmc,consider_python_shell,WARN,"workers=2, runtime=277s, small Spark job could be Python Shell ($0.0625 vs $0.44/DPU/hr)",LOW
eu-west-1,glue_job,daas-compaction-lesmes-ldh-snapshot-pl02,unused_job,WARN,last run 158 days ago,LOW
eu-west-1,glue_job,daas-compaction-lesmes-ldh-snapshot-pl02,consider_python_shell,WARN,"workers=2, runtime=296s, small Spark job could be Python Shell ($0.0625 vs $0.44/DPU/hr)",LOW
eu-west-1,glue_job,daas-compaction-lesmes-ms14,failed_job,WARN,last run failed: Error Category: UNCLASSIFIED_ERROR; Failed Line Number: 382; Exception: Unable to compact following tables: ['at_container_history']. Note: This run was executed with Flex execution. Check the logs if run failed due to executor termination.,MEDIUM
eu-west-1,glue_job,daas-compaction-lesmes-ms14,unused_job,WARN,last run 269 days ago,LOW
eu-west-1,glue_job,daas-compaction-lesmes-ms14,consider_python_shell,WARN,"workers=2, runtime=314s, small Spark job could be Python Shell ($0.0625 vs $0.44/DPU/hr)",LOW
eu-west-1,glue_job,daas-compaction-lesmes-ldh-tr03,unused_job,WARN,last run 157 days ago,LOW
eu-west-1,glue_job,daas-compaction-lesmes-ldh-tr03,consider_python_shell,WARN,"workers=2, runtime=352s, small Spark job could be Python Shell ($0.0625 vs $0.44/DPU/hr)",LOW
eu-west-1,glue_job,daas-compaction-lesmes-lt01,failed_job,WARN,"last run failed: Error Category: UNCLASSIFIED_ERROR; Failed Line Number: 352; Exception: Unable to compact following tables: ['av_rpt_po_components_cig', 'av_rpt_po_header', 'av_rpt_po_characteristics', 'av_rpt_po_components_brand']. Note: This run was executed with Flex execution. Check the logs if run failed due to executor termination.",MEDIUM
eu-west-1,glue_job,daas-compaction-lesmes-lt01,unused_job,WARN,last run 158 days ago,LOW
eu-west-1,glue_job,daas-compaction-lesmes-ph70,failed_job,WARN,last run failed: Error Category: UNCLASSIFIED_ERROR; Failed Line Number: 352; Exception: Unable to compact following tables: ['at_container_history']. Note: This run was executed with Flex execution. Check the logs if run failed due to executor termination.,MEDIUM
eu-west-1,glue_job,daas-compaction-lesmes-ph70,unused_job,WARN,last run 157 days ago,LOW
eu-west-1,glue_job,daas-compaction-lesmes-pk81,failed_job,WARN,last run failed: Error Category: UNCLASSIFIED_ERROR; Failed Line Number: 382; Exception: Unable to compact following tables: ['at_container_history']. Note: This run was executed with Flex execution. Check the logs if run failed due to executor termination.,MEDIUM
eu-west-1,glue_job,daas-compaction-lesmes-pk81,unused_job,WARN,last run 269 days ago,LOW
eu-west-1,glue_job,daas-compaction-lesmes-pk81,consider_python_shell,WARN,"workers=2, runtime=333s, small Spark job could be Python Shell ($0.0625 vs $0.44/DPU/hr)",LOW
eu-west-1,glue_job,daas-compaction-imel-nl70,failed_job,WARN,last run failed: Error Category: UNCLASSIFIED_ERROR; Failed Line Number: 359; Exception: Unable to compact following tables: ['at_parameter_mi_bqr_sb']. Note: This run was executed with Flex execution. Check the logs if run failed due to executor termination.,MEDIUM
eu-west-1,glue_job,daas-compaction-imel-nl70,unused_job,WARN,last run 157 days ago,LOW
eu-west-1,glue_job,daas-compaction-imel-ph88,unused_job,WARN,last run 157 days ago,LOW
eu-west-1,glue_job,daas-compaction-imel-ph88,overprovisioned_job,WARN,"allocated=10 DPUs, utilization=28%, consider reducing workers",MEDIUM
eu-west-1,glue_job,daas-compaction-imel-pl31,unused_job,WARN,last run 158 days ago,LOW
eu-west-1,glue_job,TestConnection,consider_python_shell,WARN,"workers=2, runtime=157s, small Spark job could be Python Shell ($0.0625 vs $0.44/DPU/hr)",LOW
eu-west-1,glue_job,daas-imel-sb-mb-itgf,consider_python_shell,WARN,"workers=2, runtime=290s, small Spark job could be Python Shell ($0.0625 vs $0.44/DPU/hr)",LOW
eu-west-1,glue_job,daas-compaction-amcs-us70,unused_job,WARN,last run 214 days ago,LOW
eu-west-1,glue_job,daas-compaction-digiperf,unused_job,WARN,last run 141 days ago,LOW
eu-west-1,glue_job,daas-compaction-digiperf,overprovisioned_job,WARN,"allocated=10 DPUs, utilization=0%, consider reducing workers",MEDIUM
eu-west-1,glue_job,daas-compaction-imel-delta,unused_job,WARN,last run 182 days ago,LOW
eu-west-1,glue_job,daas-compaction-imel-delta,consider_python_shell,WARN,"workers=2, runtime=253s, small Spark job could be Python Shell ($0.0625 vs $0.44/DPU/hr)",LOW
eu-west-1,glue_job,daas-compaction-imel-ch41,overprovisioned_job,WARN,"allocated=10 DPUs, utilization=15%, consider reducing workers",MEDIUM
eu-west-1,glue_job,daas-compaction-digiperf-nomerge,consider_python_shell,WARN,"workers=2, runtime=416s, small Spark job could be Python Shell ($0.0625 vs $0.44/DPU/hr)",LOW
eu-west-1,glue_job,daas-compaction-imel-gr70,overprovisioned_job,WARN,"allocated=10 DPUs, utilization=10%, consider reducing workers",MEDIUM
eu-west-1,glue_job,daas-compaction-imel-ittc,unused_job,WARN,last run 158 days ago,LOW
eu-west-1,glue_job,daas-compaction-imel-us53,failed_job,WARN,"last run failed: Error Category: UNCLASSIFIED_ERROR; Failed Line Number: 359; Exception: Unable to compact following tables: ['av_rpt_po_header', 'av_rpt_vsi_full']. Note: This run was executed with Flex execution. Check the logs if run failed due to executor termination.",MEDIUM
eu-west-1,glue_job,daas-compaction-imel-us53,unused_job,WARN,last run 158 days ago,LOW
eu-west-1,glue_job,bookmark-test-job,unused_job,WARN,last run 289 days ago,LOW
eu-west-1,glue_job,daas-imel-sb-mb-ittc,unused_job,WARN,last run 158 days ago,LOW
eu-west-1,glue_job,daas-imel-sb-mb-ittc,consider_python_shell,WARN,"workers=2, runtime=234s, small Spark job could be Python Shell ($0.0625 vs $0.44/DPU/hr)",LOW
eu-west-1,glue_job,daas-imel-sb-mb-kr70,consider_python_shell,WARN,"workers=2, runtime=386s, small Spark job could be Python Shell ($0.0625 vs $0.44/DPU/hr)",LOW
eu-west-1,glue_job,daas-imel-sb-mb-kz70,consider_python_shell,WARN,"workers=2, runtime=225s, small Spark job could be Python Shell ($0.0625 vs $0.44/DPU/hr)",LOW
eu-west-1,glue_job,daas-imel-sb-mb-ph88,unused_job,WARN,last run 157 days ago,LOW
eu-west-1,glue_job,daas-imel-sb-mb-ph88,consider_python_shell,WARN,"workers=2, runtime=257s, small Spark job could be Python Shell ($0.0625 vs $0.44/DPU/hr)",LOW
eu-west-1,glue_job,daas-imel-sb-mb-pl31,unused_job,WARN,last run 158 days ago,LOW
eu-west-1,glue_job,daas-imel-sb-mb-pl31,consider_python_shell,WARN,"workers=2, runtime=209s, small Spark job could be Python Shell ($0.0625 vs $0.44/DPU/hr)",LOW
eu-west-1,glue_job,daas-imel-sb-mb-ro70,consider_python_shell,WARN,"workers=2, runtime=262s, small Spark job could be Python Shell ($0.0625 vs $0.44/DPU/hr)",LOW
eu-west-1,glue_job,daas-imel-sb-mb-rs7a,unused_job,WARN,last run 157 days ago,LOW
eu-west-1,glue_job,daas-imel-sb-mb-rs7a,consider_python_shell,WARN,"workers=2, runtime=204s, small Spark job could be Python Shell ($0.0625 vs $0.44/DPU/hr)",LOW
eu-west-1,glue_job,daas-imel-sb-mb-us53,unused_job,WARN,last run 158 days ago,LOW
eu-west-1,glue_job,daas-imel-sb-mb-us53,consider_python_shell,WARN,"workers=2, runtime=163s, small Spark job could be Python Shell ($0.0625 vs $0.44/DPU/hr)",LOW
eu-west-1,glue_job,daas-imel-sb-mb-us70,failed_job,WARN,last run failed: An error occurred while calling o105.load. I/O Error: Connection timed out (Read failed). Note: This run was executed with Flex execution. Check the logs if run failed due to executor termination.,MEDIUM
eu-west-1,glue_job,daas-imel-sb-mb-us70,unused_job,WARN,last run 157 days ago,LOW
eu-west-1,glue_job,daas-imel-us70,failed_job,WARN,last run failed: An error occurred while calling o105.load. I/O Error: Connection timed out (Read failed). Note: This run was executed with Flex execution. Check the logs if run failed due to executor termination.,MEDIUM
eu-west-1,glue_job,daas-imel-us70,unused_job,WARN,last run 157 days ago,LOW
eu-west-1,glue_job,daas-imel-us53,unused_job,WARN,last run 158 days ago,LOW
eu-west-1,glue_job,daas-influx-ingestion-test,failed_job,WARN,last run failed: AccessDeniedException: An error occurred (AccessDeniedException) when calling the GetParameter operation: User: arn:aws:sts::291751643970:assumed-role/icloud-role-glue-ingestion-influx-dev/GlueJobRunnerSession is not authorized to perform: ssm:GetParameter on resource: arn:aws:ssm:eu-west-1:291751643970:* because no identity-based policy allows the ssm:GetParameter action,MEDIUM
eu-west-1,glue_job,daas-influx-ingestion-test,unused_job,WARN,last run 281 days ago,LOW
eu-west-1,glue_job,daas-influxdb-cardinalis-test,unused_job,WARN,last run 358 days ago,LOW
eu-west-1,glue_job,daas-ingestion-amcs-ch41,failed_job,WARN,"last run failed: An error occurred while calling o97.load. Cannot open database ""AMCSQuality"" requested by the login. The login failed.. Note: This run was executed with Flex execution. Check the logs if run failed due to executor termination.",MEDIUM
eu-west-1,glue_job,daas-ingestion-amcs-ch41,unused_job,WARN,last run 217 days ago,LOW
eu-west-1,glue_job,daas-ingestion-amcs-cc-ch41,failed_job,WARN,last run failed: An error occurred while calling o97.load. Unknown server host name 'PMICHNEUSQL010.pmintl.net'.. Note: This run was executed with Flex execution. Check the logs if run failed due to executor termination.,MEDIUM
eu-west-1,glue_job,daas-ingestion-amcs-cc-ch41,unused_job,WARN,last run 206 days ago,LOW
eu-west-1,glue_job,daas-influxdb-cardinalis-test-1,failed_job,WARN,last run failed: Error Category: IMPORT_ERROR; Failed Line Number: 9; ModuleNotFoundError: No module named 'pyarrow.lib',MEDIUM
eu-west-1,glue_job,daas-influxdb-cardinalis-test-1,unused_job,WARN,last run 358 days ago,LOW
eu-west-1,glue_job,daas-ingestion-amcs-cc-tr03-aq25,failed_job,WARN,"last run failed: An error occurred while calling o97.load. Cannot open database ""AMCSQuality_25"" requested by the login. The login failed.. Note: This run was executed with Flex execution. Check the logs if run failed due to executor termination.",MEDIUM
eu-west-1,glue_job,daas-ingestion-amcs-cc-tr03-aq25,unused_job,WARN,last run 206 days ago,LOW
eu-west-1,glue_job,compaction-digiperf-redshift-toplosses,failed_job,WARN,last run failed: AnalysisException: Unable to infer schema for Parquet. It must be specified manually.,MEDIUM
eu-west-1,glue_job,daas-ingestion-amcs-gr70,failed_job,WARN,last run failed: An error occurred while calling o97.load. Unknown server host name 'PMIGRASPSQL55.pmintl.net'.. Note: This run was executed with Flex execution. Check the logs if run failed due to executor termination.,MEDIUM
eu-west-1,glue_job,daas-ingestion-amcs-gr70,unused_job,WARN,last run 219 days ago,LOW
eu-west-1,glue_job,daas-compaction-lesmes-ar30-copy,unused_job,WARN,last run 218 days ago,LOW
eu-west-1,glue_job,daas-compaction-lesmes-ar30-copy,consider_python_shell,WARN,"workers=2, runtime=326s, small Spark job could be Python Shell ($0.0625 vs $0.44/DPU/hr)",LOW
eu-west-1,glue_job,daas-compaction-lesmes-ca10,failed_job,WARN,last run failed: Error Category: UNCLASSIFIED_ERROR; Failed Line Number: 389; Exception: Unable to compact following tables: ['at_container_history']. Note: This run was executed with Flex execution. Check the logs if run failed due to executor termination.,MEDIUM
eu-west-1,glue_job,daas-compaction-lesmes-ca10,consider_python_shell,WARN,"workers=2, runtime=269s, small Spark job could be Python Shell ($0.0625 vs $0.44/DPU/hr)",LOW
eu-west-1,glue_job,daas-compaction-imel-us70,unused_job,WARN,last run 235 days ago,LOW
eu-west-1,glue_job,daas-compaction-lesmes-br40,consider_python_shell,WARN,"workers=2, runtime=480s, small Spark job could be Python Shell ($0.0625 vs $0.44/DPU/hr)",LOW
eu-west-1,glue_job,daas-compaction-lesmes-ar30,consider_python_shell,WARN,"workers=2, runtime=135s, small Spark job could be Python Shell ($0.0625 vs $0.44/DPU/hr)",LOW
eu-west-1,glue_job,daas-compaction-lesmes-ch01,unused_job,WARN,last run 157 days ago,LOW
eu-west-1,glue_job,daas-compaction-lesmes-ch01,consider_python_shell,WARN,"workers=2, runtime=406s, small Spark job could be Python Shell ($0.0625 vs $0.44/DPU/hr)",LOW
eu-west-1,glue_job,daas-compaction-lesmes-cz71,failed_job,WARN,"last run failed: Error Category: UNCLASSIFIED_ERROR; Failed Line Number: 352; Exception: Unable to compact following tables: ['at_container_history', 'av_rpt_po_components_cig', 'av_rpt_po_header', 'av_rpt_po_characteristics', 'av_rpt_po_components_brand']. Note: This run was executed with Flex execution. Check the logs if run failed due to executor termination.",MEDIUM
eu-west-1,glue_job,daas-compaction-lesmes-cz71,unused_job,WARN,last run 157 days ago,LOW
eu-west-1,glue_job,daas-compaction-lesmes-de19,failed_job,WARN,last run failed: Error Category: UNCLASSIFIED_ERROR; Failed Line Number: 382; Exception: Unable to compact following tables: ['at_container_history']. Note: This run was executed with Flex execution. Check the logs if run failed due to executor termination.,MEDIUM
eu-west-1,glue_job,daas-compaction-lesmes-de19,unused_job,WARN,last run 269 days ago,LOW
eu-west-1,glue_job,daas-compaction-lesmes-de19,consider_python_shell,WARN,"workers=2, runtime=294s, small Spark job could be Python Shell ($0.0625 vs $0.44/DPU/hr)",LOW
eu-west-1,glue_job,daas-compaction-lesmes-id02,failed_job,WARN,last run failed: Error Category: UNCLASSIFIED_ERROR; Failed Line Number: 352; Exception: Unable to compact following tables: ['at_container_history']. Note: This run was executed with Flex execution. Check the logs if run failed due to executor termination.,MEDIUM
eu-west-1,glue_job,daas-compaction-lesmes-id02,unused_job,WARN,last run 163 days ago,LOW
eu-west-1,glue_job,daas-compaction-lesmes-id02,consider_python_shell,WARN,"workers=2, runtime=342s, small Spark job could be Python Shell ($0.0625 vs $0.44/DPU/hr)",LOW
eu-west-1,glue_job,daas-ingestion-crmlesmes-ar30,unused_job,WARN,last run 316 days ago,LOW
eu-west-1,glue_job,daas-ingestion-crmlesmes-cz71,failed_job,WARN,last run failed: UnboundLocalError: local variable 'connection_db' referenced before assignment. Note: This run was executed with Flex execution. Check the logs if run failed due to executor termination.,MEDIUM
eu-west-1,glue_job,daas-ingestion-crmlesmes-cz71,unused_job,WARN,last run 316 days ago,LOW
eu-west-1,glue_job,daas-ingestion-crmlesmes-ca10,failed_job,WARN,last run failed: UnboundLocalError: local variable 'connection_db' referenced before assignment. Note: This run was executed with Flex execution. Check the logs if run failed due to executor termination.,MEDIUM
eu-west-1,glue_job,daas-ingestion-crmlesmes-ca10,unused_job,WARN,last run 316 days ago,LOW
eu-west-1,glue_job,daas-ingestion-crmlesmes-br40,unused_job,WARN,last run 316 days ago,LOW
eu-west-1,glue_job,daas-ingestion-crmlesmes-itgf,failed_job,WARN,last run failed: UnboundLocalError: local variable 'connection_db' referenced before assignment. Note: This run was executed with Flex execution. Check the logs if run failed due to executor termination.,MEDIUM
eu-west-1,glue_job,daas-ingestion-crmlesmes-itgf,unused_job,WARN,last run 316 days ago,LOW
eu-west-1,glue_job,daas-ingestion-crmlesmes-lt01,failed_job,WARN,last run failed: UnboundLocalError: local variable 'connection_db' referenced before assignment. Note: This run was executed with Flex execution. Check the logs if run failed due to executor termination.,MEDIUM
eu-west-1,glue_job,daas-ingestion-crmlesmes-lt01,unused_job,WARN,last run 316 days ago,LOW
eu-west-1,glue_job,daas-ingestion-crmlesmes-jo40,failed_job,WARN,last run failed: UnboundLocalError: local variable 'connection_db' referenced before assignment. Note: This run was executed with Flex execution. Check the logs if run failed due to executor termination.,MEDIUM
eu-west-1,glue_job,daas-ingestion-crmlesmes-jo40,unused_job,WARN,last run 316 days ago,LOW
eu-west-1,glue_job,daas-ingestion-crmlesmes-pl02,failed_job,WARN,last run failed: UnboundLocalError: local variable 'connection_db' referenced before assignment. Note: This run was executed with Flex execution. Check the logs if run failed due to executor termination.,MEDIUM
eu-west-1,glue_job,daas-ingestion-crmlesmes-pl02,unused_job,WARN,last run 316 days ago,LOW
eu-west-1,glue_job,daas-ingestion-hvacai-ar30,overprovisioned_job,WARN,"allocated=1 DPUs, utilization=0%, consider reducing workers",MEDIUM
eu-west-1,glue_job,daas-ingestion-crmlesmes-pt01,failed_job,WARN,last run failed: UnboundLocalError: local variable 'connection_db' referenced before assignment. Note: This run was executed with Flex execution. Check the logs if run failed due to executor termination.,MEDIUM
eu-west-1,glue_job,daas-ingestion-crmlesmes-pt01,unused_job,WARN,last run 316 days ago,LOW
eu-west-1,glue_job,daas-ingestion-digiperf-nomerge,failed_job,WARN,last run failed: InterfaceError: Can't create a connection to host dig-qa-prdexp-20260220.cyus4ypkylvg.eu-west-1.rds.amazonaws.com and port 5432 (timeout is None and source_address is None).,MEDIUM
eu-west-1,glue_job,daas-ingestion-hvacai-ch01,unused_job,WARN,last run 249 days ago,LOW
eu-west-1,glue_job,daas-ingestion-hvacai-ch01,overprovisioned_job,WARN,"allocated=1 DPUs, utilization=0%, consider reducing workers",MEDIUM
eu-west-1,glue_job,Test_PSSIV,unused_job,WARN,last run 361 days ago,LOW
eu-west-1,glue_job,Testing,failed_job,WARN,last run failed: Error Category: INVALID_ARGUMENT_ERROR; Failed Line Number: 9; GlueArgumentError: the following arguments are required: --Testing,MEDIUM
eu-west-1,glue_job,Testing,unused_job,WARN,last run 179 days ago,LOW
eu-west-1,glue_job,daas-ingestion-imel-layout-us53,unused_job,WARN,last run 158 days ago,LOW
eu-west-1,glue_job,daas-ingestion-imel-layout-rs7a,unused_job,WARN,last run 157 days ago,LOW
eu-west-1,glue_job,daas-ingestion-imel-layout-pl31,unused_job,WARN,last run 158 days ago,LOW
eu-west-1,glue_job,daas-ingestion-imel-layout-us70,failed_job,WARN,last run failed: An error occurred while calling o105.load. I/O Error: Connection timed out (Read failed). Note: This run was executed with Flex execution. Check the logs if run failed due to executor termination.,MEDIUM
eu-west-1,glue_job,daas-ingestion-imel-layout-us70,unused_job,WARN,last run 157 days ago,LOW
eu-west-1,glue_job,daas-ingestion-imel-ldh-pl31,consider_python_shell,WARN,"workers=2, runtime=461s, small Spark job could be Python Shell ($0.0625 vs $0.44/DPU/hr)",LOW
eu-west-1,glue_job,daas-ingestion-imel-mbr-pbr-gr70,failed_job,WARN,last run failed: An error occurred while calling o106.load. Unknown server host name 'PMIGRASPSQL35.pmintl.net'.. Note: This run was executed with Flex execution. Check the logs if run failed due to executor termination.,MEDIUM
eu-west-1,glue_job,daas-ingestion-imel-mbr-pbr-gr70,unused_job,WARN,last run 157 days ago,LOW
eu-west-1,glue_job,daas-ingestion-imel-mbr-pbr-gr70,consider_python_shell,WARN,"workers=2, runtime=76s, small Spark job could be Python Shell ($0.0625 vs $0.44/DPU/hr)",LOW
eu-west-1,glue_job,daas-ingestion-imel-mbr-pbr-ch41,unused_job,WARN,last run 91 days ago,LOW
eu-west-1,glue_job,daas-ingestion-imel-mbr-pbr-id30,unused_job,WARN,last run 157 days ago,LOW
eu-west-1,glue_job,daas-ingestion-imel-mbr-pbr-ittc,unused_job,WARN,last run 158 days ago,LOW
eu-west-1,glue_job,daas-ingestion-imel-mbr-pbr-nl70,unused_job,WARN,last run 157 days ago,LOW
eu-west-1,glue_job,daas-ingestion-imel-mbr-pbr-ph88,unused_job,WARN,last run 157 days ago,LOW
eu-west-1,glue_job,daas-ingestion-imel-mbr-pbr-pl31,unused_job,WARN,last run 158 days ago,LOW
eu-west-1,glue_job,daas-ingestion-imel-mbr-pbr-us53,unused_job,WARN,last run 158 days ago,LOW
eu-west-1,glue_job,daas-ingestion-influx-ipc-ch01,unused_job,WARN,last run 249 days ago,LOW
eu-west-1,glue_job,daas-ingestion-influx-ipc-ch01,overprovisioned_job,WARN,"allocated=0 DPUs, utilization=0%, consider reducing workers",MEDIUM
eu-west-1,glue_job,daas-ingestion-imel-mbr-pbr-us70,failed_job,WARN,last run failed: An error occurred while calling o106.load. I/O Error: Connection timed out (Read failed). Note: This run was executed with Flex execution. Check the logs if run failed due to executor termination.,MEDIUM
eu-west-1,glue_job,daas-ingestion-imel-mbr-pbr-us70,unused_job,WARN,last run 157 days ago,LOW
eu-west-1,glue_job,daas-ingestion-influx-ipc-ph70,failed_job,WARN,last run failed: Internal service error,MEDIUM
eu-west-1,glue_job,daas-ingestion-influx-ipc-ph70,unused_job,WARN,last run 358 days ago,LOW
eu-west-1,glue_job,daas-ingestion-influx-ipc-id01,failed_job,WARN,last run failed: Command failed with exit code 137,MEDIUM
eu-west-1,glue_job,daas-ingestion-influx-ipc-id01,unused_job,WARN,last run 281 days ago,LOW
eu-west-1,glue_job,daas-ingestion-imel-layout-ittc,unused_job,WARN,last run 158 days ago,LOW
eu-west-1,glue_job,daas-ingestion-hvacai-us53,unused_job,WARN,last run 358 days ago,LOW
eu-west-1,glue_job,daas-ingestion-hvacai-us53,overprovisioned_job,WARN,"allocated=1 DPUs, utilization=0%, consider reducing workers",MEDIUM
eu-west-1,glue_job,daas-ingestion-imel-layout-gr70,failed_job,WARN,last run failed: An error occurred while calling o105.load. Unknown server host name 'PMIGRASPSQL35.pmintl.net'.. Note: This run was executed with Flex execution. Check the logs if run failed due to executor termination.,MEDIUM
eu-west-1,glue_job,daas-ingestion-imel-layout-gr70,unused_job,WARN,last run 157 days ago,LOW
eu-west-1,glue_job,daas-ingestion-imel-layout-gr70,consider_python_shell,WARN,"workers=2, runtime=78s, small Spark job could be Python Shell ($0.0625 vs $0.44/DPU/hr)",LOW
eu-west-1,glue_job,daas-ingestion-imel-layout-id30,unused_job,WARN,last run 157 days ago,LOW
eu-west-1,glue_job,daas-ingestion-imel-layout-ch41,unused_job,WARN,last run 91 days ago,LOW
eu-west-1,glue_job,daas-ingestion-imel-layout-nl70,unused_job,WARN,last run 157 days ago,LOW
eu-west-1,glue_job,daas-ingestion-imel-layout-ph88,unused_job,WARN,last run 157 days ago,LOW
eu-west-1,glue_job,daas-ingestion-lesmes-ch01,unused_job,WARN,last run 157 days ago,LOW
eu-west-1,glue_job,daas-ingestion-lesmes-ch01,consider_python_shell,WARN,"workers=2, runtime=285s, small Spark job could be Python Shell ($0.0625 vs $0.44/DPU/hr)",LOW
eu-west-1,glue_job,daas-ingestion-lesmes-ca10,failed_job,WARN,last run failed: An error occurred while calling o98.load. Network error IOException: Connection refused (Connection refused). Note: This run was executed with Flex execution. Check the logs if run failed due to executor termination.,MEDIUM
eu-west-1,glue_job,daas-ingestion-lesmes-ca10,consider_python_shell,WARN,"workers=2, runtime=87s, small Spark job could be Python Shell ($0.0625 vs $0.44/DPU/hr)",LOW
eu-west-1,glue_job,daas-ingestion-lesmes-cz71,unused_job,WARN,last run 157 days ago,LOW
eu-west-1,glue_job,daas-ingestion-lesmes-cz71,consider_python_shell,WARN,"workers=2, runtime=489s, small Spark job could be Python Shell ($0.0625 vs $0.44/DPU/hr)",LOW
eu-west-1,glue_job,daas-ingestion-lesmes-de19,failed_job,WARN,last run failed: An error occurred while calling o98.load. I/O Error: Connection timed out (Read failed). Note: This run was executed with Flex execution. Check the logs if run failed due to executor termination.,MEDIUM
eu-west-1,glue_job,daas-ingestion-lesmes-de19,unused_job,WARN,last run 157 days ago,LOW
eu-west-1,glue_job,daas-ingestion-lesmes-id14,failed_job,WARN,last run failed: An error occurred while calling o98.load. Unknown server host name 'PMIIDPAZAPRDEV1.pmintl.net'.. Note: This run was executed with Flex execution. Check the logs if run failed due to executor termination.,MEDIUM
eu-west-1,glue_job,daas-ingestion-lesmes-id14,consider_python_shell,WARN,"workers=2, runtime=95s, small Spark job could be Python Shell ($0.0625 vs $0.44/DPU/hr)",LOW
eu-west-1,glue_job,daas-ingestion-lesmes-id02,failed_job,WARN,"last run failed: An error occurred while calling o98.load. Cannot open database ""Flexnet"" requested by the login. The login failed.. Note: This run was executed with Flex execution. Check the logs if run failed due to executor termination.",MEDIUM
eu-west-1,glue_job,daas-ingestion-lesmes-id02,consider_python_shell,WARN,"workers=2, runtime=90s, small Spark job could be Python Shell ($0.0625 vs $0.44/DPU/hr)",LOW
eu-west-1,glue_job,daas-ingestion-lesmes-pk81,failed_job,WARN,"last run failed: An error occurred while calling o98.load. Cannot open database ""FlexNet_2020"" requested by the login. The login failed.. Note: This run was executed with Flex execution. Check the logs if run failed due to executor termination.",MEDIUM
eu-west-1,glue_job,daas-ingestion-lesmes-pk81,unused_job,WARN,last run 158 days ago,LOW
eu-west-1,glue_job,daas-ingestion-lesmes-pk81,consider_python_shell,WARN,"workers=2, runtime=83s, small Spark job could be Python Shell ($0.0625 vs $0.44/DPU/hr)",LOW
eu-west-1,glue_job,daas-ingestion-lesmes-jo40,failed_job,WARN,last run failed: An error occurred while calling o98.load. Unknown server host name 'sqldev_dlm_pmjo.dbiaas.sdi.pmi'.. Note: This run was executed with Flex execution. Check the logs if run failed due to executor termination.,MEDIUM
eu-west-1,glue_job,daas-ingestion-lesmes-jo40,unused_job,WARN,last run 157 days ago,LOW
eu-west-1,glue_job,daas-ingestion-lesmes-jo40,consider_python_shell,WARN,"workers=2, runtime=98s, small Spark job could be Python Shell ($0.0625 vs $0.44/DPU/hr)",LOW
eu-west-1,glue_job,daas-imel-ittc,unused_job,WARN,last run 158 days ago,LOW
eu-west-1,glue_job,daas-compaction-amcs-ch41,failed_job,WARN,last run failed: Error Category: UNCLASSIFIED_ERROR; Failed Line Number: 352; Exception: Unable to compact following tables: ['evsamplemeasures']. Note: This run was executed with Flex execution. Check the logs if run failed due to executor termination.,MEDIUM
eu-west-1,glue_job,daas-compaction-amcs-ch41,unused_job,WARN,last run 205 days ago,LOW
eu-west-1,glue_job,daas-imel-id30,failed_job,WARN,last run failed: An error occurred while calling o105.load. I/O Error: Connection timed out (Read failed). Note: This run was executed with Flex execution. Check the logs if run failed due to executor termination.,MEDIUM
eu-west-1,glue_job,daas-ingestion-lesmes-kr80,failed_job,WARN,last run failed: An error occurred while calling o98.load. Unknown server host name 'PMIKRYSNDEV10.pmintl.net'.. Note: This run was executed with Flex execution. Check the logs if run failed due to executor termination.,MEDIUM
eu-west-1,glue_job,daas-ingestion-lesmes-kr80,unused_job,WARN,last run 158 days ago,LOW
eu-west-1,glue_job,daas-ingestion-lesmes-kr80,consider_python_shell,WARN,"workers=2, runtime=74s, small Spark job could be Python Shell ($0.0625 vs $0.44/DPU/hr)",LOW
eu-west-1,glue_job,daas-ingestion-amcs-id30,overprovisioned_job,WARN,"allocated=10 DPUs, utilization=14%, consider reducing workers",MEDIUM
eu-west-1,glue_job,daas-ingestion-lesmes-ldh-tr03,unused_job,WARN,last run 158 days ago,LOW
eu-west-1,glue_job,daas-ingestion-lesmes-ldh-tr03,consider_python_shell,WARN,"workers=2, runtime=221s, small Spark job could be Python Shell ($0.0625 vs $0.44/DPU/hr)",LOW
eu-west-1,glue_job,daas-ingestion-lesmes-ldh-pl02,unused_job,WARN,last run 157 days ago,LOW
eu-west-1,glue_job,daas-ingestion-lesmes-ldh-pl02,consider_python_shell,WARN,"workers=2, runtime=336s, small Spark job could be Python Shell ($0.0625 vs $0.44/DPU/hr)",LOW
eu-west-1,glue_job,daas-ingestion-lesmes-ldh-snapshot-tr03,unused_job,WARN,last run 158 days ago,LOW
eu-west-1,glue_job,daas-ingestion-lesmes-ldh-snapshot-tr03,consider_python_shell,WARN,"workers=2, runtime=223s, small Spark job could be Python Shell ($0.0625 vs $0.44/DPU/hr)",LOW
eu-west-1,glue_job,daas-compaction-amcs-itgf,failed_job,WARN,last run failed: Error Category: UNCLASSIFIED_ERROR; Failed Line Number: 379; Exception: Unable to compact following tables: ['evalarms']. Note: This run was executed with Flex execution. Check the logs if run failed due to executor termination.,MEDIUM
eu-west-1,glue_job,daas-compaction-amcs-itgf,unused_job,WARN,last run 136 days ago,LOW
eu-west-1,glue_job,daas-ingestion-lesmes-ldh-snapshot-pl02,unused_job,WARN,last run 158 days ago,LOW
eu-west-1,glue_job,daas-ingestion-lesmes-ldh-snapshot-pl02,consider_python_shell,WARN,"workers=2, runtime=251s, small Spark job could be Python Shell ($0.0625 vs $0.44/DPU/hr)",LOW
eu-west-1,glue_job,daas-ingestion-lesmes-kz03,unused_job,WARN,last run 157 days ago,LOW
eu-west-1,glue_job,daas-compaction-amcs-gr70,failed_job,WARN,last run failed: Error Category: UNCLASSIFIED_ERROR; Failed Line Number: 352; Exception: Unable to compact following tables: ['evfilters']. Note: This run was executed with Flex execution. Check the logs if run failed due to executor termination.,MEDIUM
eu-west-1,glue_job,daas-compaction-amcs-gr70,unused_job,WARN,last run 136 days ago,LOW
eu-west-1,glue_job,daas-compaction-amcs-id30-copy,failed_job,WARN,"last run failed: Error Category: UNCLASSIFIED_ERROR; Failed Line Number: 414; Exception: Unable to compact following tables: ['evalarms', 'evfiltermeasures', 'evsamplemeasures', 'evsamples', 'evfilters']. Note: This run was executed with Flex execution. Check the logs if run failed due to executor termination.",MEDIUM
eu-west-1,glue_job,daas-compaction-lesmes-pl02,failed_job,WARN,last run failed: Error Category: UNCLASSIFIED_ERROR; Failed Line Number: 382; Exception: Unable to compact following tables: ['at_container_history']. Note: This run was executed with Flex execution. Check the logs if run failed due to executor termination.,MEDIUM
eu-west-1,glue_job,daas-compaction-lesmes-pl02,unused_job,WARN,last run 269 days ago,LOW
eu-west-1,glue_job,daas-compaction-lesmes-pl02,consider_python_shell,WARN,"workers=2, runtime=361s, small Spark job could be Python Shell ($0.0625 vs $0.44/DPU/hr)",LOW
eu-west-1,glue_job,daas-compaction-lesmes-ro01,failed_job,WARN,last run failed: Error Category: UNCLASSIFIED_ERROR; Failed Line Number: 382; Exception: Unable to compact following tables: ['at_container_history']. Note: This run was executed with Flex execution. Check the logs if run failed due to executor termination.,MEDIUM
eu-west-1,glue_job,daas-compaction-lesmes-ro01,unused_job,WARN,last run 269 days ago,LOW
eu-west-1,glue_job,daas-compaction-lesmes-ro01,consider_python_shell,WARN,"workers=2, runtime=295s, small Spark job could be Python Shell ($0.0625 vs $0.44/DPU/hr)",LOW
eu-west-1,glue_job,daas-compaction-lesmes-rs7z,unused_job,WARN,last run 107 days ago,LOW
eu-west-1,glue_job,daas-compaction-lesmes-rs7z,consider_python_shell,WARN,"workers=2, runtime=564s, small Spark job could be Python Shell ($0.0625 vs $0.44/DPU/hr)",LOW
eu-west-1,glue_job,daas-compaction-lesmes-pt01,failed_job,WARN,"last run failed: Error Category: UNCLASSIFIED_ERROR; Failed Line Number: 352; Exception: Unable to compact following tables: ['at_container_history', 'av_rpt_po_components_cig', 'av_rpt_po_header', 'av_rpt_po_characteristics', 'av_rpt_po_components_brand']. Note: This run was executed with Flex execution. Check the logs if run failed due to executor termination.",MEDIUM
eu-west-1,glue_job,daas-compaction-lesmes-pt01,unused_job,WARN,last run 157 days ago,LOW
eu-west-1,glue_job,daas-ingestion-lesmes-rs7z,unused_job,WARN,last run 107 days ago,LOW
eu-west-1,glue_job,daas-ingestion-lesmes-rs7z,consider_python_shell,WARN,"workers=2, runtime=537s, small Spark job could be Python Shell ($0.0625 vs $0.44/DPU/hr)",LOW
eu-west-1,glue_job,daas-ingestion-lesmes-ro01,unused_job,WARN,last run 158 days ago,LOW
eu-west-1,glue_job,daas-ingestion-lesmes-pt01,unused_job,WARN,last run 157 days ago,LOW
eu-west-1,glue_job,daas-ingestion-lesmes-pt01,consider_python_shell,WARN,"workers=2, runtime=565s, small Spark job could be Python Shell ($0.0625 vs $0.44/DPU/hr)",LOW
eu-west-1,glue_job,daas-ingestion-lesmes-pl02,failed_job,WARN,last run failed: An error occurred while calling o98.load. Unknown server host name 'PMIPLKRKDEV04.pmintl.net'.. Note: This run was executed with Flex execution. Check the logs if run failed due to executor termination.,MEDIUM
eu-west-1,glue_job,daas-ingestion-lesmes-pl02,unused_job,WARN,last run 157 days ago,LOW
eu-west-1,glue_job,daas-ingestion-lesmes-pl02,consider_python_shell,WARN,"workers=2, runtime=86s, small Spark job could be Python Shell ($0.0625 vs $0.44/DPU/hr)",LOW
eu-west-1,glue_job,daas-compaction-lesmes-sn01,failed_job,WARN,"last run failed: Error Category: UNCLASSIFIED_ERROR; Failed Line Number: 352; Exception: Unable to compact following tables: ['at_container_history', 'av_rpt_po_components_cig', 'av_rpt_po_header', 'av_rpt_po_characteristics', 'av_rpt_po_components_brand']. Note: This run was executed with Flex execution. Check the logs if run failed due to executor termination.",MEDIUM
eu-west-1,glue_job,daas-compaction-lesmes-sn01,unused_job,WARN,last run 157 days ago,LOW
eu-west-1,glue_job,daas-compaction-lesmes-sn01,consider_python_shell,WARN,"workers=2, runtime=520s, small Spark job could be Python Shell ($0.0625 vs $0.44/DPU/hr)",LOW
eu-west-1,glue_job,daas-compaction-lesmes-tr03,consider_python_shell,WARN,"workers=2, runtime=0s, small Spark job could be Python Shell ($0.0625 vs $0.44/DPU/hr)",LOW
eu-west-1,glue_job,daas-compaction-lesmes-ua06,failed_job,WARN,last run failed: Error Category: UNCLASSIFIED_ERROR; Failed Line Number: 382; Exception: Unable to compact following tables: ['at_container_history']. Note: This run was executed with Flex execution. Check the logs if run failed due to executor termination.,MEDIUM
eu-west-1,glue_job,daas-compaction-lesmes-ua06,unused_job,WARN,last run 269 days ago,LOW
eu-west-1,glue_job,daas-compaction-lesmes-ua06,consider_python_shell,WARN,"workers=2, runtime=288s, small Spark job could be Python Shell ($0.0625 vs $0.44/DPU/hr)",LOW
eu-west-1,glue_job,daas-compaction-ppa-global,unused_job,WARN,last run 135 days ago,LOW
eu-west-1,glue_job,daas-compaction-ppa-global,consider_python_shell,WARN,"workers=2, runtime=238s, small Spark job could be Python Shell ($0.0625 vs $0.44/DPU/hr)",LOW
eu-west-1,glue_job,daas-ingestion-lesmes-ms14,failed_job,WARN,"last run failed: An error occurred while calling o98.load. Cannot open database ""FlexNet_PRD_bkup"" requested by the login. The login failed.. Note: This run was executed with Flex execution. Check the logs if run failed due to executor termination.",MEDIUM
eu-west-1,glue_job,daas-ingestion-lesmes-ms14,unused_job,WARN,last run 158 days ago,LOW
eu-west-1,glue_job,daas-ingestion-lesmes-ms14,consider_python_shell,WARN,"workers=2, runtime=92s, small Spark job could be Python Shell ($0.0625 vs $0.44/DPU/hr)",LOW
eu-west-1,glue_job,daas-ingestion-lesmes-ph70,unused_job,WARN,last run 157 days ago,LOW
eu-west-1,glue_job,daas-ingestion-lesmes-lt01,unused_job,WARN,last run 158 days ago,LOW
eu-west-1,glue_job,daas-compaction-primat-tr03,unused_job,WARN,last run 158 days ago,LOW
eu-west-1,glue_job,daas-compaction-primat-tr03,overprovisioned_job,WARN,"allocated=10 DPUs, utilization=10%, consider reducing workers",MEDIUM
eu-west-1,glue_job,daas-compaction-primat-ch41,unused_job,WARN,last run 158 days ago,LOW
eu-west-1,glue_job,daas-compaction-pssiv-nl70,unused_job,WARN,last run 360 days ago,LOW
eu-west-1,glue_job,daas-compaction-pssiv-nl70,overprovisioned_job,WARN,"allocated=10 DPUs, utilization=24%, consider reducing workers",MEDIUM
eu-west-1,glue_job,daas-ingestion-lesmes-phmc,failed_job,WARN,last run failed: An error occurred while calling o98.load. I/O Error: Connection reset. Note: This run was executed with Flex execution. Check the logs if run failed due to executor termination.,MEDIUM
eu-west-1,glue_job,daas-ingestion-lesmes-phmc,unused_job,WARN,last run 157 days ago,LOW
eu-west-1,glue_job,daas-ingestion-lesmes-phmc,consider_python_shell,WARN,"workers=2, runtime=81s, small Spark job could be Python Shell ($0.0625 vs $0.44/DPU/hr)",LOW
eu-west-1,glue_job,daas-imel-kz70-datacount,consider_python_shell,WARN,"workers=2, runtime=214s, small Spark job could be Python Shell ($0.0625 vs $0.44/DPU/hr)",LOW
eu-west-1,glue_job,daas-imel-nl70,unused_job,WARN,last run 157 days ago,LOW
eu-west-1,glue_job,daas-imel-ph88,unused_job,WARN,last run 157 days ago,LOW
eu-west-1,glue_job,daas-ingestion-lesmes-sn01,unused_job,WARN,last run 157 days ago,LOW
eu-west-1,glue_job,daas-ingestion-lesmes-sn01,consider_python_shell,WARN,"workers=2, runtime=325s, small Spark job could be Python Shell ($0.0625 vs $0.44/DPU/hr)",LOW
eu-west-1,glue_job,daas-ingestion-lesmes-tr03,unused_job,WARN,last run 133 days ago,LOW
eu-west-1,glue_job,daas-ingestion-lesmes-tr03,consider_python_shell,WARN,"workers=2, runtime=303s, small Spark job could be Python Shell ($0.0625 vs $0.44/DPU/hr)",LOW
eu-west-1,glue_job,daas-imel-pl31,unused_job,WARN,last run 158 days ago,LOW
eu-west-1,glue_job,daas-imel-reporting-modernization-microbatch-nl70,failed_job,WARN,last run failed: KeyError: 'rest',MEDIUM
eu-west-1,glue_job,daas-imel-reporting-modernization-microbatch-nl70,unused_job,WARN,last run 235 days ago,LOW
eu-west-1,glue_job,daas-imel-reporting-modernization-microbatch-sandbox,failed_job,WARN,last run failed: KeyError: 'rest',MEDIUM
eu-west-1,glue_job,daas-imel-reporting-modernization-microbatch-sandbox,unused_job,WARN,last run 235 days ago,LOW
eu-west-1,glue_job,daas-imel-reporting-modernization-nl70,failed_job,WARN,last run failed: ModuleNotFoundError: No module named 'pymssql',MEDIUM
eu-west-1,glue_job,daas-imel-reporting-modernization-nl70,unused_job,WARN,last run 235 days ago,LOW
eu-west-1,glue_job,daas-imel-reporting-modernization-nl70,consider_python_shell,WARN,"workers=2, runtime=62s, small Spark job could be Python Shell ($0.0625 vs $0.44/DPU/hr)",LOW
eu-west-1,glue_job,daas-imel-reporting-modernization-sandbox,failed_job,WARN,last run failed: ModuleNotFoundError: No module named 'pymssql',MEDIUM
eu-west-1,glue_job,daas-imel-reporting-modernization-sandbox,unused_job,WARN,last run 235 days ago,LOW
eu-west-1,glue_job,daas-imel-reporting-modernization-sandbox,consider_python_shell,WARN,"workers=2, runtime=46s, small Spark job could be Python Shell ($0.0625 vs $0.44/DPU/hr)",LOW
eu-west-1,glue_job,daas-microbatch-ingestion-lesmes-br40,consider_python_shell,WARN,"workers=2, runtime=369s, small Spark job could be Python Shell ($0.0625 vs $0.44/DPU/hr)",LOW
eu-west-1,glue_job,daas-microbatch-ingestion-lesmes-cz71,consider_python_shell,WARN,"workers=2, runtime=377s, small Spark job could be Python Shell ($0.0625 vs $0.44/DPU/hr)",LOW
eu-west-1,glue_job,daas-microbatch-ingestion-lesmes-ms14,failed_job,WARN,"last run failed: An error occurred while calling o98.load. Cannot open database ""FlexNet_PRD_bkup"" requested by the login. The login failed.",MEDIUM
eu-west-1,glue_job,daas-microbatch-ingestion-lesmes-ms14,consider_python_shell,WARN,"workers=2, runtime=90s, small Spark job could be Python Shell ($0.0625 vs $0.44/DPU/hr)",LOW
eu-west-1,glue_job,daas-microbatch-ingestion-lesmes-lt01,consider_python_shell,WARN,"workers=2, runtime=358s, small Spark job could be Python Shell ($0.0625 vs $0.44/DPU/hr)",LOW
eu-west-1,glue_job,daas-microbatch-ingestion-lesmes-id14,failed_job,WARN,last run failed: An error occurred while calling o98.load. Unknown server host name 'PMIIDPAZAPRDEV1.pmintl.net'.,MEDIUM
eu-west-1,glue_job,daas-microbatch-ingestion-lesmes-id14,consider_python_shell,WARN,"workers=2, runtime=87s, small Spark job could be Python Shell ($0.0625 vs $0.44/DPU/hr)",LOW
eu-west-1,glue_job,daas-microbatch-ingestion-lesmes-pl02,failed_job,WARN,last run failed: An error occurred while calling o98.load. Unknown server host name 'PMIPLKRKDEV04.pmintl.net'.,MEDIUM
eu-west-1,glue_job,daas-microbatch-ingestion-lesmes-pl02,consider_python_shell,WARN,"workers=2, runtime=80s, small Spark job could be Python Shell ($0.0625 vs $0.44/DPU/hr)",LOW
eu-west-1,glue_job,daas-microbatch-ingestion-lesmes-ph70,consider_python_shell,WARN,"workers=2, runtime=280s, small Spark job could be Python Shell ($0.0625 vs $0.44/DPU/hr)",LOW
eu-west-1,glue_job,daas-microbatch-ingestion-lesmes-rs7z,consider_python_shell,WARN,"workers=2, runtime=302s, small Spark job could be Python Shell ($0.0625 vs $0.44/DPU/hr)",LOW
eu-west-1,glue_job,daas-microbatch-ingestion-lesmes-id02,failed_job,WARN,"last run failed: An error occurred while calling o98.load. Cannot open database ""Flexnet"" requested by the login. The login failed.",MEDIUM
eu-west-1,glue_job,daas-microbatch-ingestion-lesmes-id02,consider_python_shell,WARN,"workers=2, runtime=88s, small Spark job could be Python Shell ($0.0625 vs $0.44/DPU/hr)",LOW
eu-west-1,glue_job,daas-microbatch-ingestion-lesmes-sn01,consider_python_shell,WARN,"workers=2, runtime=194s, small Spark job could be Python Shell ($0.0625 vs $0.44/DPU/hr)",LOW
eu-west-1,glue_job,daas-microbatch-ingestion-lesmes-tr03,consider_python_shell,WARN,"workers=2, runtime=262s, small Spark job could be Python Shell ($0.0625 vs $0.44/DPU/hr)",LOW
eu-west-1,glue_job,daas-microbatch-pss-itgf,overprovisioned_job,WARN,"allocated=1 DPUs, utilization=0%, consider reducing workers",MEDIUM
eu-west-1,glue_job,daas-microbatch-ingestion-lesmes-ua06,failed_job,WARN,last run failed: An error occurred while calling o98.load. Unknown server host name 'PMIUALVIDEV18.PMINTL.NET'.,MEDIUM
eu-west-1,glue_job,daas-microbatch-ingestion-lesmes-ua06,consider_python_shell,WARN,"workers=2, runtime=74s, small Spark job could be Python Shell ($0.0625 vs $0.44/DPU/hr)",LOW
eu-west-1,glue_job,daas-microbatch-pss-itgf-customtags,failed_job,WARN,"last run failed: ProgrammingError: {'S': 'ERROR', 'V': 'ERROR', 'C': '42703', 'M': 'column a.parameterid does not exist', 'P': '8', 'F': 'parse_relation.c', 'L': '3417', 'R': 'errorMissingColumn'}",MEDIUM
eu-west-1,glue_job,daas-microbatch-pss-itgf-customtags,unused_job,WARN,last run 107 days ago,LOW
eu-west-1,glue_job,daas-microbatch-pss-itgf-t1,failed_job,WARN,"last run failed: ValueError: Expected a 1D array, got an array with shape (0, 4)",MEDIUM
eu-west-1,glue_job,daas-microbatch-pss-itgf-t2,failed_job,WARN,last run failed: ModuleNotFoundError: No module named 'pymssql._pymssql',MEDIUM
eu-west-1,glue_job,daas-microbatch-pss-itgf-t2,unused_job,WARN,last run 101 days ago,LOW
eu-west-1,glue_job,daas-microbatch-pss-itgf-t2,expensive_worker_type,WARN,"using G.2X workers (8vCPU/32GB at $0.88/DPU/hr), consider G.1X (4vCPU/16GB at $0.44/DPU/hr) if memory allows",MEDIUM
eu-west-1,glue_job,daas-microbatch-pss-itgf-test1,failed_job,WARN,"last run failed: ValueError: Expected a 1D array, got an array with shape (0, 4)",MEDIUM
eu-west-1,glue_job,daas-microbatch-pss-itgf-test1,unused_job,WARN,last run 153 days ago,LOW
eu-west-1,glue_job,daas-microbatch-pss-paramlastvalue-ro70,unused_job,WARN,last run 326 days ago,LOW
eu-west-1,glue_job,daas-microbatch-pss-paramlastvalue-ro70,overprovisioned_job,WARN,"allocated=1 DPUs, utilization=0%, consider reducing workers",MEDIUM
eu-west-1,glue_job,daas-microbatch-pss-paramlastvalue-itgf,unused_job,WARN,last run 232 days ago,LOW
eu-west-1,glue_job,daas-microbatch-pss-paramlastvalue-itgf,overprovisioned_job,WARN,"allocated=1 DPUs, utilization=0%, consider reducing workers",MEDIUM
eu-west-1,glue_job,daas-microbatch-pss-ro70,overprovisioned_job,WARN,"allocated=1 DPUs, utilization=0%, consider reducing workers",MEDIUM
eu-west-1,glue_job,daas-mint-compacted-delta,unused_job,WARN,last run 218 days ago,LOW
eu-west-1,glue_job,daas-imel-sb-mb-ch41,unused_job,WARN,last run 91 days ago,LOW
eu-west-1,glue_job,daas-imel-sb-mb-ch41,consider_python_shell,WARN,"workers=2, runtime=200s, small Spark job could be Python Shell ($0.0625 vs $0.44/DPU/hr)",LOW
eu-west-1,glue_job,daas-imel-rs7a,unused_job,WARN,last run 157 days ago,LOW
eu-west-1,glue_job,daas-patty-ca10,consider_python_shell,WARN,"workers=2, runtime=314s, small Spark job could be Python Shell ($0.0625 vs $0.44/DPU/hr)",LOW
eu-west-1,glue_job,daas-imel-sb-mb-id30,unused_job,WARN,last run 157 days ago,LOW
eu-west-1,glue_job,daas-imel-sb-mb-id30,consider_python_shell,WARN,"workers=2, runtime=208s, small Spark job could be Python Shell ($0.0625 vs $0.44/DPU/hr)",LOW
eu-west-1,glue_job,daas-patty-dwh,failed_job,WARN,last run failed: CommandFailedException: /tmp/glue-python-libs-6BYB/pandas-1.1.0-cp36-cp36m-manylinux1_x86_64.whl installation failed after 2th retry due to exception: CalledProcessError,MEDIUM
eu-west-1,glue_job,daas-ingestion-amcs-itgf,overprovisioned_job,WARN,"allocated=10 DPUs, utilization=17%, consider reducing workers",MEDIUM
eu-west-1,glue_job,daas-ingestion-amcs-ittc,failed_job,WARN,last run failed: An error occurred while calling o97.load. Unknown server host name 'PMIITBOLDEV06.pmintl.net'.. Note: This run was executed with Flex execution. Check the logs if run failed due to executor termination.,MEDIUM
eu-west-1,glue_job,daas-ingestion-amcs-ittc,unused_job,WARN,last run 217 days ago,LOW
eu-west-1,glue_job,daas-ingestion-amcs-kr70,overprovisioned_job,WARN,"allocated=10 DPUs, utilization=16%, consider reducing workers",MEDIUM
eu-west-1,glue_job,daas-ingestion-amcs-ph88,unused_job,WARN,last run 217 days ago,LOW
eu-west-1,glue_job,daas-ingestion-amcs-ph88,overprovisioned_job,WARN,"allocated=10 DPUs, utilization=17%, consider reducing workers",MEDIUM
eu-west-1,glue_job,daas-ingestion-amcs-pl31,unused_job,WARN,last run 214 days ago,LOW
eu-west-1,glue_job,daas-ingestion-amcs-pl31,overprovisioned_job,WARN,"allocated=10 DPUs, utilization=17%, consider reducing workers",MEDIUM
eu-west-1,glue_job,daas-ingestion-amcs-ro70,overprovisioned_job,WARN,"allocated=10 DPUs, utilization=20%, consider reducing workers",MEDIUM
eu-west-1,glue_job,daas-ingestion-amcs-kz70,unused_job,WARN,last run 217 days ago,LOW
eu-west-1,glue_job,daas-ingestion-amcs-kz70,overprovisioned_job,WARN,"allocated=10 DPUs, utilization=16%, consider reducing workers",MEDIUM
eu-west-1,glue_job,daas-ingestion-amcs-rs7a,overprovisioned_job,WARN,"allocated=10 DPUs, utilization=17%, consider reducing workers",MEDIUM
eu-west-1,glue_job,daas-ingestion-amcs-rs7a-test,failed_job,WARN,last run failed: KeyError: 'driver'. Note: This run was executed with Flex execution. Check the logs if run failed due to executor termination.,MEDIUM
eu-west-1,glue_job,daas-ingestion-amcs-rs7a-test,unused_job,WARN,last run 142 days ago,LOW
eu-west-1,glue_job,daas-ingestion-amcs-us70,unused_job,WARN,last run 217 days ago,LOW
eu-west-1,glue_job,daas-ingestion-amcs-us70,overprovisioned_job,WARN,"allocated=10 DPUs, utilization=15%, consider reducing workers",MEDIUM
eu-west-1,glue_job,daas-ingestion-lesmes-ua06,failed_job,WARN,last run failed: An error occurred while calling o98.load. Unknown server host name 'PMIUALVIDEV18.PMINTL.NET'.. Note: This run was executed with Flex execution. Check the logs if run failed due to executor termination.,MEDIUM
eu-west-1,glue_job,daas-ingestion-lesmes-ua06,unused_job,WARN,last run 157 days ago,LOW
eu-west-1,glue_job,daas-ingestion-lesmes-ua06,consider_python_shell,WARN,"workers=2, runtime=82s, small Spark job could be Python Shell ($0.0625 vs $0.44/DPU/hr)",LOW
eu-west-1,glue_job,daas-ingestion-ppa-global,unused_job,WARN,last run 135 days ago,LOW
eu-west-1,glue_job,daas-ingestion-ppa-global,overprovisioned_job,WARN,"allocated=1 DPUs, utilization=0%, consider reducing workers",MEDIUM
eu-west-1,glue_job,daas-ingestion-primat-ch41,overprovisioned_job,WARN,"allocated=1 DPUs, utilization=0%, consider reducing workers",MEDIUM
eu-west-1,glue_job,daas-ingestion-primat-tr03,overprovisioned_job,WARN,"allocated=1 DPUs, utilization=0%, consider reducing workers",MEDIUM
eu-west-1,glue_job,daas-ingestion-pss-itgf-test,failed_job,WARN,last run failed: KeyError: 'driver'. Note: This run was executed with Flex execution. Check the logs if run failed due to executor termination.,MEDIUM
eu-west-1,glue_job,daas-ingestion-pss-itgf-test,unused_job,WARN,last run 142 days ago,LOW
eu-west-1,glue_job,daas-ingestion-uad-app60-tr03,failed_job,WARN,last run failed: ModuleNotFoundError: No module named 'kumeza.utils.aws.glue.glue'; 'kumeza.utils.aws.glue' is not a package,MEDIUM
eu-west-1,glue_job,daas-ingestion-uad-app60-tr03,unused_job,WARN,last run 358 days ago,LOW
eu-west-1,glue_job,daas-ingestion-uad-influx-tr03,failed_job,WARN,last run failed: ModuleNotFoundError: No module named 'kumeza.utils.aws.glue.glue'; 'kumeza.utils.aws.glue' is not a package,MEDIUM
eu-west-1,glue_job,daas-ingestion-uad-influx-tr03,unused_job,WARN,last run 358 days ago,LOW
eu-west-1,glue_job,daas-proxima-pss_dm,unused_job,WARN,last run 359 days ago,LOW
eu-west-1,glue_job,daas-pss-timestream,failed_job,WARN,last run failed: Max concurrent runs exceeded,MEDIUM
eu-west-1,glue_job,daas-pss-timestream,unused_job,WARN,last run 1505 days ago,LOW
eu-west-1,glue_job,icloud-archive-job-acc-gr70-dev,failed_job,WARN,last run failed: ClientError: An error occurred (404) when calling the HeadObject operation: Not Found,MEDIUM
eu-west-1,glue_job,daas-pssiv-nl70,consider_python_shell,WARN,"workers=2, runtime=146s, small Spark job could be Python Shell ($0.0625 vs $0.44/DPU/hr)",LOW
eu-west-1,glue_job,icloud-archive-job-acc-itgf-dev,overprovisioned_job,WARN,"allocated=1 DPUs, utilization=0%, consider reducing workers",MEDIUM
eu-west-1,glue_job,daas-delta-optimization-amcs,consider_python_shell,WARN,"workers=2, runtime=247s, small Spark job could be Python Shell ($0.0625 vs $0.44/DPU/hr)",LOW
eu-west-1,glue_job,icloud-archive-job-acc-ro70-dev,overprovisioned_job,WARN,"allocated=1 DPUs, utilization=0%, consider reducing workers",MEDIUM
eu-west-1,glue_job,icloud-archive-job-kdf-itgf-dev,failed_job,WARN,last run failed: Max concurrent runs exceeded,MEDIUM
eu-west-1,glue_job,icloud-archive-job-kdf-itgf-dev,unused_job,WARN,last run 889 days ago,LOW
eu-west-1,glue_job,daas-reconciliation-amcs-ch41,failed_job,WARN,"last run failed: An error occurred while calling o93.load. Cannot open database ""AMCSQuality"" requested by the login. The login failed.. Note: This run was executed with Flex execution. Check the logs if run failed due to executor termination.",MEDIUM
eu-west-1,glue_job,daas-reconciliation-amcs-itgf,failed_job,WARN,last run failed: An error occurred while calling o93.load. Unknown server host name 'PMIITRRPSQL08.pmintl.net'.. Note: This run was executed with Flex execution. Check the logs if run failed due to executor termination.,MEDIUM
eu-west-1,glue_job,daas-reconciliation-amcs-itgf,unused_job,WARN,last run 206 days ago,LOW
eu-west-1,glue_job,daas-compaction-sapp1-global,unused_job,WARN,last run 116 days ago,LOW
eu-west-1,glue_job,daas-compaction-sapp1-global,overprovisioned_job,WARN,"allocated=10 DPUs, utilization=10%, consider reducing workers",MEDIUM
eu-west-1,glue_job,daas-delta-optimization-imel,failed_job,WARN,last run failed: Exception: Unable to compact following tables: ['container_class']. Note: This run was executed with Flex execution. Check the logs if run failed due to executor termination.,MEDIUM
eu-west-1,glue_job,daas-delta-optimization-imel,unused_job,WARN,last run 157 days ago,LOW
eu-west-1,glue_job,daas-delta-optimization-imel,consider_python_shell,WARN,"workers=2, runtime=516s, small Spark job could be Python Shell ($0.0625 vs $0.44/DPU/hr)",LOW
eu-west-1,glue_job,daas-delta-optimization-lesmes,unused_job,WARN,last run 157 days ago,LOW
eu-west-1,glue_job,daas-delta-optimization-lesmes,consider_python_shell,WARN,"workers=2, runtime=388s, small Spark job could be Python Shell ($0.0625 vs $0.44/DPU/hr)",LOW
eu-west-1,glue_job,daas-el-loading-lesmes-test1,unused_job,WARN,last run 133 days ago,LOW
eu-west-1,glue_job,microbatch-pss-historical,failed_job,WARN,"last run failed: DatabaseError: Execution failed on sql 'select distinct tagname from History': (7320, b'Cannot execute the query ""SELECT Tbl1001.TagName Col1005 FROM Runtime.dbo.History Tbl1001"" against OLE DB provider ""INSQL"" for linked server ""INSQL"". DB-Lib error message 20018, severity 16:\nGeneral SQL Server error: Check messages from the SQL Server\n')",MEDIUM
eu-west-1,glue_job,microbatch-pss-historical,unused_job,WARN,last run 141 days ago,LOW
eu-west-1,glue_job,microbatch-historical-test,failed_job,WARN,last run failed: Error Category: IMPORT_ERROR; Failed Line Number: 5; ModuleNotFoundError: No module named 'pymssql._pymssql',MEDIUM
eu-west-1,glue_job,microbatch-historical-test,unused_job,WARN,last run 141 days ago,LOW
eu-west-1,glue_job,microbatch-pss-itgf-copy,unused_job,WARN,last run 151 days ago,LOW
eu-west-1,glue_job,microbatch-pss-itgf-copy,overprovisioned_job,WARN,"allocated=1 DPUs, utilization=0%, consider reducing workers",MEDIUM
eu-west-1,glue_job,microbatch-pss-itgf-historical-test,failed_job,WARN,last run failed: ModuleNotFoundError: No module named 'pyspark',MEDIUM
eu-west-1,glue_job,microbatch-pss-itgf-historical-test,unused_job,WARN,last run 141 days ago,LOW
eu-west-1,glue_job,microbatch-pss-itgf-test,unused_job,WARN,last run 151 days ago,LOW
eu-west-1,glue_job,microbatch-pss-itgf-test,overprovisioned_job,WARN,"allocated=1 DPUs, utilization=0%, consider reducing workers",MEDIUM
eu-west-1,glue_job,mint-compacted-delta,failed_job,WARN,"last run failed: LAUNCH ERROR | Error downloading from S3 for bucket: daas-s3-library-dev, key: python/daas_common_library-2.5.1-py3-none-any.whl"".The specified key does not exist. (Service: Amazon S3; Status Code: 404; Please refer logs for details.",MEDIUM
eu-west-1,glue_job,mint-compacted-delta,unused_job,WARN,last run 218 days ago,LOW
eu-west-1,glue_job,mint-compacted-delta-1,failed_job,WARN,last run failed: AnalysisException: A partition path fragment should be the form like `part1=foo/part2=bar`. The partition path: _symlink_format_manifest,MEDIUM
eu-west-1,glue_job,daas-el-loading-ppa,unused_job,WARN,last run 135 days ago,LOW
eu-west-1,glue_job,icloud-archive-job-speedmanagement-gr70-dev,overprovisioned_job,WARN,"allocated=1 DPUs, utilization=0%, consider reducing workers",MEDIUM
eu-west-1,glue_job,icloud-ingestion-speedmanagement-job-kpi-gr70-dev,overprovisioned_job,WARN,"allocated=1 DPUs, utilization=0%, consider reducing workers",MEDIUM
eu-west-1,glue_job,pipe-daas-odl-ppa-tf,overprovisioned_job,WARN,"allocated=10 DPUs, utilization=19%, consider reducing workers",MEDIUM
eu-west-1,glue_job,pipe-daas-odl-ppa-tf-copy,failed_job,WARN,"last run failed: An error occurred while calling z:org.apache.spark.api.python.PythonRDD.runJob. column: [ID], physicalType: INT32, logicalType: bigint",MEDIUM
eu-west-1,glue_job,pipe-daas-odl-ppa-tf-copy,unused_job,WARN,last run 162 days ago,LOW
eu-west-1,glue_job,ingestion-digiperf-api,overprovisioned_job,WARN,"allocated=1 DPUs, utilization=0%, consider reducing workers",MEDIUM
eu-west-1,glue_job,pipe-daas-digiperf-dev-tf,failed_job,WARN,last run failed: ClientError: An error occurred (403) when calling the HeadObject operation: Forbidden,MEDIUM
eu-west-1,glue_job,pipe-daas-digiperf-odl-wc-tf,failed_job,WARN,"last run failed: SyntaxError: future feature annotations is not defined (jsonpath.py, line 1)",MEDIUM
eu-west-1,glue_job,pipe-daas-odl-parameter-target-value-ppa-global-tf,unused_job,WARN,last run 183 days ago,LOW
eu-west-1,glue_job,icloud-ingestion-speedmanagement-job-kpipack-gr70-dev,overprovisioned_job,WARN,"allocated=0 DPUs, utilization=0%, consider reducing workers",MEDIUM
eu-west-1,glue_job,daas-sapp1-exchange-rates,unused_job,WARN,last run 116 days ago,LOW
eu-west-1,glue_job,daas-sapp1-exchange-rates,overprovisioned_job,WARN,"allocated=1 DPUs, utilization=0%, consider reducing workers",MEDIUM
eu-west-1,glue_job,daas-reconciliation-amcs-kz70,unused_job,WARN,last run 330 days ago,LOW
eu-west-1,glue_job,daas-reconciliation-amcs-kz70,overprovisioned_job,WARN,"allocated=10 DPUs, utilization=18%, consider reducing workers",MEDIUM
eu-west-1,glue_job,rds_timestream,unused_job,WARN,last run 93 days ago,LOW
eu-west-1,glue_job,dev-daas-proxima-pv_etl-kr70,unused_job,WARN,last run 146 days ago,LOW
eu-west-1,glue_job,daas-reconciliation-amcs-us70,failed_job,WARN,last run failed: An error occurred while calling o93.load. I/O Error: Connection timed out (Read failed). Note: This run was executed with Flex execution. Check the logs if run failed due to executor termination.,MEDIUM
eu-west-1,glue_job,test-pss,unused_job,WARN,last run 330 days ago,LOW
eu-west-1,glue_job,test-pss,overprovisioned_job,WARN,"allocated=0 DPUs, utilization=0%, consider reducing workers",MEDIUM
eu-west-1,glue_job,test-pss-itgf,unused_job,WARN,last run 330 days ago,LOW
eu-west-1,glue_job,test-pss-itgf,overprovisioned_job,WARN,"allocated=1 DPUs, utilization=0%, consider reducing workers",MEDIUM
eu-west-1,glue_job,test_delay_notification,consider_python_shell,WARN,"workers=2, runtime=149s, small Spark job could be Python Shell ($0.0625 vs $0.44/DPU/hr)",LOW
eu-west-1,glue_job,test-el-role,failed_job,WARN,"last run failed: Error Category: PERMISSION_ERROR; Failed Line Number: 94; An error occurred while calling o153.parquet. com.amazon.ws.emr.hadoop.fs.shaded.com.amazonaws.services.s3.model.AmazonS3Exception: User: arn:aws:sts::291751643970:assumed-role/daas-role-glue-ingestion-amcs-dev/GlueJobRunnerSession is not authorized to perform: s3:ListBucket on resource: ""arn:aws:s3:::enterprise-landing-raw-dev"" because no resource-based policy allows the s3:ListBucket action (Service: Amazon S3; Status Code: 403; Error Code: AccessDenied; Request ID: DZJZCR39V0WGRW5P; S3 Extended Request ID: U19yUms6+xlOqlYxedHX0PDipwfIO+gGRLS5N53EwmTgyXB8ifd4ryk32QheZpyRBFn4BLVa2CF9NVdsWNds5zXF84dcZ47Z; Proxy: null), S3 Extended Request ID: U19yUms6+xlOqlYxedHX0PDipwfIO+gGRLS5N53EwmTgyXB8ifd4ryk32QheZpyRBFn4BLVa2CF9NVdsWNds5zXF84dcZ47Z",MEDIUM
eu-west-1,glue_job,test-el-role,unused_job,WARN,last run 129 days ago,LOW
eu-west-1,glue_job,timestreamanalytics_to_S3,failed_job,WARN,last run failed: Command failed with exit code 10,MEDIUM
eu-west-1,glue_job,timestreamanalytics_to_S3,unused_job,WARN,last run 178 days ago,LOW
eu-west-1,glue_job,daas-test-connection,consider_python_shell,WARN,"workers=2, runtime=83s, small Spark job could be Python Shell ($0.0625 vs $0.44/DPU/hr)",LOW
eu-west-1,glue_job,daas-test-connection-copy,unused_job,WARN,last run 137 days ago,LOW
eu-west-1,glue_job,dev-ingestion-digiperf-api,unused_job,WARN,last run 100 days ago,LOW
eu-west-1,glue_job,dev-ingestion-digiperf-api,overprovisioned_job,WARN,"allocated=1 DPUs, utilization=0%, consider reducing workers",MEDIUM
eu-west-1,glue_job,greenup-ingestion-uad-ro70,failed_job,WARN,last run failed: RuntimeError: primary generated an exception: <html>,MEDIUM
eu-west-1,glue_job,greenup-ingestion-uad-ro70,unused_job,WARN,last run 169 days ago,LOW
eu-west-1,glue_job,dev-digiperf-ingestion,unused_job,WARN,last run 112 days ago,LOW
eu-west-1,glue_job,dev-digiperf-ingestion,overprovisioned_job,WARN,"allocated=1 DPUs, utilization=0%, consider reducing workers",MEDIUM
eu-west-1,lambda,daas-ingestion-crmlesmes-itgf,unused_function,WARN,"memory=1024MB, zero invocations in last 30 days",LOW
eu-west-1,lambda,helper,unused_function,WARN,"memory=128MB, zero invocations in last 30 days",LOW
eu-west-1,lambda,event_observer,unused_function,WARN,"memory=128MB, zero invocations in last 30 days",LOW
eu-west-1,lambda,mgolczyk-password-autorotation,unused_function,WARN,"memory=128MB, zero invocations in last 30 days",LOW
eu-west-1,lambda,daas-rds-creds-rotator,unused_function,WARN,"memory=128MB, zero invocations in last 30 days",LOW
eu-west-1,lambda,icloud-ing-sm-kpi-gluejob-lambda-id30-dev,unused_function,WARN,"memory=128MB, zero invocations in last 30 days",LOW
eu-west-1,lambda,Jenkins_Build_Trigger,unused_function,WARN,"memory=128MB, zero invocations in last 30 days",LOW
eu-west-1,lambda,CheckdaasodlRDS_test,unused_function,WARN,"memory=128MB, zero invocations in last 30 days",LOW
eu-west-1,lambda,ic-pdm-gd-s3-event,unused_function,WARN,"memory=1024MB, zero invocations in last 30 days",LOW
eu-west-1,lambda,icloud-ing-sm-kpi-gluecraw-lambda-ro70-dev,unused_function,WARN,"memory=128MB, zero invocations in last 30 days",LOW
eu-west-1,lambda,test-postgres-token,unused_function,WARN,"memory=128MB, zero invocations in last 30 days",LOW
eu-west-1,lambda,NXT_ingestion,unused_function,WARN,"memory=512MB, zero invocations in last 30 days",LOW
eu-west-1,lambda,raw_vs_compacted_lambda_dev,unused_function,WARN,"memory=128MB, zero invocations in last 30 days",LOW
eu-west-1,lambda,kinesis_secondary_cc_data_transformation,unused_function,WARN,"memory=128MB, zero invocations in last 30 days",LOW
eu-west-1,lambda,ic-pdm-primary-getdata,unused_function,WARN,"memory=1024MB, zero invocations in last 30 days",LOW
eu-west-1,lambda,ssp-data-test2,unused_function,WARN,"memory=128MB, zero invocations in last 30 days",LOW
eu-west-1,lambda,AppSync-Manuf-DaaS-Athena-DataSource-CICD,unused_function,WARN,"memory=1024MB, zero invocations in last 30 days",LOW
eu-west-1,lambda,send-etl-job-error-notification,unused_function,WARN,"memory=1024MB, zero invocations in last 30 days",LOW
eu-west-1,lambda,DEEP-ssm-log-parser,unused_function,WARN,"memory=128MB, zero invocations in last 30 days",LOW
eu-west-1,lambda,iam-access-inactive-keys-deletion,unused_function,WARN,"memory=128MB, zero invocations in last 30 days",LOW
eu-west-1,lambda,ssp-ingestion-test,unused_function,WARN,"memory=128MB, zero invocations in last 30 days",LOW
eu-west-1,lambda,reconciliationDynamodbSchema,unused_function,WARN,"memory=128MB, zero invocations in last 30 days",LOW
eu-west-1,lambda,ic-ssp-if-data-handler-diiot-ssp-1,unused_function,WARN,"memory=1024MB, zero invocations in last 30 days",LOW
eu-west-1,lambda,ic-pdm-gd-combiner-events-upload-s3-files-to-dynamodb,unused_function,WARN,"memory=1024MB, zero invocations in last 30 days",LOW
eu-west-1,lambda,alert_mqtt_clientid_removal_test,unused_function,WARN,"memory=128MB, zero invocations in last 30 days",LOW
eu-west-1,lambda,el_list_objects-lambda,unused_function,WARN,"memory=256MB, zero invocations in last 30 days",LOW
eu-west-1,lambda,pdm-influx-historian-dynamodb,unused_function,WARN,"memory=128MB, zero invocations in last 30 days",LOW
eu-west-1,lambda,ic-ssp-if-act-001-diiot-ssp-1,unused_function,WARN,"memory=1024MB, zero invocations in last 30 days",LOW
eu-west-1,lambda,test-sns-publish,unused_function,WARN,"memory=128MB, zero invocations in last 30 days",LOW
eu-west-1,lambda,ic-peo-finops-budgets-lambda-email-smartu,unused_function,WARN,"memory=128MB, zero invocations in last 30 days",LOW
eu-west-1,lambda,ic-pdm-uc3-forcs,unused_function,WARN,"memory=1024MB, zero invocations in last 30 days",LOW
eu-west-1,lambda,ic-pdm-gd-s3-list-namespace-keys,unused_function,WARN,"memory=1024MB, zero invocations in last 30 days",LOW
eu-west-1,lambda,test-athena-nxt-dynamic-th-role,unused_function,WARN,"memory=128MB, zero invocations in last 30 days",LOW
eu-west-1,lambda,icif_password_rotation_poc_function,unused_function,WARN,"memory=128MB, zero invocations in last 30 days",LOW
eu-west-1,lambda,ic-pdm-gd-s3-transfer,unused_function,WARN,"memory=1024MB, zero invocations in last 30 days",LOW
eu-west-1,lambda,test-el,unused_function,WARN,"memory=128MB, zero invocations in last 30 days",LOW
eu-west-1,lambda,Lambda_Vault_IAM_Integration_With_Layer,unused_function,WARN,"memory=128MB, zero invocations in last 30 days",LOW
eu-west-1,lambda,generate_digiperf_dates,unused_function,WARN,"memory=128MB, zero invocations in last 30 days",LOW
eu-west-1,lambda,iiot-ic-if-lambda-act-024_test,unused_function,WARN,"memory=128MB, zero invocations in last 30 days",LOW
eu-west-1,lambda,trigger-kpi-target-loading,unused_function,WARN,"memory=128MB, zero invocations in last 30 days",LOW
eu-west-1,lambda,smartu-mongo-debug,unused_function,WARN,"memory=128MB, zero invocations in last 30 days",LOW
eu-west-1,lambda,NXT_ingestion_digiperf_manual,unused_function,WARN,"memory=512MB, zero invocations in last 30 days",LOW
eu-west-1,lambda,connection_test_RDS,unused_function,WARN,"memory=128MB, zero invocations in last 30 days",LOW
eu-west-1,lambda,daas-register-source-system,unused_function,WARN,"memory=256MB, zero invocations in last 30 days",LOW
eu-west-1,lambda,Integra-Iams-Aucobo-AuthStatus,unused_function,WARN,"memory=128MB, zero invocations in last 30 days",LOW
eu-west-1,lambda,ic-pdm-gd-combiner-data-upload-s3-files-to-dynamodb,unused_function,WARN,"memory=1024MB, zero invocations in last 30 days",LOW
eu-west-1,lambda,daas-el_loading-lesmes,unused_function,WARN,"memory=256MB, zero invocations in last 30 days",LOW
eu-west-1,lambda,daas-ingestion-crmlesmes-pl02,unused_function,WARN,"memory=1024MB, zero invocations in last 30 days",LOW
eu-west-1,lambda,rds_connection-lambda,unused_function,WARN,"memory=1024MB, zero invocations in last 30 days",LOW
eu-west-1,lambda,ic-ssp-if-act-start-lambda-test,unused_function,WARN,"memory=128MB, zero invocations in last 30 days",LOW
eu-west-1,lambda,ssp-test-my-function,unused_function,WARN,"memory=128MB, zero invocations in last 30 days",LOW
eu-west-1,lambda,ic-ssp-if-act-actuals-diiot-ssp-1,unused_function,WARN,"memory=1024MB, zero invocations in last 30 days",LOW
eu-west-1,lambda,daas_glue_job_get_schedule,unused_function,WARN,"memory=128MB, zero invocations in last 30 days",LOW
eu-west-1,lambda,daas-patty-set-job-execution,unused_function,WARN,"memory=128MB, zero invocations in last 30 days",LOW
eu-west-1,lambda,ic-pdm-primary-training,unused_function,WARN,"memory=1000MB, zero invocations in last 30 days",LOW
eu-west-1,lambda,ssp-scan-live-folder,unused_function,WARN,"memory=128MB, zero invocations in last 30 days",LOW
eu-west-1,lambda,integra-iams-aucobo-auth-status-ru04,unused_function,WARN,"memory=128MB, zero invocations in last 30 days",LOW
eu-west-1,lambda,daas_pyodbc_test,unused_function,WARN,"memory=128MB, zero invocations in last 30 days",LOW
eu-west-1,lambda,ic-pdm-gd-events-processor,unused_function,WARN,"memory=1024MB, zero invocations in last 30 days",LOW
eu-west-1,lambda,gemt-ssis-etl-deleteme,unused_function,WARN,"memory=128MB, zero invocations in last 30 days",LOW
eu-west-1,lambda,ic-pdm-example-model-training,unused_function,WARN,"memory=128MB, zero invocations in last 30 days",LOW
eu-west-1,lambda,ssp-actuals-logic,unused_function,WARN,"memory=128MB, zero invocations in last 30 days",LOW
eu-west-1,lambda,greenup-uad-dev-email,unused_function,WARN,"memory=128MB, zero invocations in last 30 days",LOW
eu-west-1,lambda,ic-pdm-uc1-input-data,unused_function,WARN,"memory=1024MB, zero invocations in last 30 days",LOW
eu-west-1,lambda,pipe-el-lesmes-tr03-odl-dev,unused_function,WARN,"memory=128MB, zero invocations in last 30 days",LOW
eu-west-1,lambda,greenup-email-notification-function,unused_function,WARN,"memory=512MB, zero invocations in last 30 days",LOW
eu-west-1,lambda,testBucket,unused_function,WARN,"memory=128MB, zero invocations in last 30 days",LOW
eu-west-1,lambda,gemt-ssis-errormanager,unused_function,WARN,"memory=1024MB, zero invocations in last 30 days",LOW
eu-west-1,lambda,iams-auth-error-notification,unused_function,WARN,"memory=128MB, zero invocations in last 30 days",LOW
eu-west-1,lambda,AppSync-Manuf-DaaS-Snowflake-DataSource-CICD,unused_function,WARN,"memory=1024MB, zero invocations in last 30 days",LOW
eu-west-1,lambda,daas-ingestion-crmlesmes-ar30,unused_function,WARN,"memory=1024MB, zero invocations in last 30 days",LOW
eu-west-1,lambda,daas-reconciliation-compacted-dev,unused_function,WARN,"memory=128MB, zero invocations in last 30 days",LOW
eu-west-1,lambda,pg_digiperf,unused_function,WARN,"memory=128MB, zero invocations in last 30 days",LOW
eu-west-1,lambda,IIOT_9102_Opsgenie_Integration_with_Glue_Jobs,unused_function,WARN,"memory=128MB, zero invocations in last 30 days",LOW
eu-west-1,lambda,ssp-test-secrets,unused_function,WARN,"memory=128MB, zero invocations in last 30 days",LOW
eu-west-1,lambda,ic-ssp-if-act-024-diiot-ssp-1,unused_function,WARN,"memory=1024MB, zero invocations in last 30 days",LOW
eu-west-1,lambda,msokm_baseline_test,unused_function,WARN,"memory=4096MB, zero invocations in last 30 days",LOW
eu-west-1,lambda,nxt-invoke-drift-manual,unused_function,WARN,"memory=1024MB, zero invocations in last 30 days",LOW
eu-west-1,lambda,HVAC-Alert-Email-Notification,unused_function,WARN,"memory=128MB, zero invocations in last 30 days",LOW
eu-west-1,lambda,daas-s3-file-move,unused_function,WARN,"memory=128MB, zero invocations in last 30 days",LOW
eu-west-1,lambda,daas-sapp1-ingestion-lambda,unused_function,WARN,"memory=1024MB, zero invocations in last 30 days",LOW
eu-west-1,lambda,ic-pdm-secondary-spj-massive-retrain,unused_function,WARN,"memory=1024MB, zero invocations in last 30 days",LOW
eu-west-1,lambda,ssp-iiot-archive,unused_function,WARN,"memory=128MB, zero invocations in last 30 days",LOW
eu-west-1,lambda,ssp-test-s3,unused_function,WARN,"memory=128MB, zero invocations in last 30 days",LOW
eu-west-1,lambda,ic-ssp-if-act-start-diiot-ssp-1,unused_function,WARN,"memory=1024MB, zero invocations in last 30 days",LOW
eu-west-1,lambda,daas-proxima-sp-ingest-lambda,unused_function,WARN,"memory=128MB, zero invocations in last 30 days",LOW
eu-west-1,lambda,ic-ssp-if-act-012-diiot-ssp-1,unused_function,WARN,"memory=1024MB, zero invocations in last 30 days",LOW
eu-west-1,lambda,ssp-test-data-3,unused_function,WARN,"memory=128MB, zero invocations in last 30 days",LOW
eu-west-1,lambda,kinesis_sensor_data_transformation,unused_function,WARN,"memory=256MB, zero invocations in last 30 days",LOW
eu-west-1,lambda,r-and-d-hub-offline-drift,unused_function,WARN,"memory=512MB, zero invocations in last 30 days",LOW
eu-west-1,lambda,daas-reconciliation-el-loadingdev,unused_function,WARN,"memory=128MB, zero invocations in last 30 days",LOW
eu-west-1,lambda,NXT_ingestion_prophet_manual,unused_function,WARN,"memory=8192MB, zero invocations in last 30 days",LOW
eu-west-1,lambda,daas-to_be_compacted-lambda-ac,unused_function,WARN,"memory=128MB, zero invocations in last 30 days",LOW
eu-west-1,lambda,integra-iams-aucobo-auth-status,unused_function,WARN,"memory=128MB, zero invocations in last 30 days",LOW
eu-west-1,lambda,ic-pdm-primary-motorspeed,unused_function,WARN,"memory=1024MB, zero invocations in last 30 days",LOW
eu-west-1,lambda,daas_test_cache,unused_function,WARN,"memory=128MB, zero invocations in last 30 days",LOW
eu-west-1,lambda,Vault-IAM-Auth-Without-Layer,unused_function,WARN,"memory=128MB, zero invocations in last 30 days",LOW
eu-west-1,lambda,test_daas_lambda_3,unused_function,WARN,"memory=128MB, zero invocations in last 30 days",LOW
eu-west-1,lambda,msokm-baseline-generator-lambda,unused_function,WARN,"memory=512MB, zero invocations in last 30 days",LOW
eu-west-1,lambda,Application_Secret_Expiration_Function,unused_function,WARN,"memory=128MB, zero invocations in last 30 days",LOW
eu-west-1,lambda,daas-ingestion-crmlesmes-pt01,unused_function,WARN,"memory=1024MB, zero invocations in last 30 days",LOW
eu-west-1,lambda,ic-ssp-if-act-028-diiot-ssp-1,unused_function,WARN,"memory=1024MB, zero invocations in last 30 days",LOW
eu-west-1,lambda,gandhi-daas-odl-check,unused_function,WARN,"memory=128MB, zero invocations in last 30 days",LOW
eu-west-1,lambda,daas-poc-copy-from-sf-to-s3,unused_function,WARN,"memory=512MB, zero invocations in last 30 days",LOW
eu-west-1,lambda,daas-clean_catalogue-lambda_function,unused_function,WARN,"memory=128MB, zero invocations in last 30 days",LOW
eu-west-1,lambda,test-vault,unused_function,WARN,"memory=128MB, zero invocations in last 30 days",LOW
eu-west-1,lambda,TestGlueJobDetails,unused_function,WARN,"memory=128MB, zero invocations in last 30 days",LOW
eu-west-1,lambda,pdm-influx-historian-descriptors-dynamodb,unused_function,WARN,"memory=128MB, zero invocations in last 30 days",LOW
eu-west-1,lambda,ids-tls-cert-expiry-monitor,unused_function,WARN,"memory=128MB, zero invocations in last 30 days",LOW
eu-west-1,lambda,icloud-ing-sm-kpi-gluejob-lambda-gr70-dev,unused_function,WARN,"memory=128MB, zero invocations in last 30 days",LOW
eu-west-1,lambda,apollo-digiperf-api-manual,unused_function,WARN,"memory=128MB, zero invocations in last 30 days",LOW
eu-west-1,lambda,testdb,unused_function,WARN,"memory=128MB, zero invocations in last 30 days",LOW
eu-west-1,lambda,LogsToElasticsearch_etl-cluster,unused_function,WARN,"memory=128MB, zero invocations in last 30 days",LOW
eu-west-1,lambda,msokm_baseline_csv_generation,unused_function,WARN,"memory=128MB, zero invocations in last 30 days",LOW
eu-west-1,lambda,daas-reconciliation-dev,unused_function,WARN,"memory=128MB, zero invocations in last 30 days",LOW
eu-west-1,lambda,ic-ssp-if-act-016-diiot-ssp-1,unused_function,WARN,"memory=1024MB, zero invocations in last 30 days",LOW
eu-west-1,lambda,icloud-ing-sm-kpi-gluecraw-lambda-gr70-dev,unused_function,WARN,"memory=128MB, zero invocations in last 30 days",LOW
eu-west-1,lambda,generate_basic_auth,unused_function,WARN,"memory=128MB, zero invocations in last 30 days",LOW
eu-west-1,lambda,ic-pdm-create-endpoint,unused_function,WARN,"memory=1024MB, zero invocations in last 30 days",LOW
eu-west-1,lambda,AccessKeyExpiryChecker,unused_function,WARN,"memory=128MB, zero invocations in last 30 days",LOW
eu-west-1,lambda,nxt_f3pa_sns_test,unused_function,WARN,"memory=128MB, zero invocations in last 30 days",LOW
eu-west-1,lambda,daas-el_loading_verification,unused_function,WARN,"memory=256MB, zero invocations in last 30 days",LOW
eu-west-1,lambda,delete_ebs_volumens_ic-data,unused_function,WARN,"memory=128MB, zero invocations in last 30 days",LOW
eu-west-1,lambda,iam_user_access_rotation,unused_function,WARN,"memory=128MB, zero invocations in last 30 days",LOW
eu-west-1,lambda,daas-s3-raw-file-date,unused_function,WARN,"memory=128MB, zero invocations in last 30 days",LOW
eu-west-1,lambda,ic-peo-finops-budgets-lambda-email-peo,unused_function,WARN,"memory=128MB, zero invocations in last 30 days",LOW
eu-west-1,lambda,ic-peo-finops-budgets-lambda-email-ssp,unused_function,WARN,"memory=128MB, zero invocations in last 30 days",LOW
eu-west-1,lambda,icloud-ing-sm-kpi-gluecraw-lambda-id30-dev,unused_function,WARN,"memory=128MB, zero invocations in last 30 days",LOW
eu-west-1,lambda,AppSync-Manuf-DaaS-ODL-DataSource-CICD,unused_function,WARN,"memory=1024MB, zero invocations in last 30 days",LOW
eu-west-1,lambda,ic-peo-finops-budgets-lambda-email-iqc,unused_function,WARN,"memory=128MB, zero invocations in last 30 days",LOW
eu-west-1,lambda,pipe-el-lesmes-tr03-rawLoader-dev,unused_function,WARN,"memory=128MB, zero invocations in last 30 days",LOW
eu-west-1,lambda,secret-expiration-alert-dev,unused_function,WARN,"memory=128MB, zero invocations in last 30 days",LOW
eu-west-1,lambda,ssp_test_lambda,unused_function,WARN,"memory=128MB, zero invocations in last 30 days",LOW
eu-west-1,lambda,ddb-to-es-lamba-function,unused_function,WARN,"memory=128MB, zero invocations in last 30 days",LOW
eu-west-1,lambda,AppSync-Manuf-DaaS-Mongo-DataSource-CICD,unused_function,WARN,"memory=1024MB, zero invocations in last 30 days",LOW
eu-west-1,lambda,ic-pdm-gd-data-processor,unused_function,WARN,"memory=1024MB, zero invocations in last 30 days",LOW
eu-west-1,lambda,daas_test_awswrangler,unused_function,WARN,"memory=10240MB, zero invocations in last 30 days",LOW
eu-west-1,lambda,daas-custom-amcs-event-bridge-function-dev,unused_function,WARN,"memory=128MB, zero invocations in last 30 days",LOW
eu-west-1,lambda,greenup-uad-dev-inference-notification,unused_function,WARN,"memory=2048MB, zero invocations in last 30 days",LOW
eu-west-1,lambda,kinesis-lambda-poc,unused_function,WARN,"memory=128MB, zero invocations in last 30 days",LOW
eu-west-1,lambda,daas-glue-auto-failed-execution,unused_function,WARN,"memory=128MB, zero invocations in last 30 days",LOW
eu-west-1,lambda,ssp-get-act-configuration,unused_function,WARN,"memory=128MB, zero invocations in last 30 days",LOW
eu-west-1,lambda,ic-pdm-secondary-training,unused_function,WARN,"memory=128MB, zero invocations in last 30 days",LOW
eu-west-1,lambda,ic-pdm-uc1-secondary-training,unused_function,WARN,"memory=1024MB, zero invocations in last 30 days",LOW
eu-west-1,lambda,PPP_Trigger,unused_function,WARN,"memory=128MB, zero invocations in last 30 days",LOW
eu-west-1,lambda,moving_lambda-lambda,unused_function,WARN,"memory=1024MB, zero invocations in last 30 days",LOW
eu-west-1,lambda,daas-custom-pss-event-bridge-lambda,unused_function,WARN,"memory=128MB, zero invocations in last 30 days",LOW
eu-west-1,lambda,daas-ingestion-crmlesmes-jo40,unused_function,WARN,"memory=1024MB, zero invocations in last 30 days",LOW
eu-west-1,lambda,icloud-ingestion-lambda-speedmanagement-itgf-dev,unused_function,WARN,"memory=128MB, zero invocations in last 30 days",LOW
eu-west-1,lambda,ic-pdm-uc3-arima,unused_function,WARN,"memory=1024MB, zero invocations in last 30 days",LOW
eu-west-1,lambda,lambda_test_master,unused_function,WARN,"memory=128MB, zero invocations in last 30 days",LOW
eu-west-1,lambda,daas-el_loading,unused_function,WARN,"memory=256MB, zero invocations in last 30 days",LOW
eu-west-1,lambda,daas-glue-auto-failed-execution-main,unused_function,WARN,"memory=128MB, zero invocations in last 30 days",LOW
eu-west-1,lambda,startDatasyncTask,unused_function,WARN,"memory=128MB, zero invocations in last 30 days",LOW
eu-west-1,lambda,daas-ingestion-crmlesmes-br40,unused_function,WARN,"memory=1024MB, zero invocations in last 30 days",LOW
eu-west-1,lambda,iiot-ic-ssp-if-lambda-act-012_code,unused_function,WARN,"memory=128MB, zero invocations in last 30 days",LOW
eu-west-1,lambda,icloud-ing-sm-kpi-gluejob-lambda-ro70-dev,unused_function,WARN,"memory=128MB, zero invocations in last 30 days",LOW
eu-west-1,lambda,ic-peo-finops-budgets-lambda-email-uad,unused_function,WARN,"memory=128MB, zero invocations in last 30 days",LOW
eu-west-1,lambda,ic-pdm-secrets-rotation,unused_function,WARN,"memory=1024MB, zero invocations in last 30 days",LOW
eu-west-1,lambda,ic-pdm-filter-by-range,unused_function,WARN,"memory=1024MB, zero invocations in last 30 days",LOW
eu-west-1,lambda,icloud-ing-sm-kpi-gluecraw-lambda-itgf-dev,unused_function,WARN,"memory=128MB, zero invocations in last 30 days",LOW
eu-west-1,lambda,ic-pdm-l-manage-samgemaker-status,unused_function,WARN,"memory=1024MB, zero invocations in last 30 days",LOW
eu-west-1,lambda,pipe-daas-rds-test,unused_function,WARN,"memory=128MB, zero invocations in last 30 days",LOW
eu-west-1,lambda,ic-pdm-gd-combiner-events-transform-s3-files,unused_function,WARN,"memory=1024MB, zero invocations in last 30 days",LOW
eu-west-1,lambda,NXT_ingestion_imel,unused_function,WARN,"memory=512MB, zero invocations in last 30 days",LOW
eu-west-1,lambda,glue-trigger-odl-pipeline,unused_function,WARN,"memory=128MB, zero invocations in last 30 days",LOW
eu-west-1,lambda,daas-ingestion-crmlesmes-lt01,unused_function,WARN,"memory=1024MB, zero invocations in last 30 days",LOW
eu-west-1,lambda,sns-lambda-test-function-daas,unused_function,WARN,"memory=128MB, zero invocations in last 30 days",LOW
eu-west-1,lambda,test_policy,unused_function,WARN,"memory=128MB, zero invocations in last 30 days",LOW
eu-west-1,lambda,iam_user_access_rotation_test,unused_function,WARN,"memory=128MB, zero invocations in last 30 days",LOW
eu-west-1,lambda,daas-custom-amcs-event-bridge-function,unused_function,WARN,"memory=128MB, zero invocations in last 30 days",LOW
eu-west-1,lambda,ssp-process-logging,unused_function,WARN,"memory=128MB, zero invocations in last 30 days",LOW
eu-west-1,lambda,daas-reconciliation-source-dev,unused_function,WARN,"memory=128MB, zero invocations in last 30 days",LOW
eu-west-1,lambda,ic-pdm-gd-filter-combiner-keys,unused_function,WARN,"memory=1024MB, zero invocations in last 30 days",LOW
eu-west-1,lambda,icloud-ingestion-lambda-speedmanagement-ro70-dev,unused_function,WARN,"memory=128MB, zero invocations in last 30 days",LOW
eu-west-1,lambda,rust-lambda-s3-test,unused_function,WARN,"memory=10240MB, zero invocations in last 30 days",LOW
eu-west-1,lambda,AppSync-Manuf-DaaS-Digiperf-DataSource-CICD,unused_function,WARN,"memory=1024MB, zero invocations in last 30 days",LOW
eu-west-1,lambda,copyfileTest,unused_function,WARN,"memory=128MB, zero invocations in last 30 days",LOW
eu-west-1,lambda,daas-rename-file-test,unused_function,WARN,"memory=128MB, zero invocations in last 30 days",LOW
eu-west-1,lambda,daas-trigger-kpi-target-loading,unused_function,WARN,"memory=1024MB, zero invocations in last 30 days",LOW
eu-west-1,lambda,ic-pdm-alert-combiner,unused_function,WARN,"memory=1024MB, zero invocations in last 30 days",LOW
eu-west-1,lambda,hvac-email-alertmanager,unused_function,WARN,"memory=128MB, zero invocations in last 30 days",LOW
eu-west-1,lambda,NXT_ingestion_imel_manual,unused_function,WARN,"memory=512MB, zero invocations in last 30 days",LOW
eu-west-1,lambda,daas-esight_ingestion-lambda,unused_function,WARN,"memory=1024MB, zero invocations in last 30 days",LOW
eu-west-1,lambda,daas-custom-imel-event-bridge-lambda,unused_function,WARN,"memory=128MB, zero invocations in last 30 days",LOW
eu-west-1,lambda,alert-service-lambda,unused_function,WARN,"memory=128MB, zero invocations in last 30 days",LOW
eu-west-1,lambda,ssp-actual-etl-stop-logic,unused_function,WARN,"memory=128MB, zero invocations in last 30 days",LOW
eu-west-1,lambda,daas-to_be_compacted-lambda,unused_function,WARN,"memory=128MB, zero invocations in last 30 days",LOW
eu-west-1,lambda,storageclass-transition-from-standard-to-glacier,unused_function,WARN,"memory=128MB, zero invocations in last 30 days",LOW
eu-west-1,lambda,AppSync-Manuf-DaaS-Sdl-DataSource-Manual,unused_function,WARN,"memory=128MB, zero invocations in last 30 days",LOW
eu-west-1,lambda,daas-proxima_l1_annualized_kpis-lambda,unused_function,WARN,"memory=1024MB, zero invocations in last 30 days",LOW
eu-west-1,lambda,icloud-edge-observability-processor,unused_function,WARN,"memory=128MB, zero invocations in last 30 days",LOW
eu-west-1,lambda,timestream_connect_Function,unused_function,WARN,"memory=128MB, zero invocations in last 30 days",LOW
eu-west-1,lambda,ic-peo-finops-budgets-lambda-email-ids,unused_function,WARN,"memory=128MB, zero invocations in last 30 days",LOW
eu-west-1,lambda,archive-survey-pack,unused_function,WARN,"memory=128MB, zero invocations in last 30 days",LOW
eu-west-1,lambda,glue-trigger-odl-pipeline-dev,unused_function,WARN,"memory=1024MB, zero invocations in last 30 days",LOW
eu-west-1,lambda,icloud-ing-sm-kpi-gluejob-lambda-itgf-dev,unused_function,WARN,"memory=128MB, zero invocations in last 30 days",LOW
eu-west-1,lambda,test-influx-call,unused_function,WARN,"memory=128MB, zero invocations in last 30 days",LOW
eu-west-1,lambda,rds_timestream,unused_function,WARN,"memory=128MB, zero invocations in last 30 days",LOW
eu-west-1,lambda,iitops-ic-cogm-machine-data-aggregation,unused_function,WARN,"memory=4096MB, zero invocations in last 30 days",LOW
eu-west-1,lambda,ic-pdm-gd-fetch-s3-files,unused_function,WARN,"memory=1024MB, zero invocations in last 30 days",LOW
eu-west-1,lambda,ic-ssp-if-act-006-diiot-ssp-1,unused_function,WARN,"memory=1024MB, zero invocations in last 30 days",LOW
eu-west-1,lambda,rotate_iam_user_creds,unused_function,WARN,"memory=128MB, zero invocations in last 30 days",LOW
eu-west-1,lambda,Test_Connect_Amazon_Influx,unused_function,WARN,"memory=128MB, zero invocations in last 30 days",LOW
eu-west-1,lambda,daas-ts-catalog,unused_function,WARN,"memory=3008MB, zero invocations in last 30 days",LOW
eu-west-1,lambda,daas_poc_sqs_events,unused_function,WARN,"memory=128MB, zero invocations in last 30 days",LOW
eu-west-1,lambda,daylight_saving_time_switch,unused_function,WARN,"memory=128MB, zero invocations in last 30 days",LOW
eu-west-1,lambda,pipe-el-imel-itgf-dev,unused_function,WARN,"memory=128MB, zero invocations in last 30 days",LOW
eu-west-1,lambda,raw-compacted-lambda,unused_function,WARN,"memory=128MB, zero invocations in last 30 days",LOW
eu-west-1,lambda,test-arn,unused_function,WARN,"memory=128MB, zero invocations in last 30 days",LOW
eu-west-1,lambda,greenup-uad-dev-check-interval,unused_function,WARN,"memory=128MB, zero invocations in last 30 days",LOW
eu-west-1,lambda,ic-pdm-primary-create-endpoint,unused_function,WARN,"memory=128MB, zero invocations in last 30 days",LOW
eu-west-1,lambda,ssp-test-pd,unused_function,WARN,"memory=128MB, zero invocations in last 30 days",LOW
eu-west-1,lambda,pipe-el-lesmes-tr03-schemaLoader-dev,unused_function,WARN,"memory=128MB, zero invocations in last 30 days",LOW
eu-west-1,lambda,daas_register_source_system,unused_function,WARN,"memory=10240MB, zero invocations in last 30 days",LOW
eu-west-1,lambda,gemt-ssis-errormanager-deleteme,unused_function,WARN,"memory=128MB, zero invocations in last 30 days",LOW
eu-west-1,lambda,pdm-insert-update-dashboards,unused_function,WARN,"memory=128MB, zero invocations in last 30 days",LOW
eu-west-1,lambda,pipe-el-ppa-s3-forwarder-dev-cf,unused_function,WARN,"memory=1024MB, zero invocations in last 30 days",LOW
eu-west-1,lambda,iiot-ic-if-lambda-act-actuals_test,unused_function,WARN,"memory=128MB, zero invocations in last 30 days",LOW
eu-west-1,lambda,daas-copy-files-imel,unused_function,WARN,"memory=128MB, zero invocations in last 30 days",LOW
eu-west-1,lambda,ic-pdm-file-copy,unused_function,WARN,"memory=1024MB, zero invocations in last 30 days",LOW
eu-west-1,lambda,ic-ssp-if-act-stop-diiot-ssp-1,unused_function,WARN,"memory=1024MB, zero invocations in last 30 days",LOW
eu-west-1,lambda,testPSQL,unused_function,WARN,"memory=128MB, zero invocations in last 30 days",LOW
eu-west-1,lambda,test-edge-report-processor-function,unused_function,WARN,"memory=128MB, zero invocations in last 30 days",LOW
eu-west-1,lambda,latest-launch-template-ami-notification-function,unused_function,WARN,"memory=128MB, zero invocations in last 30 days",LOW
eu-west-1,lambda,test_daas_lambda_2,unused_function,WARN,"memory=128MB, zero invocations in last 30 days",LOW
eu-west-1,lambda,ssp-process-raw-data,unused_function,WARN,"memory=128MB, zero invocations in last 30 days",LOW
eu-west-1,lambda,pipe-daas-ppa-dev,unused_function,WARN,"memory=128MB, zero invocations in last 30 days",LOW
eu-west-1,lambda,gemt-ssis-etl,unused_function,WARN,"memory=1024MB, zero invocations in last 30 days",LOW
eu-west-1,lambda,AppSync-Manuf-DaaS-CrossAccount-Athena-DataSource-CICD,unused_function,WARN,"memory=1024MB, zero invocations in last 30 days",LOW
eu-west-1,lambda,daas-ingestion-crmlesmes-ca10,unused_function,WARN,"memory=1024MB, zero invocations in last 30 days",LOW
eu-west-1,lambda,AppSync-Manuf-DaaS-OnPrem-SQL-DataSource-CICD,unused_function,WARN,"memory=1024MB, zero invocations in last 30 days",LOW
eu-west-1,lambda,daas-federated-quries-lambda,unused_function,WARN,"memory=128MB, zero invocations in last 30 days",LOW
eu-west-1,lambda,crmlesmes-retrieve-files-dev,unused_function,WARN,"memory=128MB, zero invocations in last 30 days",LOW
eu-west-1,lambda,ssp_alert_reaction,unused_function,WARN,"memory=128MB, zero invocations in last 30 days",LOW
eu-west-1,lambda,GlueCrawlerExecutionTime,unused_function,WARN,"memory=128MB, zero invocations in last 30 days",LOW
eu-west-1,lambda,ic-pdm-gd-combiner-data-transform-s3-files,unused_function,WARN,"memory=1024MB, zero invocations in last 30 days",LOW
eu-west-1,lambda,lambda-kinesis-consumer,unused_function,WARN,"memory=128MB, zero invocations in last 30 days",LOW
eu-west-1,lambda,vault-lambda-dev,unused_function,WARN,"memory=300MB, zero invocations in last 30 days",LOW
eu-west-1,lambda,ic-pdm-uc1-add-subassembly,unused_function,WARN,"memory=1024MB, zero invocations in last 30 days",LOW
eu-west-1,lambda,test_daas_lambda,unused_function,WARN,"memory=128MB, zero invocations in last 30 days",LOW
eu-west-1,lambda,daas-ingestion-crmlesmes-cz71,unused_function,WARN,"memory=1024MB, zero invocations in last 30 days",LOW
