region,service,resource_id,check,status,detail,risk_level
eu-west-1,ec2,i-0af221a8831c405cc,instance_exposure,FAIL,"public_ip=false, imdsv1=true, open_to_world=false, role=arn:aws:iam::291751643970:instance-profile/PMIICLOUDDEVBT-1-dev20230210111107143200000004",MEDIUM
eu-west-1,ec2,i-0ac677d7497d11ca5,instance_exposure,FAIL,"public_ip=false, imdsv1=true, open_to_world=false, role=arn:aws:iam::291751643970:instance-profile/AmazonSSMRoleForInstancesQuickSetup",MEDIUM
eu-west-1,ec2,i-041b5dabc6845fb85,instance_exposure,FAIL,"public_ip=false, imdsv1=true, open_to_world=false, role=arn:aws:iam::291751643970:instance-profile/msk-client-cdc-poc",MEDIUM
eu-west-1,ec2,i-04dfbb4c1dd95249d,instance_exposure,PASS,"public_ip=false, imdsv1=false, open_to_world=false, role=arn:aws:iam::291751643970:instance-profile/icloudcore-development-ec2-dev20240813083059678100000002",MINIMAL
eu-west-1,ec2,i-088bc44abd6788ef0,instance_exposure,FAIL,"public_ip=false, imdsv1=true, open_to_world=false, role=arn:aws:iam::291751643970:instance-profile/AmazonSSMRoleForInstancesQuickSetup",MEDIUM
eu-west-1,ec2,i-085a5305cd3dba9e2,instance_exposure,FAIL,"public_ip=false, imdsv1=true, open_to_world=false, role=arn:aws:iam::291751643970:instance-profile/AmazonSSMRoleForInstancesQuickSetup",MEDIUM
eu-west-1,ec2,i-01484372b3b343548,instance_exposure,FAIL,"public_ip=false, imdsv1=true, open_to_world=false, role=arn:aws:iam::291751643970:instance-profile/greenup-smartu-mongodb-profile",MEDIUM
eu-west-1,ec2,i-0cad83841d23a3d84,instance_exposure,FAIL,"public_ip=false, imdsv1=true, open_to_world=false, role=arn:aws:iam::291751643970:instance-profile/deep-audit-policy-ssm-managed-instance",MEDIUM
eu-west-1,ec2,i-0bcf61f9a9e3c544f,instance_exposure,PASS,"public_ip=false, imdsv1=false, open_to_world=false, role=arn:aws:iam::291751643970:instance-profile/timestream_ec2_instance_role",MINIMAL
eu-west-1,ec2,i-055400ea29cbffc78,instance_exposure,FAIL,"public_ip=false, imdsv1=true, open_to_world=true, role=arn:aws:iam::291751643970:instance-profile/eks-10c98fe2-90cb-9884-2939-f941b1d2076d",HIGH
eu-west-1,ec2,i-023ff426d0a34c412,instance_exposure,FAIL,"public_ip=false, imdsv1=true, open_to_world=true, role=arn:aws:iam::291751643970:instance-profile/eks-dcc98fe2-9f88-1b3d-74b9-f640f5fae810",HIGH
eu-west-1,ec2,i-0f48ef5c8b655cf64,instance_exposure,FAIL,"public_ip=false, imdsv1=true, open_to_world=true, role=arn:aws:iam::291751643970:instance-profile/eks-dcc98fe2-9f88-1b3d-74b9-f640f5fae810",HIGH
eu-west-1,ec2,i-0c70a888944c9b1fa,instance_exposure,FAIL,"public_ip=false, imdsv1=true, open_to_world=true, role=arn:aws:iam::291751643970:instance-profile/eks-dcc98fe2-9f88-1b3d-74b9-f640f5fae810",HIGH
eu-west-1,ec2,i-095056f339a116865,instance_exposure,FAIL,"public_ip=false, imdsv1=true, open_to_world=true, role=arn:aws:iam::291751643970:instance-profile/eks-3cce026d-e3e6-5b2f-c2c8-15dc125a7c90",HIGH
eu-west-1,ec2,i-0a7014be251ee2b28,instance_exposure,PASS,"public_ip=false, imdsv1=false, open_to_world=false, role=arn:aws:iam::291751643970:instance-profile/eks-64cbaa51-ddfb-dc66-ba43-cc3ccbddc22d",MINIMAL
eu-west-1,ec2,i-0cdc348cc2ec0f000,instance_exposure,PASS,"public_ip=false, imdsv1=false, open_to_world=false, role=arn:aws:iam::291751643970:instance-profile/wsl-dev-dev20260327154557883900000002",MINIMAL
eu-west-1,ec2,i-080c067debae014c3,instance_exposure,FAIL,"public_ip=false, imdsv1=true, open_to_world=true, role=arn:aws:iam::291751643970:instance-profile/eks-48ca5385-9f82-9ab6-b221-5c91f1121ed3",HIGH
eu-west-1,ec2,i-0b8a3e57171e88853,instance_exposure,FAIL,"public_ip=false, imdsv1=true, open_to_world=true, role=arn:aws:iam::291751643970:instance-profile/eks-10c98fe2-90cb-9884-2939-f941b1d2076d",HIGH
eu-west-1,ec2,i-0b528dc16bc15607d,instance_exposure,FAIL,"public_ip=false, imdsv1=true, open_to_world=true, role=arn:aws:iam::291751643970:instance-profile/eks-dcc98fe2-9f88-1b3d-74b9-f640f5fae810",HIGH
eu-west-1,ec2,i-02932d225ab3f926a,instance_exposure,FAIL,"public_ip=false, imdsv1=true, open_to_world=true, role=arn:aws:iam::291751643970:instance-profile/eks-dcc98fe2-9f88-1b3d-74b9-f640f5fae810",HIGH
eu-west-1,ec2,i-035bd82486ad9c4b6,instance_exposure,FAIL,"public_ip=false, imdsv1=true, open_to_world=true, role=arn:aws:iam::291751643970:instance-profile/eks-dcc98fe2-9f88-1b3d-74b9-f640f5fae810",HIGH
eu-west-1,ec2,i-063e7a897b99e94c4,instance_exposure,PASS,"public_ip=false, imdsv1=false, open_to_world=false, role=arn:aws:iam::291751643970:instance-profile/eks-64cbaa51-ddfb-dc66-ba43-cc3ccbddc22d",MINIMAL
eu-west-1,ec2,i-05d0b5a46c29612c6,instance_exposure,PASS,"public_ip=false, imdsv1=false, open_to_world=false, role=arn:aws:iam::291751643970:instance-profile/eks-64cbaa51-ddfb-dc66-ba43-cc3ccbddc22d",MINIMAL
eu-west-1,ec2,i-0f44500d12b5611e0,instance_exposure,FAIL,"public_ip=false, imdsv1=true, open_to_world=true, role=arn:aws:iam::291751643970:instance-profile/eks-cecadc03-8a54-9bb0-960d-038cac8a8c2f",HIGH
eu-west-1,ec2,i-0d6f246bc95a6e28a,instance_exposure,FAIL,"public_ip=false, imdsv1=true, open_to_world=true, role=arn:aws:iam::291751643970:instance-profile/eks-d4c98fe1-f6a5-34fe-b79b-64bc389a25a3",HIGH
eu-west-1,ec2,i-0343cdf662148118a,instance_exposure,FAIL,"public_ip=false, imdsv1=true, open_to_world=true, role=arn:aws:iam::291751643970:instance-profile/eks-98c98fe1-f6ac-55d1-d9b0-3e6a19756d29",HIGH
eu-west-1,ec2,i-08fd9a5a0d6cc1434,instance_exposure,FAIL,"public_ip=false, imdsv1=true, open_to_world=true, role=arn:aws:iam::291751643970:instance-profile/eks-a4c98fe1-f5ff-8359-4317-723f37d46c21",HIGH
eu-west-1,ec2,i-0230d2333dcf38685,instance_exposure,FAIL,"public_ip=false, imdsv1=true, open_to_world=true, role=arn:aws:iam::291751643970:instance-profile/eks-28c98fe1-f653-712a-0e21-1e20be4f503e",HIGH
eu-west-1,ec2,i-055576eb3cf71fdd9,instance_exposure,FAIL,"public_ip=false, imdsv1=true, open_to_world=true, role=arn:aws:iam::291751643970:instance-profile/eks-a8c98fe1-f5ad-732e-dfac-28b15afa58bb",HIGH
eu-west-1,ec2,i-030876d35994a8f32,instance_exposure,FAIL,"public_ip=false, imdsv1=true, open_to_world=true, role=arn:aws:iam::291751643970:instance-profile/eks-4ac98fe6-6315-5c5b-69c0-54452e8c0d81",HIGH
eu-west-1,ec2,i-00055bb663465a945,instance_exposure,FAIL,"public_ip=false, imdsv1=true, open_to_world=true, role=arn:aws:iam::291751643970:instance-profile/eks-fcc98fe1-f685-2741-3e86-548d8bf93ff1",HIGH
eu-west-1,ec2,i-0e4aeca01e6c9ed0e,instance_exposure,FAIL,"public_ip=false, imdsv1=true, open_to_world=true, role=arn:aws:iam::291751643970:instance-profile/eks-a8c98fe1-f5ad-732e-dfac-28b15afa58bb",HIGH
eu-west-1,ec2,i-025ce748cf42baed7,instance_exposure,FAIL,"public_ip=false, imdsv1=true, open_to_world=true, role=arn:aws:iam::291751643970:instance-profile/eks-dcc98fe2-9f88-1b3d-74b9-f640f5fae810",HIGH
eu-west-1,ec2,i-0513ea307324d1b0a,instance_exposure,FAIL,"public_ip=false, imdsv1=true, open_to_world=true, role=arn:aws:iam::291751643970:instance-profile/eks-cecadc03-8a54-9bb0-960d-038cac8a8c2f",HIGH
eu-west-1,ec2,i-0d97c7bf87776d654,instance_exposure,FAIL,"public_ip=false, imdsv1=true, open_to_world=true, role=arn:aws:iam::291751643970:instance-profile/eks-10c98fe2-90cb-9884-2939-f941b1d2076d",HIGH
eu-west-1,ec2,i-0c05f134f2969a7a7,instance_exposure,FAIL,"public_ip=false, imdsv1=true, open_to_world=true, role=arn:aws:iam::291751643970:instance-profile/eks-cecadc03-8a54-9bb0-960d-038cac8a8c2f",HIGH
eu-west-1,ec2,i-07bce038d76483ccd,instance_exposure,PASS,"public_ip=false, imdsv1=false, open_to_world=false, role=arn:aws:iam::291751643970:instance-profile/eks-64cbaa51-ddfb-dc66-ba43-cc3ccbddc22d",MINIMAL
eu-west-1,ec2,i-06a650498b475cade,instance_exposure,FAIL,"public_ip=false, imdsv1=true, open_to_world=true, role=arn:aws:iam::291751643970:instance-profile/eks-cecadc03-8a54-9bb0-960d-038cac8a8c2f",HIGH
eu-west-1,ec2,i-006285f460f372651,instance_exposure,FAIL,"public_ip=false, imdsv1=true, open_to_world=true, role=arn:aws:iam::291751643970:instance-profile/eks-fcc98fe1-f685-2741-3e86-548d8bf93ff1",HIGH
eu-west-1,ec2,i-060de07d5bc075148,instance_exposure,FAIL,"public_ip=false, imdsv1=true, open_to_world=true, role=arn:aws:iam::291751643970:instance-profile/eks-f4c98fe1-f66a-3e3d-dea1-d3bcfd5432b9",HIGH
eu-west-1,ec2,i-06f15649d24aaf4a6,instance_exposure,FAIL,"public_ip=false, imdsv1=true, open_to_world=true, role=arn:aws:iam::291751643970:instance-profile/eks-d4c98fe1-f6a5-34fe-b79b-64bc389a25a3",HIGH
eu-west-1,ec2,i-0398ce884af10e712,instance_exposure,FAIL,"public_ip=false, imdsv1=true, open_to_world=true, role=arn:aws:iam::291751643970:instance-profile/eks-4ac98fe6-6315-5c5b-69c0-54452e8c0d81",HIGH
eu-west-1,ec2,i-068e2255985bc3887,instance_exposure,FAIL,"public_ip=false, imdsv1=true, open_to_world=true, role=arn:aws:iam::291751643970:instance-profile/eks-4ac98fe6-6315-5c5b-69c0-54452e8c0d81",HIGH
eu-west-1,ec2,i-0a9ab770dbd714dae,instance_exposure,FAIL,"public_ip=false, imdsv1=true, open_to_world=true, role=arn:aws:iam::291751643970:instance-profile/eks-98c98fe1-f6ac-55d1-d9b0-3e6a19756d29",HIGH
eu-west-1,ec2,i-0dadab70c995e266f,instance_exposure,FAIL,"public_ip=false, imdsv1=true, open_to_world=true, role=arn:aws:iam::291751643970:instance-profile/eks-28c98fe1-f653-712a-0e21-1e20be4f503e",HIGH
eu-west-1,ec2,i-0ccf9cd76eb9ef6fc,instance_exposure,FAIL,"public_ip=false, imdsv1=true, open_to_world=true, role=arn:aws:iam::291751643970:instance-profile/eks-3cce026d-e3e6-5b2f-c2c8-15dc125a7c90",HIGH
eu-west-1,ec2,i-0a18543fd95e9aa14,instance_exposure,FAIL,"public_ip=false, imdsv1=true, open_to_world=true, role=arn:aws:iam::291751643970:instance-profile/eks-10c98fe2-90cb-9884-2939-f941b1d2076d",HIGH
eu-west-1,ec2,i-03a7c04adaa7b6874,instance_exposure,FAIL,"public_ip=false, imdsv1=true, open_to_world=true, role=arn:aws:iam::291751643970:instance-profile/eks-dcc98fe2-9f88-1b3d-74b9-f640f5fae810",HIGH
eu-west-1,ec2,i-0a8a16c1c1426d613,instance_exposure,FAIL,"public_ip=false, imdsv1=true, open_to_world=true, role=arn:aws:iam::291751643970:instance-profile/eks-dcc98fe2-9f88-1b3d-74b9-f640f5fae810",HIGH
eu-west-1,ec2,i-03934825036f2a61c,instance_exposure,FAIL,"public_ip=false, imdsv1=true, open_to_world=true, role=arn:aws:iam::291751643970:instance-profile/eks-cecadc03-8a54-9bb0-960d-038cac8a8c2f",HIGH
eu-west-1,ec2,i-06cd195818359d306,instance_exposure,FAIL,"public_ip=false, imdsv1=true, open_to_world=true, role=arn:aws:iam::291751643970:instance-profile/eks-cecadc03-8a54-9bb0-960d-038cac8a8c2f",HIGH
eu-west-1,ec2,i-0381279243648322d,instance_exposure,PASS,"public_ip=false, imdsv1=false, open_to_world=false, role=arn:aws:iam::291751643970:instance-profile/eks-e6ceeebf-b1c0-4b68-1657-d8f4899efcda",MINIMAL
eu-west-1,ec2,i-0d529f1e6798dfdad,instance_exposure,FAIL,"public_ip=false, imdsv1=true, open_to_world=true, role=arn:aws:iam::291751643970:instance-profile/eks-eec98fe1-f552-d428-6126-ef3afb4e962f",HIGH
eu-west-1,ec2,i-08fb8dd762db4236c,instance_exposure,FAIL,"public_ip=false, imdsv1=true, open_to_world=true, role=arn:aws:iam::291751643970:instance-profile/eks-2ec98fe1-f691-9ec3-6e95-3bce43c1a5a8",HIGH
eu-west-1,ec2,i-0a855f793cbc77796,instance_exposure,FAIL,"public_ip=false, imdsv1=true, open_to_world=true, role=arn:aws:iam::291751643970:instance-profile/eks-40c98fe1-f672-e599-4df8-ecfce94f1fe9",HIGH
eu-west-1,ec2,i-083cca461d18445a3,instance_exposure,FAIL,"public_ip=false, imdsv1=true, open_to_world=true, role=arn:aws:iam::291751643970:instance-profile/eks-4ac98fe6-6315-5c5b-69c0-54452e8c0d81",HIGH
eu-west-1,ec2,i-0237ba51129d29a5d,instance_exposure,FAIL,"public_ip=false, imdsv1=true, open_to_world=true, role=arn:aws:iam::291751643970:instance-profile/eks-a8c98fe1-f5ad-732e-dfac-28b15afa58bb",HIGH
eu-west-1,ec2,i-052f2ae232cf7c7b9,instance_exposure,FAIL,"public_ip=false, imdsv1=true, open_to_world=true, role=arn:aws:iam::291751643970:instance-profile/eks-a8c98fe1-f5ad-732e-dfac-28b15afa58bb",HIGH
eu-west-1,ec2,i-0572df8cb867d5582,instance_exposure,FAIL,"public_ip=false, imdsv1=true, open_to_world=true, role=arn:aws:iam::291751643970:instance-profile/eks-eec98fe1-f552-d428-6126-ef3afb4e962f",HIGH
eu-west-1,ec2,i-01b94112d1f5a61d2,instance_exposure,FAIL,"public_ip=false, imdsv1=true, open_to_world=true, role=arn:aws:iam::291751643970:instance-profile/eks-d4c98fe1-f6a5-34fe-b79b-64bc389a25a3",HIGH
eu-west-1,ec2,i-0b16f77b9d03c0231,instance_exposure,FAIL,"public_ip=false, imdsv1=true, open_to_world=true, role=arn:aws:iam::291751643970:instance-profile/eks-f4c98fe1-f66a-3e3d-dea1-d3bcfd5432b9",HIGH
eu-west-1,ec2,i-05387b9baeeed0dd3,instance_exposure,FAIL,"public_ip=false, imdsv1=true, open_to_world=true, role=arn:aws:iam::291751643970:instance-profile/eks-f4c98fe1-f66a-3e3d-dea1-d3bcfd5432b9",HIGH
eu-west-1,ec2,i-04e882c3305853155,instance_exposure,FAIL,"public_ip=false, imdsv1=true, open_to_world=true, role=arn:aws:iam::291751643970:instance-profile/eks-4ac98fe6-6315-5c5b-69c0-54452e8c0d81",HIGH
eu-west-1,ec2,i-0d0cc3a7cc72fd44b,instance_exposure,PASS,"public_ip=false, imdsv1=false, open_to_world=false, role=arn:aws:iam::291751643970:instance-profile/iiot-dev_7490963965863991139",MINIMAL
eu-west-1,ec2,i-04844dbff7c9c45fb,instance_exposure,PASS,"public_ip=false, imdsv1=false, open_to_world=false, role=arn:aws:iam::291751643970:instance-profile/iiot-dev_7490963965863991139",MINIMAL
eu-west-1,ec2,i-097402a1de5ffe481,instance_exposure,FAIL,"public_ip=false, imdsv1=true, open_to_world=true, role=arn:aws:iam::291751643970:instance-profile/eks-28c98fe1-f653-712a-0e21-1e20be4f503e",HIGH
eu-west-1,ec2,i-014871e25de7fdb3e,instance_exposure,FAIL,"public_ip=false, imdsv1=true, open_to_world=true, role=arn:aws:iam::291751643970:instance-profile/eks-a4c98fe1-f5ff-8359-4317-723f37d46c21",HIGH
eu-west-1,ec2,i-0d4e1330adc530722,instance_exposure,FAIL,"public_ip=false, imdsv1=true, open_to_world=true, role=arn:aws:iam::291751643970:instance-profile/eks-40c98fe1-f672-e599-4df8-ecfce94f1fe9",HIGH
eu-west-1,ec2,i-0d117f1a498d7de25,instance_exposure,FAIL,"public_ip=false, imdsv1=true, open_to_world=true, role=arn:aws:iam::291751643970:instance-profile/eks-eec98fe1-f552-d428-6126-ef3afb4e962f",HIGH
eu-west-1,ec2,i-0ba7b29e22b63c87c,instance_exposure,FAIL,"public_ip=false, imdsv1=true, open_to_world=true, role=arn:aws:iam::291751643970:instance-profile/eks-eec98fe1-f552-d428-6126-ef3afb4e962f",HIGH
eu-west-1,ec2,i-03a80f2e12909190c,instance_exposure,FAIL,"public_ip=false, imdsv1=true, open_to_world=true, role=arn:aws:iam::291751643970:instance-profile/eks-f4c98fe1-f66a-3e3d-dea1-d3bcfd5432b9",HIGH
eu-west-1,ec2,i-0a47d2795ffcadd82,instance_exposure,FAIL,"public_ip=false, imdsv1=true, open_to_world=true, role=arn:aws:iam::291751643970:instance-profile/eks-a8c98fe1-f5ad-732e-dfac-28b15afa58bb",HIGH
eu-west-1,ec2,i-02f4848c557bba9c4,instance_exposure,FAIL,"public_ip=false, imdsv1=true, open_to_world=true, role=arn:aws:iam::291751643970:instance-profile/eks-a8c98fe1-f5ad-732e-dfac-28b15afa58bb",HIGH
eu-west-1,ec2,i-09e705bd16a8fbded,instance_exposure,FAIL,"public_ip=false, imdsv1=true, open_to_world=true, role=arn:aws:iam::291751643970:instance-profile/eks-a8c98fe1-f5ad-732e-dfac-28b15afa58bb",HIGH
eu-west-1,ec2,i-043483e9c21335a72,instance_exposure,FAIL,"public_ip=false, imdsv1=true, open_to_world=true, role=arn:aws:iam::291751643970:instance-profile/eks-2ec98fe1-f691-9ec3-6e95-3bce43c1a5a8",HIGH
eu-west-1,ec2,i-0be7d8e0e2e345f26,instance_exposure,FAIL,"public_ip=false, imdsv1=true, open_to_world=true, role=arn:aws:iam::291751643970:instance-profile/eks-fcc98fe1-f685-2741-3e86-548d8bf93ff1",HIGH
eu-west-1,sagemaker,pdm-uc1,notebook_exposure,FAIL,"status=Failed, direct_internet=false, public_subnet=false, sg_open=true",LOW
eu-west-1,sagemaker,uad-data-analysis,notebook_exposure,PASS,"status=Stopped, direct_internet=false, public_subnet=false, sg_open=false",MINIMAL
eu-west-1,sagemaker,uad-data-check,notebook_exposure,PASS,"status=Stopped, direct_internet=false, public_subnet=false, sg_open=false",MINIMAL
eu-west-1,sagemaker,uad-data-explore,notebook_exposure,FAIL,"status=Stopped, direct_internet=false, public_subnet=false, sg_open=true",LOW
eu-west-1,sagemaker,uad-notebook,notebook_exposure,FAIL,"status=Stopped, direct_internet=false, public_subnet=false, sg_open=true",LOW
eu-west-1,sagemaker,nxt-poc,notebook_exposure,PASS,"status=Stopped, direct_internet=false, public_subnet=false, sg_open=false",MINIMAL
eu-west-1,sagemaker,nxt,notebook_exposure,PASS,"status=Stopped, direct_internet=false, public_subnet=false, sg_open=false",MINIMAL
eu-west-1,sagemaker,SSPNotebookTraining,notebook_exposure,PASS,"status=Failed, direct_internet=false, public_subnet=false, sg_open=false",MINIMAL
eu-west-1,sagemaker,pge-v2,notebook_exposure,FAIL,"status=Stopped, direct_internet=false, public_subnet=true, sg_open=false",MEDIUM
eu-west-1,sagemaker,pge,notebook_exposure,PASS,"status=Stopped, direct_internet=false, public_subnet=false, sg_open=false",MINIMAL
eu-west-1,s3,291751643970-eu-west-1-athena-results-bucket-hkfkgvvgwe,bucket_security,FAIL,"public_blocked=false, encrypted=true, versioning=false, logging=false",HIGH
eu-west-1,s3,291751643970-eu-west-1-ic-data-archiving-tests,bucket_security,FAIL,"public_blocked=true, encrypted=true, versioning=false, logging=false",LOW
eu-west-1,s3,291751643970-eu-west-1-ic-data-backup,bucket_security,FAIL,"public_blocked=true, encrypted=true, versioning=false, logging=false",LOW
eu-west-1,s3,291751643970-eu-west-1-icloudawacs-modules-dev,bucket_security,FAIL,"public_blocked=true, encrypted=true, versioning=true, logging=false",LOW
eu-west-1,s3,291751643970-eu-west-1-ipt,bucket_security,FAIL,"public_blocked=true, encrypted=true, versioning=true, logging=false",LOW
eu-west-1,s3,291751643970-eu-west-1-pdm-gd-history-env-dev,bucket_security,FAIL,"public_blocked=true, encrypted=true, versioning=true, logging=false",LOW
eu-west-1,s3,291751643970-eu-west-1-pdm-gd-inputdata-env-dev,bucket_security,FAIL,"public_blocked=true, encrypted=true, versioning=true, logging=false",LOW
eu-west-1,s3,291751643970-eu-west-1-pdm-images-dev,bucket_security,FAIL,"public_blocked=true, encrypted=true, versioning=true, logging=false",LOW
eu-west-1,s3,291751643970-eu-west-1-pdm-inputdata-dev,bucket_security,FAIL,"public_blocked=true, encrypted=true, versioning=true, logging=false",LOW
eu-west-1,s3,291751643970-eu-west-1-pdm-models-dev,bucket_security,FAIL,"public_blocked=true, encrypted=true, versioning=true, logging=false",LOW
eu-west-1,s3,291751643970-eu-west-1-pdm-preprocessing-dev,bucket_security,FAIL,"public_blocked=true, encrypted=true, versioning=true, logging=false",LOW
eu-west-1,s3,291751643970-eu-west-1-pdm-sagemaker-dev,bucket_security,FAIL,"public_blocked=true, encrypted=true, versioning=true, logging=false",LOW
eu-west-1,s3,291751643970-eu-west-1-ssp-archiving-diiot-ssp-1,bucket_security,FAIL,"public_blocked=true, encrypted=true, versioning=true, logging=false",LOW
eu-west-1,s3,291751643970-eu-west-1-ssp-binimg-dev-diiot-ssp-1,bucket_security,PASS,"public_blocked=true, encrypted=true, versioning=true, logging=true",MINIMAL
eu-west-1,s3,291751643970-eu-west-1-ssp-binimg-dev-logs-diiot-ssp-1,bucket_security,FAIL,"public_blocked=true, encrypted=true, versioning=true, logging=false",LOW
eu-west-1,s3,291751643970-eu-west-1-ssp-engine-dev-diiot-ssp-1,bucket_security,FAIL,"public_blocked=true, encrypted=true, versioning=true, logging=false",LOW
eu-west-1,s3,291751643970-eu-west-1-ssp-integration-flow-diiot-ssp-1,bucket_security,FAIL,"public_blocked=true, encrypted=true, versioning=true, logging=false",LOW
eu-west-1,s3,appstream2-36fb080bb8-eu-west-1-291751643970,bucket_security,FAIL,"public_blocked=true, encrypted=true, versioning=false, logging=false",LOW
eu-west-1,s3,awacs-cloudfront-logs-bucket,bucket_security,FAIL,"public_blocked=true, encrypted=true, versioning=true, logging=false",LOW
eu-west-1,s3,aws-athena-query-results-291751643970-eu-west-1,bucket_security,FAIL,"public_blocked=false, encrypted=true, versioning=false, logging=false",HIGH
eu-west-1,s3,aws-athena-query-results-eu-west-1-291751643970,bucket_security,FAIL,"public_blocked=true, encrypted=true, versioning=false, logging=false",LOW
eu-west-1,s3,aws-cloudtrail-logs-291751643970-aa4aef46,bucket_security,FAIL,"public_blocked=true, encrypted=true, versioning=false, logging=false",LOW
eu-west-1,s3,aws-glue-assets-291751643970-eu-west-1,bucket_security,FAIL,"public_blocked=false, encrypted=true, versioning=false, logging=false",HIGH
eu-west-1,s3,aws-glue-scripts-291751643970-eu-west-1,bucket_security,FAIL,"public_blocked=true, encrypted=true, versioning=false, logging=false",LOW
eu-west-1,s3,aws-glue-temporary-291751643970-eu-west-1,bucket_security,FAIL,"public_blocked=true, encrypted=true, versioning=false, logging=false",LOW
eu-west-1,s3,aws-sam-cli-managed-default-samclisourcebucket-1qedwj94lndi6,bucket_security,FAIL,"public_blocked=true, encrypted=true, versioning=true, logging=false",LOW
eu-west-1,s3,cardinalis-library-influx,bucket_security,FAIL,"public_blocked=true, encrypted=true, versioning=true, logging=false",LOW
eu-west-1,s3,cf-templates-1vwk17zwpmgnr-eu-west-1,bucket_security,FAIL,"public_blocked=false, encrypted=true, versioning=false, logging=false",HIGH
eu-west-1,s3,cloudfront-logs-bucket,bucket_security,FAIL,"public_blocked=true, encrypted=true, versioning=false, logging=false",LOW
eu-west-1,s3,codepipeline-eu-west-1-719379017058,bucket_security,FAIL,"public_blocked=false, encrypted=true, versioning=false, logging=false",HIGH
eu-west-1,s3,curateddatatest,bucket_security,FAIL,"public_blocked=true, encrypted=true, versioning=false, logging=false",LOW
eu-west-1,s3,daas-apollo-api-dev,bucket_security,FAIL,"public_blocked=true, encrypted=true, versioning=false, logging=false",LOW
eu-west-1,s3,daas-athena-dev,bucket_security,FAIL,"public_blocked=true, encrypted=true, versioning=true, logging=false",LOW
eu-west-1,s3,daas-athena-results-dev,bucket_security,FAIL,"public_blocked=true, encrypted=true, versioning=false, logging=false",LOW
eu-west-1,s3,daas-compacted-dev,bucket_security,FAIL,"public_blocked=true, encrypted=true, versioning=false, logging=false",LOW
eu-west-1,s3,daas-library-dev,bucket_security,FAIL,"public_blocked=true, encrypted=true, versioning=false, logging=false",LOW
eu-west-1,s3,daas-logs-cloudtrail-odl-parameter-target-value,bucket_security,FAIL,"public_blocked=true, encrypted=true, versioning=false, logging=false",LOW
eu-west-1,s3,daas-logs-dev,bucket_security,FAIL,"public_blocked=true, encrypted=true, versioning=false, logging=false",LOW
eu-west-1,s3,daas-output-test,bucket_security,FAIL,"public_blocked=true, encrypted=true, versioning=false, logging=false",LOW
eu-west-1,s3,daas-raw-dev,bucket_security,FAIL,"public_blocked=true, encrypted=true, versioning=true, logging=false",LOW
eu-west-1,s3,daas-raw-dev-test,bucket_security,FAIL,"public_blocked=true, encrypted=true, versioning=false, logging=false",LOW
eu-west-1,s3,daas-raw-dev-testppa,bucket_security,FAIL,"public_blocked=true, encrypted=true, versioning=false, logging=false",LOW
eu-west-1,s3,daas-reconciliation-el-loading-dev,bucket_security,FAIL,"public_blocked=true, encrypted=true, versioning=true, logging=false",LOW
eu-west-1,s3,daas-s3-apollo-api-dev,bucket_security,FAIL,"public_blocked=true, encrypted=true, versioning=true, logging=false",LOW
eu-west-1,s3,daas-s3-apollo-api-dev-restore-bucket,bucket_security,FAIL,"public_blocked=true, encrypted=true, versioning=true, logging=false",LOW
eu-west-1,s3,daas-s3-apollo-graphs-dev,bucket_security,FAIL,"public_blocked=true, encrypted=true, versioning=true, logging=false",LOW
eu-west-1,s3,daas-s3-archive-dev,bucket_security,FAIL,"public_blocked=true, encrypted=true, versioning=true, logging=false",LOW
eu-west-1,s3,daas-s3-athena-dev,bucket_security,FAIL,"public_blocked=true, encrypted=true, versioning=true, logging=false",LOW
eu-west-1,s3,daas-s3-backup-imel-tables,bucket_security,FAIL,"public_blocked=true, encrypted=true, versioning=true, logging=false",LOW
eu-west-1,s3,daas-s3-compacted-dev,bucket_security,FAIL,"public_blocked=true, encrypted=true, versioning=true, logging=false",LOW
eu-west-1,s3,daas-s3-config-dev,bucket_security,FAIL,"public_blocked=true, encrypted=true, versioning=false, logging=false",LOW
eu-west-1,s3,daas-s3-kinesis-stream-test,bucket_security,FAIL,"public_blocked=true, encrypted=true, versioning=true, logging=false",LOW
eu-west-1,s3,daas-s3-library-dev,bucket_security,FAIL,"public_blocked=true, encrypted=true, versioning=true, logging=false",LOW
eu-west-1,s3,daas-s3-lifecycle-poc-dev,bucket_security,FAIL,"public_blocked=true, encrypted=true, versioning=false, logging=false",LOW
eu-west-1,s3,daas-s3-logs,bucket_security,FAIL,"public_blocked=true, encrypted=true, versioning=true, logging=false",LOW
eu-west-1,s3,daas-s3-logs-cloudtrail-ppa-dev,bucket_security,FAIL,"public_blocked=true, encrypted=true, versioning=true, logging=false",LOW
eu-west-1,s3,daas-s3-logs-dev,bucket_security,FAIL,"public_blocked=true, encrypted=true, versioning=true, logging=false",LOW
eu-west-1,s3,daas-s3-raw-access-logging-dev,bucket_security,FAIL,"public_blocked=true, encrypted=true, versioning=false, logging=false",LOW
eu-west-1,s3,daas-s3-raw-dev,bucket_security,PASS,"public_blocked=true, encrypted=true, versioning=true, logging=true",MINIMAL
eu-west-1,s3,daas-s3-raw-dev-trail-events,bucket_security,FAIL,"public_blocked=true, encrypted=true, versioning=false, logging=false",LOW
eu-west-1,s3,daas-s3-schema-dev,bucket_security,FAIL,"public_blocked=true, encrypted=true, versioning=true, logging=false",LOW
eu-west-1,s3,daas-s3-script-dev,bucket_security,FAIL,"public_blocked=true, encrypted=true, versioning=true, logging=false",LOW
eu-west-1,s3,daas-s3-shuffle-bucket-lesmes-dev,bucket_security,FAIL,"public_blocked=true, encrypted=true, versioning=true, logging=false",LOW
eu-west-1,s3,daas-s3-source-dev,bucket_security,FAIL,"public_blocked=true, encrypted=true, versioning=true, logging=false",LOW
eu-west-1,s3,daas-s3-source-system-dev,bucket_security,FAIL,"public_blocked=true, encrypted=true, versioning=true, logging=false",LOW
eu-west-1,s3,daas-s3-streams,bucket_security,FAIL,"public_blocked=true, encrypted=true, versioning=false, logging=false",LOW
eu-west-1,s3,daas-s3-temporary-dev,bucket_security,FAIL,"public_blocked=true, encrypted=true, versioning=true, logging=false",LOW
eu-west-1,s3,daas-s3-test1-dev,bucket_security,FAIL,"public_blocked=true, encrypted=true, versioning=true, logging=false",LOW
eu-west-1,s3,daas-s3-test1-dev-copy,bucket_security,FAIL,"public_blocked=true, encrypted=true, versioning=true, logging=false",LOW
eu-west-1,s3,daas-schema-dev,bucket_security,FAIL,"public_blocked=true, encrypted=true, versioning=false, logging=false",LOW
eu-west-1,s3,daas-script-dev,bucket_security,FAIL,"public_blocked=true, encrypted=true, versioning=false, logging=false",LOW
eu-west-1,s3,daas-source-count-dev,bucket_security,FAIL,"public_blocked=true, encrypted=true, versioning=false, logging=false",LOW
eu-west-1,s3,daas-source-dev-manual,bucket_security,FAIL,"public_blocked=true, encrypted=true, versioning=true, logging=false",LOW
eu-west-1,s3,daas-temporary-dev,bucket_security,FAIL,"public_blocked=true, encrypted=true, versioning=false, logging=false",LOW
eu-west-1,s3,daas-timestream-influx-dev-291751643970,bucket_security,FAIL,"public_blocked=true, encrypted=true, versioning=false, logging=false",LOW
eu-west-1,s3,data-ocean-artifacts,bucket_security,FAIL,"public_blocked=true, encrypted=true, versioning=false, logging=false",LOW
eu-west-1,s3,data-platform-target-db,bucket_security,FAIL,"public_blocked=true, encrypted=true, versioning=false, logging=false",LOW
eu-west-1,s3,dds-dms-redshift-bucket,bucket_security,FAIL,"public_blocked=true, encrypted=true, versioning=false, logging=false",LOW
eu-west-1,s3,deep-baseline-icloud-dev-eu-west-1-alb-logs,bucket_security,FAIL,"public_blocked=true, encrypted=true, versioning=false, logging=false",LOW
eu-west-1,s3,dev-digiperf-files,bucket_security,FAIL,"public_blocked=true, encrypted=true, versioning=false, logging=false",LOW
eu-west-1,s3,dimloss-codedev,bucket_security,FAIL,"public_blocked=true, encrypted=true, versioning=true, logging=false",LOW
eu-west-1,s3,dimloss-tempdev,bucket_security,FAIL,"public_blocked=true, encrypted=true, versioning=false, logging=false",LOW
eu-west-1,s3,dms-anjhmqmvpvh5bbdrawiwss6umu,bucket_security,FAIL,"public_blocked=true, encrypted=true, versioning=false, logging=false",LOW
eu-west-1,s3,dms-assessment-run-2026-02-23-16-54-13,bucket_security,PASS,"public_blocked=true, encrypted=true, versioning=true, logging=true",MINIMAL
eu-west-1,s3,dms-assessment-run-2026-02-24-13-52-52,bucket_security,PASS,"public_blocked=true, encrypted=true, versioning=true, logging=true",MINIMAL
eu-west-1,s3,dms-assessment-run-2026-02-24-22-43-15,bucket_security,PASS,"public_blocked=true, encrypted=true, versioning=true, logging=true",MINIMAL
eu-west-1,s3,dpa-photos,bucket_security,FAIL,"public_blocked=false, encrypted=true, versioning=true, logging=false",HIGH
eu-west-1,s3,drone-opensource-test,bucket_security,FAIL,"public_blocked=true, encrypted=true, versioning=false, logging=false",LOW
eu-west-1,s3,eksonprem-logs-h5idw8drt8,bucket_security,PASS,"public_blocked=true, encrypted=true, versioning=true, logging=true",MINIMAL
eu-west-1,s3,el-ingestion-dev,bucket_security,FAIL,"public_blocked=true, encrypted=true, versioning=false, logging=false",LOW
eu-west-1,s3,el-loading-amcs-bucket-test,bucket_security,FAIL,"public_blocked=true, encrypted=true, versioning=false, logging=false",LOW
eu-west-1,s3,el-loading-bucket-test,bucket_security,FAIL,"public_blocked=true, encrypted=true, versioning=true, logging=false",LOW
eu-west-1,s3,enterprise-landing-raw-dev-localbucket,bucket_security,FAIL,"public_blocked=true, encrypted=true, versioning=true, logging=false",LOW
eu-west-1,s3,enterprise-landing-raw-dev-schemabucket,bucket_security,FAIL,"public_blocked=true, encrypted=true, versioning=false, logging=false",LOW
eu-west-1,s3,glue-library-icloud,bucket_security,FAIL,"public_blocked=true, encrypted=true, versioning=true, logging=false",LOW
eu-west-1,s3,greenup-smartu-lambdas-dev,bucket_security,FAIL,"public_blocked=true, encrypted=true, versioning=false, logging=false",LOW
eu-west-1,s3,greenup-smartu-mappings-file-dev,bucket_security,FAIL,"public_blocked=true, encrypted=true, versioning=false, logging=false",LOW
eu-west-1,s3,greenup-smartu-raw-data-dev,bucket_security,FAIL,"public_blocked=true, encrypted=true, versioning=false, logging=false",LOW
eu-west-1,s3,greenup-uad-inference-results-dev,bucket_security,FAIL,"public_blocked=true, encrypted=true, versioning=false, logging=false",LOW
eu-west-1,s3,greenup-uad-scripts-dev,bucket_security,FAIL,"public_blocked=true, encrypted=true, versioning=false, logging=false",LOW
eu-west-1,s3,greenup-uad-steam-raw-data-dev,bucket_security,FAIL,"public_blocked=true, encrypted=true, versioning=false, logging=false",LOW
eu-west-1,s3,greenup-uad-trained-model-dev,bucket_security,FAIL,"public_blocked=true, encrypted=true, versioning=false, logging=false",LOW
eu-west-1,s3,iams-raw-dev,bucket_security,FAIL,"public_blocked=true, encrypted=true, versioning=false, logging=false",LOW
eu-west-1,s3,iams-script-dev,bucket_security,FAIL,"public_blocked=true, encrypted=true, versioning=false, logging=false",LOW
eu-west-1,s3,ic-awacs-email-ses-template,bucket_security,FAIL,"public_blocked=false, encrypted=true, versioning=false, logging=false",HIGH
eu-west-1,s3,ic-awacs-portal-sns-publisher,bucket_security,FAIL,"public_blocked=true, encrypted=true, versioning=true, logging=false",LOW
eu-west-1,s3,ic-core-dev,bucket_security,FAIL,"public_blocked=true, encrypted=true, versioning=false, logging=false",LOW
eu-west-1,s3,icif-athena-result-bucket,bucket_security,FAIL,"public_blocked=true, encrypted=true, versioning=false, logging=false",LOW
eu-west-1,s3,icif-dev-landing-datasync,bucket_security,FAIL,"public_blocked=true, encrypted=true, versioning=true, logging=false",LOW
eu-west-1,s3,icloud-alb-logs-20200615143933108600000004,bucket_security,FAIL,"public_blocked=true, encrypted=true, versioning=false, logging=false",LOW
eu-west-1,s3,icloud-athena-result,bucket_security,FAIL,"public_blocked=true, encrypted=true, versioning=false, logging=false",LOW
eu-west-1,s3,icloud-dev-alb-logs,bucket_security,FAIL,"public_blocked=true, encrypted=true, versioning=false, logging=false",LOW
eu-west-1,s3,icloud-dev-audit-logs-awacs,bucket_security,FAIL,"public_blocked=true, encrypted=true, versioning=false, logging=false",LOW
eu-west-1,s3,icloud-dev-audit-logs-core,bucket_security,FAIL,"public_blocked=true, encrypted=true, versioning=false, logging=false",LOW
eu-west-1,s3,icloud-dev-audit-logs-daas,bucket_security,FAIL,"public_blocked=true, encrypted=true, versioning=false, logging=false",LOW
eu-west-1,s3,icloud-dev-audit-logs-edge,bucket_security,FAIL,"public_blocked=true, encrypted=true, versioning=false, logging=false",LOW
eu-west-1,s3,icloud-dev-audit-logs-icdata,bucket_security,FAIL,"public_blocked=true, encrypted=true, versioning=false, logging=false",LOW
eu-west-1,s3,icloud-dev-audit-logs-icif,bucket_security,FAIL,"public_blocked=true, encrypted=true, versioning=false, logging=false",LOW
eu-west-1,s3,icloud-dev-audit-logs-peo,bucket_security,FAIL,"public_blocked=true, encrypted=true, versioning=false, logging=false",LOW
eu-west-1,s3,icloud-dev-awx-files,bucket_security,FAIL,"public_blocked=true, encrypted=true, versioning=false, logging=false",LOW
eu-west-1,s3,icloud-dev-cost-peo-poc,bucket_security,FAIL,"public_blocked=true, encrypted=true, versioning=false, logging=false",LOW
eu-west-1,s3,icloud-dev-kafka-connect,bucket_security,FAIL,"public_blocked=true, encrypted=true, versioning=false, logging=false",LOW
eu-west-1,s3,icloud-dev-s3-log-bucket20230210111105849000000001,bucket_security,FAIL,"public_blocked=true, encrypted=true, versioning=false, logging=false",LOW
eu-west-1,s3,icloud-dev-system-logs-agrocd,bucket_security,FAIL,"public_blocked=true, encrypted=true, versioning=true, logging=false",LOW
eu-west-1,s3,icloud-dev-system-logs-awacs,bucket_security,FAIL,"public_blocked=true, encrypted=true, versioning=true, logging=false",LOW
eu-west-1,s3,icloud-dev-system-logs-core,bucket_security,FAIL,"public_blocked=true, encrypted=true, versioning=true, logging=false",LOW
eu-west-1,s3,icloud-dev-system-logs-daas,bucket_security,FAIL,"public_blocked=true, encrypted=true, versioning=true, logging=false",LOW
eu-west-1,s3,icloud-dev-system-logs-edge,bucket_security,FAIL,"public_blocked=true, encrypted=true, versioning=true, logging=false",LOW
eu-west-1,s3,icloud-dev-system-logs-icdata,bucket_security,FAIL,"public_blocked=true, encrypted=true, versioning=true, logging=false",LOW
eu-west-1,s3,icloud-dev-system-logs-icif,bucket_security,FAIL,"public_blocked=true, encrypted=true, versioning=true, logging=false",LOW
eu-west-1,s3,icloud-dev-system-logs-peo,bucket_security,FAIL,"public_blocked=true, encrypted=true, versioning=true, logging=false",LOW
eu-west-1,s3,icloud-edge-observability-bucket,bucket_security,FAIL,"public_blocked=true, encrypted=true, versioning=false, logging=false",LOW
eu-west-1,s3,icloud-ingestion-s3-archive-raw-dev,bucket_security,FAIL,"public_blocked=true, encrypted=true, versioning=true, logging=false",LOW
eu-west-1,s3,icloud-ingestion-s3-athena-dev,bucket_security,FAIL,"public_blocked=true, encrypted=true, versioning=false, logging=false",LOW
eu-west-1,s3,icloud-ingestion-s3-library-dev,bucket_security,FAIL,"public_blocked=true, encrypted=true, versioning=false, logging=false",LOW
eu-west-1,s3,icloud-ingestion-s3-logs-dev,bucket_security,FAIL,"public_blocked=true, encrypted=true, versioning=false, logging=false",LOW
eu-west-1,s3,icloud-ingestion-s3-raw-dev,bucket_security,FAIL,"public_blocked=true, encrypted=true, versioning=false, logging=false",LOW
eu-west-1,s3,icloud-ingestion-s3-script-dev,bucket_security,FAIL,"public_blocked=true, encrypted=true, versioning=true, logging=false",LOW
eu-west-1,s3,icloud-ingestion-s3-source-dev,bucket_security,FAIL,"public_blocked=true, encrypted=true, versioning=true, logging=false",LOW
eu-west-1,s3,icloud-ingestion-s3-temporary-dev,bucket_security,FAIL,"public_blocked=true, encrypted=true, versioning=false, logging=false",LOW
eu-west-1,s3,icloud-python-modules,bucket_security,FAIL,"public_blocked=true, encrypted=true, versioning=false, logging=false",LOW
eu-west-1,s3,icloud-s3-archiving-raw-dev,bucket_security,FAIL,"public_blocked=true, encrypted=true, versioning=true, logging=false",LOW
eu-west-1,s3,icloud-sagemaker-servicecatalog-seedcode,bucket_security,FAIL,"public_blocked=true, encrypted=true, versioning=false, logging=false",LOW
eu-west-1,s3,icloudawacs2,bucket_security,FAIL,"public_blocked=true, encrypted=true, versioning=false, logging=false",LOW
eu-west-1,s3,iiot-df,bucket_security,FAIL,"public_blocked=true, encrypted=true, versioning=false, logging=false",LOW
eu-west-1,s3,iiot-eks-backup-dev,bucket_security,FAIL,"public_blocked=true, encrypted=true, versioning=true, logging=false",LOW
eu-west-1,s3,iiot-machine-vision-dev,bucket_security,FAIL,"public_blocked=true, encrypted=true, versioning=true, logging=false",LOW
eu-west-1,s3,integra-raw-dev,bucket_security,FAIL,"public_blocked=true, encrypted=true, versioning=false, logging=false",LOW
eu-west-1,s3,integra-script-dev,bucket_security,FAIL,"public_blocked=true, encrypted=true, versioning=false, logging=false",LOW
eu-west-1,s3,iqc-photo-dev,bucket_security,FAIL,"public_blocked=true, encrypted=true, versioning=false, logging=true",LOW
eu-west-1,s3,iqc-s3-alert-system-scripts-dev,bucket_security,FAIL,"public_blocked=true, encrypted=true, versioning=true, logging=false",LOW
eu-west-1,s3,iqc-s3-athena-dev,bucket_security,FAIL,"public_blocked=true, encrypted=true, versioning=true, logging=false",LOW
eu-west-1,s3,iqc-s3-photo-logs-dev,bucket_security,FAIL,"public_blocked=true, encrypted=true, versioning=true, logging=false",LOW
eu-west-1,s3,iqc-s3-script-dev,bucket_security,FAIL,"public_blocked=true, encrypted=true, versioning=true, logging=false",LOW
eu-west-1,s3,iqc-s3-temporary-dev,bucket_security,FAIL,"public_blocked=true, encrypted=true, versioning=true, logging=false",LOW
eu-west-1,s3,lambda-dev-source-code-bucket,bucket_security,FAIL,"public_blocked=true, encrypted=true, versioning=false, logging=false",LOW
eu-west-1,s3,lifecycle-test-bucket-1234,bucket_security,FAIL,"public_blocked=true, encrypted=true, versioning=false, logging=false",LOW
eu-west-1,s3,logstash-core-to-s3-test,bucket_security,FAIL,"public_blocked=true, encrypted=true, versioning=false, logging=false",LOW
eu-west-1,s3,lwp-sm,bucket_security,FAIL,"public_blocked=true, encrypted=true, versioning=false, logging=false",LOW
eu-west-1,s3,manosij-test-dev,bucket_security,FAIL,"public_blocked=true, encrypted=true, versioning=false, logging=false",LOW
eu-west-1,s3,metricstreams-cw-streams-test-quickpartial-2djdmb-kwi8nmfo,bucket_security,FAIL,"public_blocked=true, encrypted=true, versioning=false, logging=false",LOW
eu-west-1,s3,mruocco1-tmp,bucket_security,FAIL,"public_blocked=true, encrypted=true, versioning=false, logging=false",LOW
eu-west-1,s3,mso-dsfts-dev,bucket_security,FAIL,"public_blocked=true, encrypted=true, versioning=false, logging=false",LOW
eu-west-1,s3,msodsts-291751643970,bucket_security,FAIL,"public_blocked=true, encrypted=true, versioning=true, logging=false",LOW
eu-west-1,s3,msokm-s3-baseline-generator,bucket_security,FAIL,"public_blocked=true, encrypted=true, versioning=false, logging=false",LOW
eu-west-1,s3,niagara-package,bucket_security,FAIL,"public_blocked=true, encrypted=true, versioning=false, logging=false",LOW
eu-west-1,s3,nxt-models,bucket_security,FAIL,"public_blocked=true, encrypted=true, versioning=false, logging=false",LOW
eu-west-1,s3,nxt-primary-raw-dev,bucket_security,FAIL,"public_blocked=true, encrypted=true, versioning=false, logging=false",LOW
eu-west-1,s3,ocp-secrets,bucket_security,FAIL,"public_blocked=true, encrypted=true, versioning=false, logging=false",LOW
eu-west-1,s3,octdev,bucket_security,FAIL,"public_blocked=true, encrypted=true, versioning=false, logging=false",LOW
eu-west-1,s3,patching-state-291751643970,bucket_security,FAIL,"public_blocked=true, encrypted=true, versioning=false, logging=false",LOW
eu-west-1,s3,pdm-gd-inputdata-dev-test,bucket_security,FAIL,"public_blocked=true, encrypted=true, versioning=false, logging=false",LOW
eu-west-1,s3,pdm-gd-inputdata-history-dev-test,bucket_security,FAIL,"public_blocked=true, encrypted=true, versioning=false, logging=false",LOW
eu-west-1,s3,pdm-influx-historian-dynamodb,bucket_security,FAIL,"public_blocked=true, encrypted=true, versioning=false, logging=false",LOW
eu-west-1,s3,pge-data,bucket_security,FAIL,"public_blocked=true, encrypted=true, versioning=false, logging=false",LOW
eu-west-1,s3,pge-data-291751643970-eu-west-1,bucket_security,FAIL,"public_blocked=true, encrypted=true, versioning=true, logging=false",LOW
eu-west-1,s3,pge-dev-misc,bucket_security,FAIL,"public_blocked=true, encrypted=true, versioning=false, logging=false",LOW
eu-west-1,s3,pge-reporting-291751643970-eu-west-1,bucket_security,FAIL,"public_blocked=true, encrypted=true, versioning=true, logging=false",LOW
eu-west-1,s3,pge-reporting-dev,bucket_security,FAIL,"public_blocked=false, encrypted=true, versioning=false, logging=false",HIGH
eu-west-1,s3,pge-reporting-local,bucket_security,FAIL,"public_blocked=false, encrypted=true, versioning=false, logging=false",HIGH
eu-west-1,s3,pmi-kr-test,bucket_security,FAIL,"public_blocked=true, encrypted=true, versioning=false, logging=false",LOW
eu-west-1,s3,pmi-rdhub-dev-analytics,bucket_security,FAIL,"public_blocked=true, encrypted=true, versioning=false, logging=false",LOW
eu-west-1,s3,pmibucket1,bucket_security,FAIL,"public_blocked=true, encrypted=true, versioning=false, logging=false",LOW
eu-west-1,s3,predictive-rd-hub-data,bucket_security,FAIL,"public_blocked=true, encrypted=true, versioning=false, logging=false",LOW
eu-west-1,s3,python3package,bucket_security,FAIL,"public_blocked=true, encrypted=true, versioning=false, logging=false",LOW
eu-west-1,s3,rasa-local,bucket_security,FAIL,"public_blocked=true, encrypted=true, versioning=false, logging=false",LOW
eu-west-1,s3,restoring-drp-test,bucket_security,FAIL,"public_blocked=true, encrypted=true, versioning=true, logging=false",LOW
eu-west-1,s3,restoring-test-source-ac,bucket_security,FAIL,"public_blocked=true, encrypted=true, versioning=true, logging=false",LOW
eu-west-1,s3,sagemaker-automated-execution-291751643970-eu-west-1,bucket_security,FAIL,"public_blocked=true, encrypted=true, versioning=true, logging=false",LOW
eu-west-1,s3,sagemaker-eu-west-1-291751643970,bucket_security,FAIL,"public_blocked=false, encrypted=true, versioning=false, logging=false",HIGH
eu-west-1,s3,sagemaker-model-monitor-test-291751643970,bucket_security,FAIL,"public_blocked=true, encrypted=true, versioning=false, logging=false",LOW
eu-west-1,s3,sagemaker-project-p-aerbdx0yxraj,bucket_security,FAIL,"public_blocked=false, encrypted=true, versioning=false, logging=false",HIGH
eu-west-1,s3,sagemaker-project-p-akqv6pd5ggko,bucket_security,FAIL,"public_blocked=false, encrypted=true, versioning=false, logging=false",HIGH
eu-west-1,s3,sagemaker-project-p-bwgyxi9uv1iv,bucket_security,FAIL,"public_blocked=false, encrypted=true, versioning=false, logging=false",HIGH
eu-west-1,s3,sagemaker-project-p-f8vb3lzbbfjg,bucket_security,FAIL,"public_blocked=false, encrypted=true, versioning=false, logging=false",HIGH
eu-west-1,s3,sagemaker-project-p-lw5xhs1u96cs,bucket_security,FAIL,"public_blocked=false, encrypted=true, versioning=false, logging=false",HIGH
eu-west-1,s3,sagemaker-project-p-xjmckmg5cwsv,bucket_security,FAIL,"public_blocked=false, encrypted=true, versioning=false, logging=false",HIGH
eu-west-1,s3,sagemaker-project-p-ym2y34vcfcag,bucket_security,FAIL,"public_blocked=false, encrypted=true, versioning=false, logging=false",HIGH
eu-west-1,s3,sagemaker-studio-291751643970-66wxntwf1rf,bucket_security,FAIL,"public_blocked=true, encrypted=true, versioning=false, logging=false",LOW
eu-west-1,s3,sagemaker-studio-291751643970-6wtjypn5skv,bucket_security,FAIL,"public_blocked=true, encrypted=true, versioning=false, logging=false",LOW
eu-west-1,s3,sagemaker-studio-291751643970-fy4w6kosx8,bucket_security,FAIL,"public_blocked=true, encrypted=true, versioning=false, logging=false",LOW
eu-west-1,s3,sagemaker-studio-291751643970-lj0b96epr2,bucket_security,FAIL,"public_blocked=true, encrypted=true, versioning=false, logging=false",LOW
eu-west-1,s3,sagemaker-studio-291751643970-maak9tegfl,bucket_security,FAIL,"public_blocked=true, encrypted=true, versioning=false, logging=false",LOW
eu-west-1,s3,sagemaker-studio-9jtz2tqfmvu,bucket_security,FAIL,"public_blocked=true, encrypted=true, versioning=false, logging=false",LOW
eu-west-1,s3,sagemaker-studio-uzadd66stw,bucket_security,FAIL,"public_blocked=false, encrypted=true, versioning=false, logging=false",HIGH
eu-west-1,s3,sampledata02,bucket_security,FAIL,"public_blocked=true, encrypted=true, versioning=false, logging=false",LOW
eu-west-1,s3,schema-change-detection-bucket,bucket_security,FAIL,"public_blocked=true, encrypted=true, versioning=true, logging=false",LOW
eu-west-1,s3,slc-chunks-staging-dev,bucket_security,FAIL,"public_blocked=true, encrypted=true, versioning=false, logging=false",LOW
eu-west-1,s3,slc-docs,bucket_security,FAIL,"public_blocked=true, encrypted=true, versioning=false, logging=false",LOW
eu-west-1,s3,slc-documents-dev,bucket_security,FAIL,"public_blocked=true, encrypted=true, versioning=false, logging=false",LOW
eu-west-1,s3,slc-processed-cil-dev,bucket_security,FAIL,"public_blocked=false, encrypted=false, versioning=false, logging=false",CRITICAL
eu-west-1,s3,slc-processed-manuals-dev,bucket_security,FAIL,"public_blocked=false, encrypted=false, versioning=false, logging=false",CRITICAL
eu-west-1,s3,slc-processed-mcl-dev,bucket_security,FAIL,"public_blocked=false, encrypted=false, versioning=false, logging=false",CRITICAL
eu-west-1,s3,slc-processed-mmis-dev,bucket_security,FAIL,"public_blocked=false, encrypted=false, versioning=false, logging=false",CRITICAL
eu-west-1,s3,slc-processed-ti-troubleshooting-dev,bucket_security,FAIL,"public_blocked=false, encrypted=false, versioning=false, logging=false",CRITICAL
eu-west-1,s3,slc-temporary,bucket_security,FAIL,"public_blocked=false, encrypted=false, versioning=false, logging=false",CRITICAL
eu-west-1,s3,sns-opsgenie-glue-jobs-schedule-time-and-frequency,bucket_security,FAIL,"public_blocked=true, encrypted=true, versioning=false, logging=false",LOW
eu-west-1,s3,ssp-data-ingestion-test,bucket_security,FAIL,"public_blocked=true, encrypted=true, versioning=false, logging=false",LOW
eu-west-1,s3,system-restore-s3-test,bucket_security,FAIL,"public_blocked=true, encrypted=true, versioning=true, logging=false",LOW
eu-west-1,s3,test-bucketppa,bucket_security,FAIL,"public_blocked=true, encrypted=true, versioning=true, logging=false",LOW
eu-west-1,s3,test-icif-dashboard,bucket_security,FAIL,"public_blocked=true, encrypted=true, versioning=false, logging=false",LOW
eu-west-1,s3,test-ppa-dev,bucket_security,FAIL,"public_blocked=true, encrypted=true, versioning=false, logging=false",LOW
eu-west-1,s3,test-ppa-pre-raw,bucket_security,FAIL,"public_blocked=true, encrypted=true, versioning=false, logging=false",LOW
eu-west-1,s3,test-ppa-schema,bucket_security,FAIL,"public_blocked=true, encrypted=true, versioning=false, logging=false",LOW
eu-west-1,s3,test1buck,bucket_security,FAIL,"public_blocked=true, encrypted=true, versioning=true, logging=false",LOW
eu-west-1,s3,textract-console-eu-west-1-957eff2b-e9fd-47c8-84a9-8c759363dfa7,bucket_security,FAIL,"public_blocked=true, encrypted=true, versioning=false, logging=false",LOW
eu-west-1,s3,timestream-analytics-to-s3,bucket_security,FAIL,"public_blocked=true, encrypted=true, versioning=true, logging=false",LOW
eu-west-1,s3,timestream-historical,bucket_security,FAIL,"public_blocked=true, encrypted=true, versioning=false, logging=false",LOW
eu-west-1,s3,timestream-unload-one-month,bucket_security,FAIL,"public_blocked=true, encrypted=true, versioning=false, logging=false",LOW
eu-west-1,s3,yolo-image-process-out-develop,bucket_security,FAIL,"public_blocked=true, encrypted=true, versioning=false, logging=false",LOW
eu-west-1,rds,cido,instance_security,FAIL,"engine=postgres, public=false, encrypted=true, multi_az=false, backup_days=14, delete_protection=false, auto_upgrade=true",MEDIUM
eu-west-1,rds,daas-imel-fdw,instance_security,FAIL,"engine=postgres, public=false, encrypted=true, multi_az=false, backup_days=7, delete_protection=false, auto_upgrade=true",MEDIUM
eu-west-1,rds,daasodl,instance_security,FAIL,"engine=postgres, public=false, encrypted=true, multi_az=false, backup_days=14, delete_protection=false, auto_upgrade=true",MEDIUM
eu-west-1,rds,daaspge,instance_security,FAIL,"engine=postgres, public=false, encrypted=true, multi_az=false, backup_days=7, delete_protection=false, auto_upgrade=true",MEDIUM
eu-west-1,rds,icawacsportalbeemail-0,instance_security,FAIL,"engine=aurora-postgresql, public=false, encrypted=true, multi_az=false, backup_days=5, delete_protection=false, auto_upgrade=true",MEDIUM
eu-west-1,rds,icomnichannel-0,instance_security,FAIL,"engine=aurora-postgresql, public=false, encrypted=true, multi_az=false, backup_days=5, delete_protection=false, auto_upgrade=true",MEDIUM
eu-west-1,rds,iptdev-node-0,instance_security,FAIL,"engine=docdb, public=false, encrypted=true, multi_az=false, backup_days=7, delete_protection=false, auto_upgrade=true",MEDIUM
eu-west-1,rds,iqcalertmanager,instance_security,FAIL,"engine=postgres, public=false, encrypted=true, multi_az=true, backup_days=14, delete_protection=false, auto_upgrade=true",MEDIUM
eu-west-1,rds,iqc-influx-adapter-mongodb-node-0,instance_security,FAIL,"engine=docdb, public=false, encrypted=false, multi_az=false, backup_days=7, delete_protection=false, auto_upgrade=true",HIGH
eu-west-1,rds,iqc-influx-adapter-mongodb-node-1,instance_security,FAIL,"engine=docdb, public=false, encrypted=false, multi_az=false, backup_days=7, delete_protection=false, auto_upgrade=true",HIGH
eu-west-1,rds,iqc-influx-adapter-mongodb-node-2,instance_security,FAIL,"engine=docdb, public=false, encrypted=false, multi_az=false, backup_days=7, delete_protection=false, auto_upgrade=true",HIGH
eu-west-1,rds,msodsts,instance_security,FAIL,"engine=postgres, public=false, encrypted=true, multi_az=false, backup_days=14, delete_protection=false, auto_upgrade=true",MEDIUM
eu-west-1,rds,msokm,instance_security,FAIL,"engine=postgres, public=false, encrypted=true, multi_az=false, backup_days=14, delete_protection=false, auto_upgrade=true",MEDIUM
eu-west-1,rds,pdm,instance_security,FAIL,"engine=mysql, public=false, encrypted=true, multi_az=true, backup_days=14, delete_protection=false, auto_upgrade=true",MEDIUM
eu-west-1,rds,pge,instance_security,FAIL,"engine=postgres, public=false, encrypted=true, multi_az=false, backup_days=14, delete_protection=false, auto_upgrade=true",MEDIUM
eu-west-1,rds,slcpostgres,instance_security,FAIL,"engine=postgres, public=false, encrypted=true, multi_az=true, backup_days=14, delete_protection=false, auto_upgrade=true",MEDIUM
eu-west-1,rds,sspdatadiiotssp1,instance_security,PASS,"engine=mysql, public=false, encrypted=true, multi_az=true, backup_days=14, delete_protection=true, auto_upgrade=true",MINIMAL
eu-west-1,rds,sspdatadiiotssp1-replica,instance_security,FAIL,"engine=mysql, public=false, encrypted=true, multi_az=false, backup_days=0, delete_protection=true, auto_upgrade=true",MEDIUM
eu-west-1,rds,sspenginedevdiiotssp1-node-0,instance_security,FAIL,"engine=docdb, public=false, encrypted=true, multi_az=false, backup_days=7, delete_protection=false, auto_upgrade=true",MEDIUM
eu-west-1,rds,ztqa,instance_security,FAIL,"engine=postgres, public=false, encrypted=true, multi_az=true, backup_days=14, delete_protection=false, auto_upgrade=true",MEDIUM
eu-west-1,eks,eksonprem,cluster_security,FAIL,"version=1.33, public_ep=false, private_ep=true, secrets_encrypted=false",LOW
eu-west-1,eks,icloud,cluster_security,FAIL,"version=1.33, public_ep=false, private_ep=true, secrets_encrypted=false",LOW
eu-west-1,eks,iiot-dev,cluster_security,FAIL,"version=1.34, public_ep=false, private_ep=true, secrets_encrypted=false",LOW
eu-west-1,iam,alert-service-lambda-role,unused_role,FAIL,role has never been used,MEDIUM
eu-west-1,iam,alert-test-role-4x2duafs,unused_role,FAIL,role has never been used,MEDIUM
eu-west-1,iam,alert_mqtt_clientid_removal_test-role-6waqyebq,unused_role,FAIL,role has never been used,MEDIUM
eu-west-1,iam,AmazonAppStreamPCAAccess,unused_role,FAIL,role has never been used,MEDIUM
eu-west-1,iam,AmazonAppStreamServiceAccess,unused_role,FAIL,role has never been used,MEDIUM
eu-west-1,iam,AmazonDataZoneBootstrapRole,unused_role,FAIL,role has never been used,MEDIUM
eu-west-1,iam,AmazonDataZoneDomainExecutionRole,unused_role,FAIL,role has never been used,MEDIUM
eu-west-1,iam,AmazonDataZoneServiceRole,unused_role,FAIL,role has never been used,MEDIUM
eu-west-1,iam,AmazonEKSVPCCNIRole,unused_role,FAIL,role has never been used,MEDIUM
eu-west-1,iam,AmazonEKS_EBS_CSI_DriverRole_eksonprem,unused_role,FAIL,role has never been used,MEDIUM
eu-west-1,iam,AmazonGrafanaServiceRole-3AuKf35KJ,unused_role,FAIL,role has never been used,MEDIUM
eu-west-1,iam,AmazonGrafanaServiceRole-EM7GXPJQP,unused_role,FAIL,role has never been used,MEDIUM
eu-west-1,iam,AmazonGrafanaServiceRole-Eqw8XmAlS,unused_role,FAIL,role has never been used,MEDIUM
eu-west-1,iam,AmazonGrafanaServiceRole-m6DPwCWLp,unused_role,FAIL,role has never been used,MEDIUM
eu-west-1,iam,AmazonGrafanaServiceRole-RM6baLH9V,unused_role,FAIL,role has never been used,MEDIUM
eu-west-1,iam,AmazonRedshift-CommandsAccessRole-20231024T120253,unused_role,FAIL,role has never been used,MEDIUM
eu-west-1,iam,AmazonSageMaker-ExecutionRole-20210427T080686,unused_role,FAIL,role has never been used,MEDIUM
eu-west-1,iam,AmazonSageMaker-ExecutionRole-20210430T094225,unused_role,FAIL,role has never been used,MEDIUM
eu-west-1,iam,AmazonSageMaker-ExecutionRole-20210504T092004,unused_role,FAIL,role has never been used,MEDIUM
eu-west-1,iam,AmazonSageMaker-ExecutionRole-20220131T144221,unused_role,FAIL,role has never been used,MEDIUM
eu-west-1,iam,AmazonSageMaker-ExecutionRole-20240110T125526,unused_role,FAIL,role has never been used,MEDIUM
eu-west-1,iam,AmazonSageMaker-ExecutionRole-20240213T124318,unused_role,FAIL,role has never been used,MEDIUM
eu-west-1,iam,AmazonSageMaker-ExecutionRole-20250708T151258,unused_role,FAIL,role has never been used,MEDIUM
eu-west-1,iam,AmazonSageMaker-ExecutionRole-20250708T151509,unused_role,FAIL,role has never been used,MEDIUM
eu-west-1,iam,AmazonSageMaker-ExecutionRole-20250708T151603,unused_role,FAIL,role has never been used,MEDIUM
eu-west-1,iam,AmazonSageMaker-ExecutionRole-20250728T150281,unused_role,FAIL,role has never been used,MEDIUM
eu-west-1,iam,AmazonSageMakerCanvasEMRSExecutionAccess-20250708T151258,unused_role,FAIL,role has never been used,MEDIUM
eu-west-1,iam,AmazonSageMakerCanvasEMRSExecutionAccess-20250708T151509,unused_role,FAIL,role has never been used,MEDIUM
eu-west-1,iam,AmazonSageMakerCanvasEMRSExecutionAccess-20250708T151602,unused_role,FAIL,role has never been used,MEDIUM
eu-west-1,iam,AmazonSagemakerCanvasForecastRole-20231214T140914,unused_role,FAIL,role has never been used,MEDIUM
eu-west-1,iam,AmazonSagemakerCanvasForecastRole-20240110T125526,unused_role,FAIL,role has never been used,MEDIUM
eu-west-1,iam,AmazonSagemakerCanvasForecastRole-20240110T130209,unused_role,FAIL,role has never been used,MEDIUM
eu-west-1,iam,AmazonSagemakerCanvasForecastRole-20240110T130844,unused_role,FAIL,role has never been used,MEDIUM
eu-west-1,iam,AmazonSagemakerCanvasForecastRole-20240213T120689,unused_role,FAIL,role has never been used,MEDIUM
eu-west-1,iam,AmazonSagemakerCanvasForecastRole-20240213T124316,unused_role,FAIL,role has never been used,MEDIUM
eu-west-1,iam,AmazonSageMakerServiceCatalogProductsApiGatewayRole,unused_role,FAIL,role has never been used,MEDIUM
eu-west-1,iam,AmazonSageMakerServiceCatalogProductsCloudformationRole,unused_role,FAIL,role has never been used,MEDIUM
eu-west-1,iam,AmazonSageMakerServiceCatalogProductsCodeBuildRole,unused_role,FAIL,role has never been used,MEDIUM
eu-west-1,iam,AmazonSageMakerServiceCatalogProductsCodePipelineRole,unused_role,FAIL,role has never been used,MEDIUM
eu-west-1,iam,AmazonSageMakerServiceCatalogProductsEventsRole,unused_role,FAIL,role has never been used,MEDIUM
eu-west-1,iam,AmazonSageMakerServiceCatalogProductsExecutionRole,unused_role,FAIL,role has never been used,MEDIUM
eu-west-1,iam,AmazonSageMakerServiceCatalogProductsFirehoseRole,unused_role,FAIL,role has never been used,MEDIUM
eu-west-1,iam,AmazonSageMakerServiceCatalogProductsGlueRole,unused_role,FAIL,role has never been used,MEDIUM
eu-west-1,iam,AmazonSageMakerServiceCatalogProductsLambdaRole,unused_role,FAIL,role has never been used,MEDIUM
eu-west-1,iam,AmazonSageMakerServiceCatalogProductsLaunchRole,unused_role,FAIL,role has never been used,MEDIUM
eu-west-1,iam,AmazonSageMakerServiceCatalogProductsUseRole,unused_role,FAIL,role has never been used,MEDIUM
eu-west-1,iam,AmazonSSMRoleForAutomationAssumeQuickSetup,unused_role,FAIL,role has never been used,MEDIUM
eu-west-1,iam,AmazonSSMRoleForInstancesQuickSetup,unused_role,FAIL,role has never been used,MEDIUM
eu-west-1,iam,Amazon_EventBridge_Invoke_Sns_1299220359,unused_role,FAIL,role has never been used,MEDIUM
eu-west-1,iam,Amazon_EventBridge_Invoke_Sns_542439352,unused_role,FAIL,role has never been used,MEDIUM
eu-west-1,iam,Amazon_EventBridge_Invoke_Step_Functions_1008544755,unused_role,FAIL,role has never been used,MEDIUM
eu-west-1,iam,Amazon_EventBridge_Invoke_Step_Functions_1009589068,unused_role,FAIL,role has never been used,MEDIUM
eu-west-1,iam,Amazon_EventBridge_Invoke_Step_Functions_1048911052,unused_role,FAIL,role has never been used,MEDIUM
eu-west-1,iam,Amazon_EventBridge_Invoke_Step_Functions_1049358491,unused_role,FAIL,role has never been used,MEDIUM
eu-west-1,iam,Amazon_EventBridge_Invoke_Step_Functions_1117878024,unused_role,FAIL,role has never been used,MEDIUM
eu-west-1,iam,Amazon_EventBridge_Invoke_Step_Functions_1442199812,unused_role,FAIL,role has never been used,MEDIUM
eu-west-1,iam,Amazon_EventBridge_Invoke_Step_Functions_1444152817,unused_role,FAIL,role has never been used,MEDIUM
eu-west-1,iam,Amazon_EventBridge_Invoke_Step_Functions_1461863764,unused_role,FAIL,role has never been used,MEDIUM
eu-west-1,iam,Amazon_EventBridge_Invoke_Step_Functions_1516880648,unused_role,FAIL,role has never been used,MEDIUM
eu-west-1,iam,Amazon_EventBridge_Invoke_Step_Functions_1663567022,unused_role,FAIL,role has never been used,MEDIUM
eu-west-1,iam,Amazon_EventBridge_Invoke_Step_Functions_1695611512,unused_role,FAIL,role has never been used,MEDIUM
eu-west-1,iam,Amazon_EventBridge_Invoke_Step_Functions_1723049243,unused_role,FAIL,role has never been used,MEDIUM
eu-west-1,iam,Amazon_EventBridge_Invoke_Step_Functions_1769970292,unused_role,FAIL,role has never been used,MEDIUM
eu-west-1,iam,Amazon_EventBridge_Invoke_Step_Functions_1789791556,unused_role,FAIL,role has never been used,MEDIUM
eu-west-1,iam,Amazon_EventBridge_Invoke_Step_Functions_1837420214,unused_role,FAIL,role has never been used,MEDIUM
eu-west-1,iam,Amazon_EventBridge_Invoke_Step_Functions_2135609569,unused_role,FAIL,role has never been used,MEDIUM
eu-west-1,iam,Amazon_EventBridge_Invoke_Step_Functions_235175101,unused_role,FAIL,role has never been used,MEDIUM
eu-west-1,iam,Amazon_EventBridge_Invoke_Step_Functions_242168879,unused_role,FAIL,role has never been used,MEDIUM
eu-west-1,iam,Amazon_EventBridge_Invoke_Step_Functions_37237822,unused_role,FAIL,role has never been used,MEDIUM
eu-west-1,iam,Amazon_EventBridge_Invoke_Step_Functions_456161044,unused_role,FAIL,role has never been used,MEDIUM
eu-west-1,iam,Amazon_EventBridge_Invoke_Step_Functions_639408790,unused_role,FAIL,role has never been used,MEDIUM
eu-west-1,iam,Amazon_EventBridge_Invoke_Step_Functions_686701406,unused_role,FAIL,role has never been used,MEDIUM
eu-west-1,iam,Amazon_EventBridge_Invoke_Step_Functions_710008662,unused_role,FAIL,role has never been used,MEDIUM
eu-west-1,iam,Amazon_EventBridge_Invoke_Step_Functions_752158461,unused_role,FAIL,role has never been used,MEDIUM
eu-west-1,iam,Amazon_EventBridge_Scheduler_LAMBDA_34eb549c4c,unused_role,FAIL,role has never been used,MEDIUM
eu-west-1,iam,Amazon_EventBridge_Scheduler_LAMBDA_3f81eea179,unused_role,FAIL,role has never been used,MEDIUM
eu-west-1,iam,Amazon_EventBridge_Scheduler_LAMBDA_52fffd5205,unused_role,FAIL,role has never been used,MEDIUM
eu-west-1,iam,Amazon_EventBridge_Scheduler_LAMBDA_ab3aa0c8d7,unused_role,FAIL,role has never been used,MEDIUM
eu-west-1,iam,Amazon_EventBridge_Scheduler_LAMBDA_e313c5fa06,unused_role,FAIL,role has never been used,MEDIUM
eu-west-1,iam,Amazon_EventBridge_Scheduler_LAMBDA_e8531c1118,unused_role,FAIL,role has never been used,MEDIUM
eu-west-1,iam,Amazon_EventBridge_Scheduler_SFN_13238dad78,unused_role,FAIL,role has never been used,MEDIUM
eu-west-1,iam,Amazon_EventBridge_Scheduler_SFN_749bc7e683,unused_role,FAIL,role has never been used,MEDIUM
eu-west-1,iam,Amazon_EventBridge_Scheduler_SFN_9405f0af66,unused_role,FAIL,role has never been used,MEDIUM
eu-west-1,iam,Amazon_EventBridge_Scheduler_SFN_e297db5188,unused_role,FAIL,role has never been used,MEDIUM
eu-west-1,iam,Amazon_EventBridge_Scheduler_SFN_eb97efa9c2,unused_role,FAIL,role has never been used,MEDIUM
eu-west-1,iam,Amazon_Glue_S3,unused_role,FAIL,role has never been used,MEDIUM
eu-west-1,iam,ApiGatewayLoggingRole,unused_role,FAIL,role has never been used,MEDIUM
eu-west-1,iam,ApplicationAutoScalingForAmazonAppStreamAccess,unused_role,FAIL,role has never been used,MEDIUM
eu-west-1,iam,Application_Secret_Expiration_Function-role-7vtaokpl,unused_role,FAIL,role has never been used,MEDIUM
eu-west-1,iam,Application_Secret_Expiration_Function-role-gy94qwup,unused_role,FAIL,role has never been used,MEDIUM
eu-west-1,iam,appstream-ec2role-20200716171140283900000001,unused_role,FAIL,role has never been used,MEDIUM
eu-west-1,iam,appsync-ds-ddb-prd4ek-ToDoTable,unused_role,FAIL,role has never been used,MEDIUM
eu-west-1,iam,appsync-graphqlapi-logs-eu-west-1,unused_role,FAIL,role has never been used,MEDIUM
eu-west-1,iam,AppSync-Manuf-DaaS-Athena-DataSource,unused_role,FAIL,role has never been used,MEDIUM
eu-west-1,iam,AppSync-Manuf-DaaS-Athena-DataSource-CICD,unused_role,FAIL,role has never been used,MEDIUM
eu-west-1,iam,AppSync-Manuf-DaaS-CrossAccount-Athena-DataSource,unused_role,FAIL,role has never been used,MEDIUM
eu-west-1,iam,AppSync-Manuf-DaaS-CrossAccount-Athena-DataSource-CICD,unused_role,FAIL,role has never been used,MEDIUM
eu-west-1,iam,AppSync-Manuf-DaaS-CrossAccount-DataSource,unused_role,FAIL,role has never been used,MEDIUM
eu-west-1,iam,AppSync-Manuf-DaaS-Digiperf-DataSource,unused_role,FAIL,role has never been used,MEDIUM
eu-west-1,iam,AppSync-Manuf-DaaS-Digiperf-DataSource-CICD,unused_role,FAIL,role has never been used,MEDIUM
eu-west-1,iam,AppSync-Manuf-DaaS-Mongo-DataSource-CICD,unused_role,FAIL,role has never been used,MEDIUM
eu-west-1,iam,AppSync-Manuf-DaaS-Mongo-DataSource-Manual,unused_role,FAIL,role has never been used,MEDIUM
eu-west-1,iam,AppSync-Manuf-DaaS-ODL-DataSource,unused_role,FAIL,role has never been used,MEDIUM
eu-west-1,iam,AppSync-Manuf-DaaS-ODL-DataSource-CICD,unused_role,FAIL,role has never been used,MEDIUM
eu-west-1,iam,AppSync-Manuf-DaaS-OnPrem-Snowflake-DataSource,unused_role,FAIL,role has never been used,MEDIUM
eu-west-1,iam,AppSync-Manuf-DaaS-OnPrem-SQL-DataSource,unused_role,FAIL,role has never been used,MEDIUM
eu-west-1,iam,AppSync-Manuf-DaaS-OnPrem-SQL-DataSource-CICD,unused_role,FAIL,role has never been used,MEDIUM
eu-west-1,iam,AppSync-Manuf-DaaS-Sdl-DataSource-Manual,unused_role,FAIL,role has never been used,MEDIUM
eu-west-1,iam,AppSync-Manuf-DaaS-Snowflake-DataSource-CICD,unused_role,FAIL,role has never been used,MEDIUM
eu-west-1,iam,aqua_ecr_integration,unused_role,FAIL,role has never been used,MEDIUM
eu-west-1,iam,archive-survey-pack-role-2toycfse,unused_role,FAIL,role has never been used,MEDIUM
eu-west-1,iam,argocd-repo-server,unused_role,FAIL,role has never been used,MEDIUM
eu-west-1,iam,argocd-repo-server-eksonprem,unused_role,FAIL,role has never been used,MEDIUM
eu-west-1,iam,awacs-import-map-deployer,unused_role,FAIL,role has never been used,MEDIUM
eu-west-1,iam,aws-ec2-spot-fleet-tagging-role,unused_role,FAIL,role has never been used,MEDIUM
eu-west-1,iam,aws-pca-issuer-role,unused_role,FAIL,role has never been used,MEDIUM
eu-west-1,iam,aws-pca-issuer-role-new,unused_role,FAIL,role has never been used,MEDIUM
eu-west-1,iam,aws-quicksight-secretsmanager-role-v0,unused_role,FAIL,role has never been used,MEDIUM
eu-west-1,iam,aws-quicksight-service-role-v0,unused_role,FAIL,role has never been used,MEDIUM
eu-west-1,iam,AWSAthenaSparkExecutionRole-bch1r992ll,unused_role,FAIL,role has never been used,MEDIUM
eu-west-1,iam,AWSAthenaSparkExecutionRole-hkfkgvvgwe,unused_role,FAIL,role has never been used,MEDIUM
eu-west-1,iam,AWSBackupDefaultServiceRole,unused_role,FAIL,role has never been used,MEDIUM
eu-west-1,iam,AWSCloud9SSMAccessRole,unused_role,FAIL,role has never been used,MEDIUM
eu-west-1,iam,AWSCloudFormationStackSetAdministrationRole,unused_role,FAIL,role has never been used,MEDIUM
eu-west-1,iam,AWSCloudFormationStackSetExecutionRole,unused_role,FAIL,role has never been used,MEDIUM
eu-west-1,iam,AWSCodePipelineServiceRole-eu-west-1-AppSync-Api-Manual,unused_role,FAIL,role has never been used,MEDIUM
eu-west-1,iam,AWSCodePipelineServiceRole-eu-west-1-AppSync-LambdaResolver-Man,unused_role,FAIL,role has never been used,MEDIUM
eu-west-1,iam,AWSCodePipelineServiceRole-eu-west-1-daas-common-library-python,unused_role,FAIL,role has never been used,MEDIUM
eu-west-1,iam,AWSCodePipelineServiceRole-eu-west-1-iams-aucobo-integration,unused_role,FAIL,role has never been used,MEDIUM
eu-west-1,iam,AWSCodePipelineServiceRole-eu-west-1-iams-kda-flink-scala,unused_role,FAIL,role has never been used,MEDIUM
eu-west-1,iam,AWSCodePipelineServiceRole-eu-west-1-iams-mqtt-kinesis-stream-p,unused_role,FAIL,role has never been used,MEDIUM
eu-west-1,iam,AWSCodePipelineServiceRole-eu-west-1-iams-mqtt-stream-consumer,unused_role,FAIL,role has never been used,MEDIUM
eu-west-1,iam,AWSCodePipelineServiceRole-eu-west-1-pipe-daas-aggregation-el-p,unused_role,FAIL,role has never been used,MEDIUM
eu-west-1,iam,AWSCodePipelineServiceRole-eu-west-1-pipe-daas-hvacai-pmro-dev,unused_role,FAIL,role has never been used,MEDIUM
eu-west-1,iam,AWSCodePipelineServiceRole-eu-west-1-pipe-daas-influx-pmpsa-dev,unused_role,FAIL,role has never been used,MEDIUM
eu-west-1,iam,AWSCodePipelineServiceRole-eu-west-1-pipe-daas-influx-pmro-dev,unused_role,FAIL,role has never been used,MEDIUM
eu-west-1,iam,AWSCodePipelineServiceRole-eu-west-1-pipe-daas-influx-pmtr-dev,unused_role,FAIL,role has never been used,MEDIUM
eu-west-1,iam,AWSCodePipelineServiceRole-eu-west-1-pipe-daas-ipc-dsi-vsi,unused_role,FAIL,role has never been used,MEDIUM
eu-west-1,iam,AWSCodePipelineServiceRole-eu-west-1-pipe-daas-ipc-general-chec,unused_role,FAIL,role has never been used,MEDIUM
eu-west-1,iam,AWSCodePipelineServiceRole-eu-west-1-pipe-daas-ipc-pmbr-dev,unused_role,FAIL,role has never been used,MEDIUM
eu-west-1,iam,AWSCodePipelineServiceRole-eu-west-1-pipe-daas-ipc-pmcz-dev,unused_role,FAIL,role has never been used,MEDIUM
eu-west-1,iam,AWSCodePipelineServiceRole-eu-west-1-pipe-daas-ipc-pmidkar-dev,unused_role,FAIL,role has never been used,MEDIUM
eu-west-1,iam,AWSCodePipelineServiceRole-eu-west-1-pipe-daas-ipc-pmmx-dev,unused_role,FAIL,role has never been used,MEDIUM
eu-west-1,iam,AWSCodePipelineServiceRole-eu-west-1-pipe-daas-ipc-pmph-dev,unused_role,FAIL,role has never been used,MEDIUM
eu-west-1,iam,AWSCodePipelineServiceRole-eu-west-1-pipe-daas-ipc-pmpl-dev,unused_role,FAIL,role has never been used,MEDIUM
eu-west-1,iam,AWSCodePipelineServiceRole-eu-west-1-pipe-daas-ipc-pmpsa-dev,unused_role,FAIL,role has never been used,MEDIUM
eu-west-1,iam,AWSCodePipelineServiceRole-eu-west-1-pipe-daas-ipc-pmpt-dev,unused_role,FAIL,role has never been used,MEDIUM
eu-west-1,iam,AWSCodePipelineServiceRole-eu-west-1-pipe-daas-ipc-pmtr-dev,unused_role,FAIL,role has never been used,MEDIUM
eu-west-1,iam,AWSCodePipelineServiceRole-eu-west-1-pipe-daas-odl-parameter-ta,unused_role,FAIL,role has never been used,MEDIUM
eu-west-1,iam,AWSCodePipelineServiceRole-eu-west-1-pipe-daas-odl-po-product,unused_role,FAIL,role has never been used,MEDIUM
eu-west-1,iam,AWSCodePipelineServiceRole-eu-west-1-pipe-daas-ppa-compaction-d,unused_role,FAIL,role has never been used,MEDIUM
eu-west-1,iam,AWSCodePipelineServiceRole-eu-west-1-pipe-daas-ppa-dev,unused_role,FAIL,role has never been used,MEDIUM
eu-west-1,iam,AWSCodePipelineServiceRole-eu-west-1-pipe-daas-ppa-initial-load,unused_role,FAIL,role has never been used,MEDIUM
eu-west-1,iam,AWSCodePipelineServiceRole-eu-west-1-pipe-daas-ppa-merge-el-dev,unused_role,FAIL,role has never been used,MEDIUM
eu-west-1,iam,AWSCodePipelineServiceRole-eu-west-1-pipe-resolver,unused_role,FAIL,role has never been used,MEDIUM
eu-west-1,iam,AWSCodePipelineServiceRole-eu-west-1-send-etl-job-error-notific,unused_role,FAIL,role has never been used,MEDIUM
eu-west-1,iam,AWSDataLifecycleManagerDefaultRole,unused_role,FAIL,role has never been used,MEDIUM
eu-west-1,iam,AWSDataSync-to-S3BucketAccess-icif-dev-landing-datasync,unused_role,FAIL,role has never been used,MEDIUM
eu-west-1,iam,AWSDataSyncS3BucketAccess-daas-apollo-api-dev,unused_role,FAIL,role has never been used,MEDIUM
eu-west-1,iam,AWSDataSyncS3BucketAccess-icif-dev-landing-datasync,unused_role,FAIL,role has never been used,MEDIUM
eu-west-1,iam,AWSGlueDataBrewServiceRole-dataBrew,unused_role,FAIL,role has never been used,MEDIUM
eu-west-1,iam,AWSGlueServiceRole,unused_role,FAIL,role has never been used,MEDIUM
eu-west-1,iam,AWSGlueServiceRole-Amazon_glue_s4,unused_role,FAIL,role has never been used,MEDIUM
eu-west-1,iam,AWSGlueServiceRole-example1,unused_role,FAIL,role has never been used,MEDIUM
eu-west-1,iam,AWSGlueServiceRole-example2,unused_role,FAIL,role has never been used,MEDIUM
eu-west-1,iam,AWSGlueServiceRole-ic-peo-finops-cost-report-roles,unused_role,FAIL,role has never been used,MEDIUM
eu-west-1,iam,AWSGlueServiceRole-IIOT-7597,unused_role,FAIL,role has never been used,MEDIUM
eu-west-1,iam,AWSGlueServiceRole-Nxt,unused_role,FAIL,role has never been used,MEDIUM
eu-west-1,iam,AWSGlueServiceRole-Test,unused_role,FAIL,role has never been used,MEDIUM
eu-west-1,iam,AWSReservedSSO_tlz_billing_specialist_48ae228e13f0af80,unused_role,FAIL,role has never been used,MEDIUM
eu-west-1,iam,AWSReservedSSO_tlz_db_admin_8f581c06d4b940fe,unused_role,FAIL,role has never been used,MEDIUM
eu-west-1,iam,AWSReservedSSO_tlz_developer_cdb4c12994aecc71,unused_role,FAIL,role has never been used,MEDIUM
eu-west-1,iam,AWSReservedSSO_tlz_global_admin_7252614f18931cfc,unused_role,FAIL,role has never been used,MEDIUM
eu-west-1,iam,AWSReservedSSO_tlz_global_ro_01cf931d443106e7,unused_role,FAIL,role has never been used,MEDIUM
eu-west-1,iam,AWSReservedSSO_tlz_global_specialist_d14841019b507f71,unused_role,FAIL,role has never been used,MEDIUM
eu-west-1,iam,AWSReservedSSO_tlz_secops_specialist_c0ab28cfc52d0b36,unused_role,FAIL,role has never been used,MEDIUM
eu-west-1,iam,AWSReservedSSO_tlz_server_admin_b5bc95967877e647,unused_role,FAIL,role has never been used,MEDIUM
eu-west-1,iam,cargo-lambda-role-3e0b8c7b-8e34-4b1f-8959-b23edacbeff9,unused_role,FAIL,role has never been used,MEDIUM
eu-west-1,iam,cargo-lambda-role-88978b36-0495-485d-93ae-d27ace2297b7,unused_role,FAIL,role has never been used,MEDIUM
eu-west-1,iam,cargo-lambda-role-9603bb0d-f9b3-47a7-b8b5-d2034d4d148f,unused_role,FAIL,role has never been used,MEDIUM
eu-west-1,iam,cargo-lambda-role-e62dfb82-e1a8-421e-acea-824df33867a1,unused_role,FAIL,role has never been used,MEDIUM
eu-west-1,iam,cert-manager-role,unused_role,FAIL,role has never been used,MEDIUM
eu-west-1,iam,cert-manager-role-new,unused_role,FAIL,role has never been used,MEDIUM
eu-west-1,iam,check-secret-value-role-m8xstmt8,unused_role,FAIL,role has never been used,MEDIUM
eu-west-1,iam,CheckdaasodlRDS_test-role-bbt5ym8n,unused_role,FAIL,role has never been used,MEDIUM
eu-west-1,iam,cido-20240318145022204900000001,unused_role,FAIL,role has never been used,MEDIUM
eu-west-1,iam,client_creation_with_lambda-role-9p3453yj,unused_role,FAIL,role has never been used,MEDIUM
eu-west-1,iam,client_creation_with_lambda_poc-role-djq3qzx9,unused_role,FAIL,role has never been used,MEDIUM
eu-west-1,iam,client_creation_with_lambda_poc-role-sfi87nwf,unused_role,FAIL,role has never been used,MEDIUM
eu-west-1,iam,CloudFormation-DaaS-AppSync-Manual,unused_role,FAIL,role has never been used,MEDIUM
eu-west-1,iam,CloudFormation-LambdaLayer-Manual,unused_role,FAIL,role has never been used,MEDIUM
eu-west-1,iam,CloudFormation-LambdaResolver-Manual,unused_role,FAIL,role has never been used,MEDIUM
eu-west-1,iam,CloudWatch-CrossAccountSharingRole,unused_role,FAIL,role has never been used,MEDIUM
eu-west-1,iam,cloudwatch-event,unused_role,FAIL,role has never been used,MEDIUM
eu-west-1,iam,cloudwatch-subscrtion-filter-lcs,unused_role,FAIL,role has never been used,MEDIUM
eu-west-1,iam,codebuild-AppSync-Lambda-Resolver-Dev-Manual-service-role,unused_role,FAIL,role has never been used,MEDIUM
eu-west-1,iam,codebuild-build-from-codecommit-service-role,unused_role,FAIL,role has never been used,MEDIUM
eu-west-1,iam,codebuild-iams-codebuild-scala-flink-service-role,unused_role,FAIL,role has never been used,MEDIUM
eu-west-1,iam,codebuild-iams-service-role,unused_role,FAIL,role has never been used,MEDIUM
eu-west-1,iam,codebuild-pipe-daas-odl-generic-loader-service-role,unused_role,FAIL,role has never been used,MEDIUM
eu-west-1,iam,codebuild-pipe-daas-odl-parameterTargetValue-service-role,unused_role,FAIL,role has never been used,MEDIUM
eu-west-1,iam,codebuild-pipe-daas-old-po-product-service-role,unused_role,FAIL,role has never been used,MEDIUM
eu-west-1,iam,codebuild-pipe-ppa-global-dev-service-role,unused_role,FAIL,role has never been used,MEDIUM
eu-west-1,iam,connection_test_RDS-role-ot58nuqh,unused_role,FAIL,role has never been used,MEDIUM
eu-west-1,iam,core-monitor-test-role-mc3vqus9,unused_role,FAIL,role has never been used,MEDIUM
eu-west-1,iam,core-tls-cert-monitor-role-541ewwww,unused_role,FAIL,role has never been used,MEDIUM
eu-west-1,iam,CrawlerExecutionDetails-role-tqayh0sl,unused_role,FAIL,role has never been used,MEDIUM
eu-west-1,iam,csec-kubernetes-reader,unused_role,FAIL,role has never been used,MEDIUM
eu-west-1,iam,CspmMonitorAws,unused_role,FAIL,role has never been used,MEDIUM
eu-west-1,iam,csr-deep-security-event-forwarder,unused_role,FAIL,role has never been used,MEDIUM
eu-west-1,iam,cwe-role-eu-west-1-AppSync-Api-Manual,unused_role,FAIL,role has never been used,MEDIUM
eu-west-1,iam,cwe-role-eu-west-1-Appsync-LambdaLayer,unused_role,FAIL,role has never been used,MEDIUM
eu-west-1,iam,cwe-role-eu-west-1-AppSync-LambdaLayer-Manual,unused_role,FAIL,role has never been used,MEDIUM
eu-west-1,iam,cwe-role-eu-west-1-AppSync-LambdaResolver-Manual,unused_role,FAIL,role has never been used,MEDIUM
eu-west-1,iam,cwe-role-eu-west-1-daas-appsync-api,unused_role,FAIL,role has never been used,MEDIUM
eu-west-1,iam,cwe-role-eu-west-1-daas-appsync-lambda-layer,unused_role,FAIL,role has never been used,MEDIUM
eu-west-1,iam,cwe-role-eu-west-1-daas-appsync-lambda-resolver,unused_role,FAIL,role has never been used,MEDIUM
eu-west-1,iam,cwe-role-eu-west-1-daas-common-library-python,unused_role,FAIL,role has never been used,MEDIUM
eu-west-1,iam,cwe-role-eu-west-1-iams-aucobo-integration,unused_role,FAIL,role has never been used,MEDIUM
eu-west-1,iam,cwe-role-eu-west-1-iams-kda-flink-scala,unused_role,FAIL,role has never been used,MEDIUM
eu-west-1,iam,cwe-role-eu-west-1-iams-mqtt-kinesis-stream-producer,unused_role,FAIL,role has never been used,MEDIUM
eu-west-1,iam,cwe-role-eu-west-1-iams-mqtt-stream-consumer,unused_role,FAIL,role has never been used,MEDIUM
eu-west-1,iam,cwe-role-eu-west-1-integra-iams-aucobo-dev-codepipe,unused_role,FAIL,role has never been used,MEDIUM
eu-west-1,iam,cwe-role-eu-west-1-integra-iams-aucobo-dev-codepipeline,unused_role,FAIL,role has never been used,MEDIUM
eu-west-1,iam,cwe-role-eu-west-1-integra-iams-pl02-aucobo-pipe-dev,unused_role,FAIL,role has never been used,MEDIUM
eu-west-1,iam,cwe-role-eu-west-1-integra-iams-ru04-aucobo-codepipe-dev,unused_role,FAIL,role has never been used,MEDIUM
eu-west-1,iam,cwe-role-eu-west-1-pipe-daas-aggregation-el-poc,unused_role,FAIL,role has never been used,MEDIUM
eu-west-1,iam,cwe-role-eu-west-1-pipe-daas-el-lesmes-tr03-rawLoader,unused_role,FAIL,role has never been used,MEDIUM
eu-west-1,iam,cwe-role-eu-west-1-pipe-daas-el-lesmes-tr03-schemaLoader,unused_role,FAIL,role has never been used,MEDIUM
eu-west-1,iam,cwe-role-eu-west-1-pipe-daas-hvacai-pmro-dev,unused_role,FAIL,role has never been used,MEDIUM
eu-west-1,iam,cwe-role-eu-west-1-pipe-daas-influx-pmpsa-dev,unused_role,FAIL,role has never been used,MEDIUM
eu-west-1,iam,cwe-role-eu-west-1-pipe-daas-influx-pmro-dev,unused_role,FAIL,role has never been used,MEDIUM
eu-west-1,iam,cwe-role-eu-west-1-pipe-daas-influx-pmtr-dev,unused_role,FAIL,role has never been used,MEDIUM
eu-west-1,iam,cwe-role-eu-west-1-pipe-daas-ipc-dsi-vsi,unused_role,FAIL,role has never been used,MEDIUM
eu-west-1,iam,cwe-role-eu-west-1-pipe-daas-ipc-general-checks,unused_role,FAIL,role has never been used,MEDIUM
eu-west-1,iam,cwe-role-eu-west-1-pipe-daas-ipc-pmbr-dev,unused_role,FAIL,role has never been used,MEDIUM
eu-west-1,iam,cwe-role-eu-west-1-pipe-daas-ipc-pmcz-dev,unused_role,FAIL,role has never been used,MEDIUM
eu-west-1,iam,cwe-role-eu-west-1-pipe-daas-ipc-pmidkar-dev,unused_role,FAIL,role has never been used,MEDIUM
eu-west-1,iam,cwe-role-eu-west-1-pipe-daas-ipc-pmmx-dev,unused_role,FAIL,role has never been used,MEDIUM
eu-west-1,iam,cwe-role-eu-west-1-pipe-daas-ipc-pmph-dev,unused_role,FAIL,role has never been used,MEDIUM
eu-west-1,iam,cwe-role-eu-west-1-pipe-daas-ipc-pmpl-dev,unused_role,FAIL,role has never been used,MEDIUM
eu-west-1,iam,cwe-role-eu-west-1-pipe-daas-ipc-pmpsa-dev,unused_role,FAIL,role has never been used,MEDIUM
eu-west-1,iam,cwe-role-eu-west-1-pipe-daas-ipc-pmpt-dev,unused_role,FAIL,role has never been used,MEDIUM
eu-west-1,iam,cwe-role-eu-west-1-pipe-daas-ipc-pmtr-dev,unused_role,FAIL,role has never been used,MEDIUM
eu-west-1,iam,cwe-role-eu-west-1-pipe-daas-odl-generic-loader,unused_role,FAIL,role has never been used,MEDIUM
eu-west-1,iam,cwe-role-eu-west-1-pipe-daas-odl-parameter-target-value,unused_role,FAIL,role has never been used,MEDIUM
eu-west-1,iam,cwe-role-eu-west-1-pipe-daas-odl-parameterTargetValue,unused_role,FAIL,role has never been used,MEDIUM
eu-west-1,iam,cwe-role-eu-west-1-pipe-daas-odl-po,unused_role,FAIL,role has never been used,MEDIUM
eu-west-1,iam,cwe-role-eu-west-1-pipe-daas-odl-po-product,unused_role,FAIL,role has never been used,MEDIUM
eu-west-1,iam,cwe-role-eu-west-1-pipe-daas-odl-product,unused_role,FAIL,role has never been used,MEDIUM
eu-west-1,iam,cwe-role-eu-west-1-pipe-daas-ppa-compaction-dev,unused_role,FAIL,role has never been used,MEDIUM
eu-west-1,iam,cwe-role-eu-west-1-pipe-daas-ppa-dev,unused_role,FAIL,role has never been used,MEDIUM
eu-west-1,iam,cwe-role-eu-west-1-pipe-daas-ppa-initial-load-dev,unused_role,FAIL,role has never been used,MEDIUM
eu-west-1,iam,cwe-role-eu-west-1-pipe-daas-ppa-merge-el-dev-cf,unused_role,FAIL,role has never been used,MEDIUM
eu-west-1,iam,cwe-role-eu-west-1-pipe-daas-trigger-odl-glue-job,unused_role,FAIL,role has never been used,MEDIUM
eu-west-1,iam,cwe-role-eu-west-1-pipe-ppa-global-dev,unused_role,FAIL,role has never been used,MEDIUM
eu-west-1,iam,cwe-role-eu-west-1-pipe-resolver,unused_role,FAIL,role has never been used,MEDIUM
eu-west-1,iam,cwe-role-eu-west-1-send-etl-job-error-notification,unused_role,FAIL,role has never been used,MEDIUM
eu-west-1,iam,daas-apollo-graphs-amcs,unused_role,FAIL,role has never been used,MEDIUM
eu-west-1,iam,daas-apollo-graphs-imel,unused_role,FAIL,role has never been used,MEDIUM
eu-west-1,iam,daas-apollo-services,unused_role,FAIL,role has never been used,MEDIUM
eu-west-1,iam,daas-clean_catalogue-lambda_role,unused_role,FAIL,role has never been used,MEDIUM
eu-west-1,iam,DaaS-Cloudformation-Deployment-manual,unused_role,FAIL,role has never been used,MEDIUM
eu-west-1,iam,daas-cloudformation-role-glue,unused_role,FAIL,role has never been used,MEDIUM
eu-west-1,iam,daas-cloudtrail_events-lambda-role,unused_role,FAIL,role has never been used,MEDIUM
eu-west-1,iam,daas-codepipeline-role,unused_role,FAIL,role has never been used,MEDIUM
eu-west-1,iam,daas-crawler_logs-organizer-lambda-role,unused_role,FAIL,role has never been used,MEDIUM
eu-west-1,iam,daas-custom-amcs-event-bridge-function-role-mlj8z8yf,unused_role,FAIL,role has never been used,MEDIUM
eu-west-1,iam,daas-custom-event-bridge-lambda-role,unused_role,FAIL,role has never been used,MEDIUM
eu-west-1,iam,daas-custom-pss-event-bridge-lambda-role-4lgsezim,unused_role,FAIL,role has never been used,MEDIUM
eu-west-1,iam,daas-dqchecks-raw_vs_compacted-dev-role-kvhe49r0,unused_role,FAIL,role has never been used,MEDIUM
eu-west-1,iam,daas-el-lambda-ingestion-role,unused_role,FAIL,role has never been used,MEDIUM
eu-west-1,iam,daas-esight-events-role,unused_role,FAIL,role has never been used,MEDIUM
eu-west-1,iam,daas-esight_ingestion-role,unused_role,FAIL,role has never been used,MEDIUM
eu-west-1,iam,daas-execution-time-function-assume-role,unused_role,FAIL,role has never been used,MEDIUM
eu-west-1,iam,daas-glue-auto-failed-execution-main-role-7rl16g8y,unused_role,FAIL,role has never been used,MEDIUM
eu-west-1,iam,daas-glue-auto-failed-execution-role,unused_role,FAIL,role has never been used,MEDIUM
eu-west-1,iam,daas-glue-auto-failed-execution-role-8t4kpfov,unused_role,FAIL,role has never been used,MEDIUM
eu-west-1,iam,daas-glue-custom-dash-role,unused_role,FAIL,role has never been used,MEDIUM
eu-west-1,iam,daas-glue-ingestion-esight-dev,unused_role,FAIL,role has never been used,MEDIUM
eu-west-1,iam,daas-glue-ingestion-role,unused_role,FAIL,role has never been used,MEDIUM
eu-west-1,iam,daas-glue-job-execution-time-functio-manual-role-kq4pg0ap,unused_role,FAIL,role has never been used,MEDIUM
eu-west-1,iam,daas-glue-proxima-dev,unused_role,FAIL,role has never been used,MEDIUM
eu-west-1,iam,daas-imel-event-bridge-lambda-role-5ra5ol63,unused_role,FAIL,role has never been used,MEDIUM
eu-west-1,iam,daas-imel-microbatch-ingestion_cloudwatch_event_rule,unused_role,FAIL,role has never been used,MEDIUM
eu-west-1,iam,daas-ingestion-access,unused_role,FAIL,role has never been used,MEDIUM
eu-west-1,iam,daas-ingestion-amcs-lambda-dev,unused_role,FAIL,role has never been used,MEDIUM
eu-west-1,iam,daas-ingestion-imel-reporting-modernization-glue-role-dev,unused_role,FAIL,role has never been used,MEDIUM
eu-west-1,iam,DAAS-Jenkins,unused_role,FAIL,role has never been used,MEDIUM
eu-west-1,iam,daas-jenkins-role,unused_role,FAIL,role has never been used,MEDIUM
eu-west-1,iam,daas-job-low-data-alert-test-role-s7wdwcdf,unused_role,FAIL,role has never been used,MEDIUM
eu-west-1,iam,daas-job_logs-exceptions-lambda-role,unused_role,FAIL,role has never been used,MEDIUM
eu-west-1,iam,daas-job_logs-organizer-lambda-role,unused_role,FAIL,role has never been used,MEDIUM
eu-west-1,iam,daas-kinesis-role,unused_role,FAIL,role has never been used,MEDIUM
eu-west-1,iam,daas-lambda-ingestion-role,unused_role,FAIL,role has never been used,MEDIUM
eu-west-1,iam,daas-logs_exporter-lambda-role,unused_role,FAIL,role has never been used,MEDIUM
eu-west-1,iam,daas-odl_files_enrichment-role,unused_role,FAIL,role has never been used,MEDIUM
eu-west-1,iam,daas-odl_jobs_enrichment-role,unused_role,FAIL,role has never been used,MEDIUM
eu-west-1,iam,daas-patty-lambda-test,unused_role,FAIL,role has never been used,MEDIUM
eu-west-1,iam,daas-poc-copy-from-sf-to-s3-role-yz50dsa4,unused_role,FAIL,role has never been used,MEDIUM
eu-west-1,iam,daas-prom-cw-metrics-extractor-role,unused_role,FAIL,role has never been used,MEDIUM
eu-west-1,iam,daas-proxima-sp-ingest-role,unused_role,FAIL,role has never been used,MEDIUM
eu-west-1,iam,daas-proxima_annualized_kpis-role,unused_role,FAIL,role has never been used,MEDIUM
eu-west-1,iam,daas-rds-creds-rotator,unused_role,FAIL,role has never been used,MEDIUM
eu-west-1,iam,daas-reconciliation-alert-dev-role-dy980axi,unused_role,FAIL,role has never been used,MEDIUM
eu-west-1,iam,daas-reconciliation-compacted-dev-role-q34yjrmk,unused_role,FAIL,role has never been used,MEDIUM
eu-west-1,iam,daas-reconciliation-dev-role-soe55hvg,unused_role,FAIL,role has never been used,MEDIUM
eu-west-1,iam,daas-reconciliation-lambda-role-dev,unused_role,FAIL,role has never been used,MEDIUM
eu-west-1,iam,daas-reconciliation-source-dev-role-5sf5t99d,unused_role,FAIL,role has never been used,MEDIUM
eu-west-1,iam,daas-redshift-role,unused_role,FAIL,role has never been used,MEDIUM
eu-west-1,iam,daas-register-source-system,unused_role,FAIL,role has never been used,MEDIUM
eu-west-1,iam,daas-register-source-system-role,unused_role,FAIL,role has never been used,MEDIUM
eu-west-1,iam,daas-rename-file-test-role-14yd27k0,unused_role,FAIL,role has never been used,MEDIUM
eu-west-1,iam,daas-role-cloudformation-api,unused_role,FAIL,role has never been used,MEDIUM
eu-west-1,iam,daas-role-cloudformation-lambda-layer,unused_role,FAIL,role has never been used,MEDIUM
eu-west-1,iam,daas-role-cloudformation-lambda-resolver,unused_role,FAIL,role has never been used,MEDIUM
eu-west-1,iam,daas-role-codebuild-dev,unused_role,FAIL,role has never been used,MEDIUM
eu-west-1,iam,daas-role-codepipeline-dev,unused_role,FAIL,role has never been used,MEDIUM
eu-west-1,iam,daas-role-glue-digiperf-dds-dev,unused_role,FAIL,role has never been used,MEDIUM
eu-west-1,iam,daas-role-glue-ingestion-amcs-cc-dev,unused_role,FAIL,role has never been used,MEDIUM
eu-west-1,iam,daas-role-glue-ingestion-amcs-dev,unused_role,FAIL,role has never been used,MEDIUM
eu-west-1,iam,daas-role-glue-ingestion-crmlesmes-dev,unused_role,FAIL,role has never been used,MEDIUM
eu-west-1,iam,daas-role-glue-ingestion-dev,unused_role,FAIL,role has never been used,MEDIUM
eu-west-1,iam,daas-role-glue-ingestion-dev-ac,unused_role,FAIL,role has never been used,MEDIUM
eu-west-1,iam,daas-role-glue-ingestion-dev-influx,unused_role,FAIL,role has never been used,MEDIUM
eu-west-1,iam,daas-role-glue-ingestion-dev-lesmes,unused_role,FAIL,role has never been used,MEDIUM
eu-west-1,iam,daas-role-glue-ingestion-dev-uad,unused_role,FAIL,role has never been used,MEDIUM
eu-west-1,iam,daas-role-glue-ingestion-digiperg-nomerge-dev,unused_role,FAIL,role has never been used,MEDIUM
eu-west-1,iam,daas-role-glue-ingestion-imel-dev,unused_role,FAIL,role has never been used,MEDIUM
eu-west-1,iam,daas-role-glue-ingestion-patty-dev,unused_role,FAIL,role has never been used,MEDIUM
eu-west-1,iam,daas-role-glue-ingestion-ppa-dev,unused_role,FAIL,role has never been used,MEDIUM
eu-west-1,iam,daas-role-glue-ingestion-primat-dev,unused_role,FAIL,role has never been used,MEDIUM
eu-west-1,iam,daas-role-glue-ingestion-prototype,unused_role,FAIL,role has never been used,MEDIUM
eu-west-1,iam,daas-role-glue-ingestion-pss-dev,unused_role,FAIL,role has never been used,MEDIUM
eu-west-1,iam,daas-role-glue-ingestion-pssiv-dev,unused_role,FAIL,role has never been used,MEDIUM
eu-west-1,iam,daas-role-glue-ingestion-sapp1-dev,unused_role,FAIL,role has never been used,MEDIUM
eu-west-1,iam,daas-role-glue-ingestion-speedmanagement-dev,unused_role,FAIL,role has never been used,MEDIUM
eu-west-1,iam,daas-role-ingestion-access-dev,unused_role,FAIL,role has never been used,MEDIUM
eu-west-1,iam,daas-role-ingestion-crmlesmes-lambda,unused_role,FAIL,role has never been used,MEDIUM
eu-west-1,iam,daas-role-lambda-copy-file,unused_role,FAIL,role has never been used,MEDIUM
eu-west-1,iam,daas-role-lambda-ingestion-dev,unused_role,FAIL,role has never been used,MEDIUM
eu-west-1,iam,daas-role-lambda-on-demand-dev,unused_role,FAIL,role has never been used,MEDIUM
eu-west-1,iam,daas-role-lambda-on-demand-ingestion-dev,unused_role,FAIL,role has never been used,MEDIUM
eu-west-1,iam,daas-role-poc-elt-obs-dev,unused_role,FAIL,role has never been used,MEDIUM
eu-west-1,iam,daas-s3-file-move-role-wv0geo3j,unused_role,FAIL,role has never been used,MEDIUM
eu-west-1,iam,daas-s3-pss-role,unused_role,FAIL,role has never been used,MEDIUM
eu-west-1,iam,daas-s3-raw-file-date-role-psuwf5xj,unused_role,FAIL,role has never been used,MEDIUM
eu-west-1,iam,daas-sapp1-ingestion-lambda-role,unused_role,FAIL,role has never been used,MEDIUM
eu-west-1,iam,daas-schema_tracker-lambda_role,unused_role,FAIL,role has never been used,MEDIUM
eu-west-1,iam,daas-to_be_compacted-lambda-role,unused_role,FAIL,role has never been used,MEDIUM
eu-west-1,iam,daas-trigger-kpi-target-loading-lambda-role,unused_role,FAIL,role has never been used,MEDIUM
eu-west-1,iam,daasDataCatalog-role-v6zx1dl7,unused_role,FAIL,role has never been used,MEDIUM
eu-west-1,iam,daasodl-20210721084430543800000005,unused_role,FAIL,role has never been used,MEDIUM
eu-west-1,iam,daaspge-20260120101349952200000003,unused_role,FAIL,role has never been used,MEDIUM
eu-west-1,iam,daas_cw_exporter_irsa_role,unused_role,FAIL,role has never been used,MEDIUM
eu-west-1,iam,daas_glue_job_get_schedule-role-br48ek99,unused_role,FAIL,role has never been used,MEDIUM
eu-west-1,iam,daas_poc_sqs_events-role-jqcaqaeo,unused_role,FAIL,role has never been used,MEDIUM
eu-west-1,iam,daas_pyodbc_test-role-63b77x23,unused_role,FAIL,role has never been used,MEDIUM
eu-west-1,iam,daas_redshift_federated_database_role,unused_role,FAIL,role has never been used,MEDIUM
eu-west-1,iam,daas_secret_manager_access_role,unused_role,FAIL,role has never been used,MEDIUM
eu-west-1,iam,daas_test_awswrangler-role-kzs49dvr,unused_role,FAIL,role has never been used,MEDIUM
eu-west-1,iam,daas_test_cache-role-mmudwh8k,unused_role,FAIL,role has never been used,MEDIUM
eu-west-1,iam,dachiTestRoleLambda,unused_role,FAIL,role has never been used,MEDIUM
eu-west-1,iam,data-ocean-artifacts-role,unused_role,FAIL,role has never been used,MEDIUM
eu-west-1,iam,DataSyncTaskExecutionRole,unused_role,FAIL,role has never been used,MEDIUM
eu-west-1,iam,daylight_saving_time_switch-role-kdzd7xdk,unused_role,FAIL,role has never been used,MEDIUM
eu-west-1,iam,deep-audit-policy-ssm-managed-instance,unused_role,FAIL,role has never been used,MEDIUM
eu-west-1,iam,DEEP-AWS-backup,unused_role,FAIL,role has never been used,MEDIUM
eu-west-1,iam,DEEP-AWX,unused_role,FAIL,role has never been used,MEDIUM
eu-west-1,iam,deep-baseline-cloudformation-role,unused_role,FAIL,role has never been used,MEDIUM
eu-west-1,iam,deep-cet-scheduled-instance-manager,unused_role,FAIL,role has never been used,MEDIUM
eu-west-1,iam,deep-csr-security-remediation,unused_role,FAIL,role has never been used,MEDIUM
eu-west-1,iam,DEEP-Github,unused_role,FAIL,role has never been used,MEDIUM
eu-west-1,iam,DEEP-Jenkins,unused_role,FAIL,role has never been used,MEDIUM
eu-west-1,iam,DEEP-Patching-LambdaHelper,unused_role,FAIL,role has never been used,MEDIUM
eu-west-1,iam,DEEP-Patching-LambdaLogger,unused_role,FAIL,role has never been used,MEDIUM
eu-west-1,iam,DEEP-Patching-MaintenanceWindow,unused_role,FAIL,role has never been used,MEDIUM
eu-west-1,iam,deep-security-audit,unused_role,FAIL,role has never been used,MEDIUM
eu-west-1,iam,DEEP-ssm-log-parser-role,unused_role,FAIL,role has never been used,MEDIUM
eu-west-1,iam,delete_ebs_volumens_role,unused_role,FAIL,role has never been used,MEDIUM
eu-west-1,iam,dev-lambda-glue-role,unused_role,FAIL,role has never been used,MEDIUM
eu-west-1,iam,digiperf-dev-cross-account-copy,unused_role,FAIL,role has never been used,MEDIUM
eu-west-1,iam,digiperf-qa-20210916142236940900000005,unused_role,FAIL,role has never been used,MEDIUM
eu-west-1,iam,digiperf-redshift-mcp-test-role,unused_role,FAIL,role has never been used,MEDIUM
eu-west-1,iam,digiperfTest-role-l6vxjtkp,unused_role,FAIL,role has never been used,MEDIUM
eu-west-1,iam,digiperfTest-role-ybbxxxls,unused_role,FAIL,role has never been used,MEDIUM
eu-west-1,iam,dim-loss-influxdb-read-role-6ol9g8ry,unused_role,FAIL,role has never been used,MEDIUM
eu-west-1,iam,dimloss-layer-demo-dev-eu-west-1-lambdaRole,unused_role,FAIL,role has never been used,MEDIUM
eu-west-1,iam,dimloss-python-etl-dev-eu-west-1-lambdaRole,unused_role,FAIL,role has never been used,MEDIUM
eu-west-1,iam,dimloss-serverless-demo-dev-eu-west-1-lambdaRole,unused_role,FAIL,role has never been used,MEDIUM
eu-west-1,iam,dimloss-ssis-errormanager,unused_role,FAIL,role has never been used,MEDIUM
eu-west-1,iam,dimloss-ssis-etl,unused_role,FAIL,role has never been used,MEDIUM
eu-west-1,iam,dimloss-ssis-etl-clean-s3-tmp-role-ngd0kqit,unused_role,FAIL,role has never been used,MEDIUM
eu-west-1,iam,dimloss-ssis-etl-demo-role-o37s6u8c,unused_role,FAIL,role has never been used,MEDIUM
eu-west-1,iam,dimloss-ssis-merge,unused_role,FAIL,role has never been used,MEDIUM
eu-west-1,iam,dimloss-ssis-merge-demo-role-ec86z2v4,unused_role,FAIL,role has never been used,MEDIUM
eu-west-1,iam,dimloss-ssis-merge-role-6k55nvvi,unused_role,FAIL,role has never been used,MEDIUM
eu-west-1,iam,DimlossETL,unused_role,FAIL,role has never been used,MEDIUM
eu-west-1,iam,DimLossSTS_Demo-role-u6gp9sa8,unused_role,FAIL,role has never been used,MEDIUM
eu-west-1,iam,dms-access-for-endpoint,unused_role,FAIL,role has never been used,MEDIUM
eu-west-1,iam,dms-cloudwatch-logs-role,unused_role,FAIL,role has never been used,MEDIUM
eu-west-1,iam,dms-digiperf-icif-role-poc,unused_role,FAIL,role has never been used,MEDIUM
eu-west-1,iam,dms-s3-access-role,unused_role,FAIL,role has never been used,MEDIUM
eu-west-1,iam,dms-vpc-role,unused_role,FAIL,role has never been used,MEDIUM
eu-west-1,iam,DMSS3AccessRole-dms-assessment-run-2026-02-24-22-43-15,unused_role,FAIL,role has never been used,MEDIUM
eu-west-1,iam,DMSS3AccessRole-timestream-analytics-to-s3,unused_role,FAIL,role has never been used,MEDIUM
eu-west-1,iam,DMSSecretManagerAccessRole-digiperf-rds-daasreadonly,unused_role,FAIL,role has never been used,MEDIUM
eu-west-1,iam,DMSSecretManagerAccessRole-redshiftdaas-dwh-cluster-daasmaster,unused_role,FAIL,role has never been used,MEDIUM
eu-west-1,iam,DrSimulation2026,unused_role,FAIL,role has never been used,MEDIUM
eu-west-1,iam,ebs-csi-driver-controller20210512113326136600000001,unused_role,FAIL,role has never been used,MEDIUM
eu-west-1,iam,ebs-delete-volumes-role,unused_role,FAIL,role has never been used,MEDIUM
eu-west-1,iam,ebs_tagger_role,unused_role,FAIL,role has never been used,MEDIUM
eu-west-1,iam,EC2InstanceProfileForImageBuilder,unused_role,FAIL,role has never been used,MEDIUM
eu-west-1,iam,efs-csi-driver-controller20220713135215654300000002,unused_role,FAIL,role has never been used,MEDIUM
eu-west-1,iam,eks-addon-kubecost-role,unused_role,FAIL,role has never been used,MEDIUM
eu-west-1,iam,eks-addon-kubecost-role-eksonprem,unused_role,FAIL,role has never been used,MEDIUM
eu-west-1,iam,eks-kubecost-helm-role,unused_role,FAIL,role has never been used,MEDIUM
eu-west-1,iam,eks-ng-scaling-lambda-role,unused_role,FAIL,role has never been used,MEDIUM
eu-west-1,iam,eksonprem-alb-ingress,unused_role,FAIL,role has never been used,MEDIUM
eu-west-1,iam,eksonprem-cluster-autoscaler,unused_role,FAIL,role has never been used,MEDIUM
eu-west-1,iam,eksonprem-external-dns,unused_role,FAIL,role has never been used,MEDIUM
eu-west-1,iam,eksonprem-external-secrets20240408133647726600000015,unused_role,FAIL,role has never been used,MEDIUM
eu-west-1,iam,eksonprem-externaldns-fargate-role,unused_role,FAIL,role has never been used,MEDIUM
eu-west-1,iam,eksonprem20240408132339588900000004,unused_role,FAIL,role has never been used,MEDIUM
eu-west-1,iam,eks_audit_logs_logstash_irsa_role,unused_role,FAIL,role has never been used,MEDIUM
eu-west-1,iam,eks_role_for_engine_app_diiot-ssp-1,unused_role,FAIL,role has never been used,MEDIUM
eu-west-1,iam,eks_role_for_ipt_api,unused_role,FAIL,role has never been used,MEDIUM
eu-west-1,iam,eks_system_logs_logstash_irsa_role,unused_role,FAIL,role has never been used,MEDIUM
eu-west-1,iam,Email_Permissions_Daylight_Saving_Time_Switch,unused_role,FAIL,role has never been used,MEDIUM
eu-west-1,iam,EnablesEC2ToAccessSystemsManagerRole,unused_role,FAIL,role has never been used,MEDIUM
eu-west-1,iam,esight_ingestion-lambda_role,unused_role,FAIL,role has never been used,MEDIUM
eu-west-1,iam,eventbridge-test-role-90z0654p,unused_role,FAIL,role has never been used,MEDIUM
eu-west-1,iam,event_observer-role-z8qlhth2,unused_role,FAIL,role has never been used,MEDIUM
eu-west-1,iam,execute_system_tests,unused_role,FAIL,role has never been used,MEDIUM
eu-west-1,iam,flexnet_access,unused_role,FAIL,role has never been used,MEDIUM
eu-west-1,iam,gemt-ssis-errormanager,unused_role,FAIL,role has never been used,MEDIUM
eu-west-1,iam,gemt-ssis-errormanager-deleteme-role-dlm2t53m,unused_role,FAIL,role has never been used,MEDIUM
eu-west-1,iam,gemt-ssis-errormanager-role-c583m244,unused_role,FAIL,role has never been used,MEDIUM
eu-west-1,iam,gemt-ssis-etl,unused_role,FAIL,role has never been used,MEDIUM
eu-west-1,iam,gemt-ssis-etl-deleteme-role-o5kul9in,unused_role,FAIL,role has never been used,MEDIUM
eu-west-1,iam,gemt-ssis-eventbridge,unused_role,FAIL,role has never been used,MEDIUM
eu-west-1,iam,gemt-ssis-step-function,unused_role,FAIL,role has never been used,MEDIUM
eu-west-1,iam,generate_basic_auth-role-xwxd9lep,unused_role,FAIL,role has never been used,MEDIUM
eu-west-1,iam,georadius-checker-role-848lcjuh,unused_role,FAIL,role has never been used,MEDIUM
eu-west-1,iam,glacier-crawler-role,unused_role,FAIL,role has never been used,MEDIUM
eu-west-1,iam,glue-alert-lambda-role,unused_role,FAIL,role has never been used,MEDIUM
eu-west-1,iam,glue-event-bridge-access,unused_role,FAIL,role has never been used,MEDIUM
eu-west-1,iam,glue-failure-alert-handler-role-hkaynx7p,unused_role,FAIL,role has never been used,MEDIUM
eu-west-1,iam,glue-failure-alert-lambda-role,unused_role,FAIL,role has never been used,MEDIUM
eu-west-1,iam,GlueJobExecutionTime-role-x45lpogv,unused_role,FAIL,role has never been used,MEDIUM
eu-west-1,iam,Glue_Crawler_execution_time,unused_role,FAIL,role has never been used,MEDIUM
eu-west-1,iam,glue_read,unused_role,FAIL,role has never been used,MEDIUM
eu-west-1,iam,go-lambda-po-role-e7dcdzny,unused_role,FAIL,role has never been used,MEDIUM
eu-west-1,iam,go-lambda-poc-role-od4qt39x,unused_role,FAIL,role has never been used,MEDIUM
eu-west-1,iam,grafana_irsa_role,unused_role,FAIL,role has never been used,MEDIUM
eu-west-1,iam,greenup-lambda-s3-sns-role,unused_role,FAIL,role has never been used,MEDIUM
eu-west-1,iam,greenup-smartu-lambda-role,unused_role,FAIL,role has never been used,MEDIUM
eu-west-1,iam,greenup-smartu-mongodb-role,unused_role,FAIL,role has never been used,MEDIUM
eu-west-1,iam,greenup-uad-eb-role,unused_role,FAIL,role has never been used,MEDIUM
eu-west-1,iam,greenup-uad-etl-role,unused_role,FAIL,role has never been used,MEDIUM
eu-west-1,iam,greenup-uad-lambda-role,unused_role,FAIL,role has never been used,MEDIUM
eu-west-1,iam,greenup-uad-sf-role,unused_role,FAIL,role has never been used,MEDIUM
eu-west-1,iam,hc-vault-test-role-af1ref3i,unused_role,FAIL,role has never been used,MEDIUM
eu-west-1,iam,helloworld_pdm-role-3jkbxo6p,unused_role,FAIL,role has never been used,MEDIUM
eu-west-1,iam,helloworld_pdm-role-wajgaz98,unused_role,FAIL,role has never been used,MEDIUM
eu-west-1,iam,helper-role-2zmasix4,unused_role,FAIL,role has never been used,MEDIUM
eu-west-1,iam,HVAC-Alert-Email-Notification-role-x1g8b4e5,unused_role,FAIL,role has never been used,MEDIUM
eu-west-1,iam,iam-access-inactive-keys-deletion-role-44y1wqok,unused_role,FAIL,role has never been used,MEDIUM
eu-west-1,iam,iam-key-rotation-lambda-role-dev,unused_role,FAIL,role has never been used,MEDIUM
eu-west-1,iam,iam-key-rotation-role-dev,unused_role,FAIL,role has never been used,MEDIUM
eu-west-1,iam,iam-rtate-user-creds-role-dsqy8p8e,unused_role,FAIL,role has never been used,MEDIUM
eu-west-1,iam,iams-aucobo-iam-role,unused_role,FAIL,role has never been used,MEDIUM
eu-west-1,iam,iams-aws-code-deploy-role,unused_role,FAIL,role has never been used,MEDIUM
eu-west-1,iam,iam_user_access_rotation-role-fa2vf0fa,unused_role,FAIL,role has never been used,MEDIUM
eu-west-1,iam,iam_user_access_rotation_test-role-m62nvxzf,unused_role,FAIL,role has never been used,MEDIUM
eu-west-1,iam,ic-awacs-portal-be-email-lambda,unused_role,FAIL,role has never been used,MEDIUM
eu-west-1,iam,ic-go-poc-role-18vkk1wz,unused_role,FAIL,role has never been used,MEDIUM
eu-west-1,iam,ic-pdm-alert-combiner,unused_role,FAIL,role has never been used,MEDIUM
eu-west-1,iam,ic-pdm-alert-primary,unused_role,FAIL,role has never been used,MEDIUM
eu-west-1,iam,ic-pdm-alert-secondary,unused_role,FAIL,role has never been used,MEDIUM
eu-west-1,iam,ic-pdm-chunk-combiner-data-keys-role-s6dmvfzu,unused_role,FAIL,role has never been used,MEDIUM
eu-west-1,iam,ic-pdm-create-endpoint,unused_role,FAIL,role has never been used,MEDIUM
eu-west-1,iam,ic-pdm-create-endpoint-role-hqgey5eq,unused_role,FAIL,role has never been used,MEDIUM
eu-west-1,iam,ic-pdm-drift-score-dynamodb-test-role-oljjzxjy,unused_role,FAIL,role has never been used,MEDIUM
eu-west-1,iam,ic-pdm-example-model-training-role-cpk0utx4,unused_role,FAIL,role has never been used,MEDIUM
eu-west-1,iam,ic-pdm-file-copy,unused_role,FAIL,role has never been used,MEDIUM
eu-west-1,iam,ic-pdm-file-scan,unused_role,FAIL,role has never been used,MEDIUM
eu-west-1,iam,ic-pdm-filter-by-range,unused_role,FAIL,role has never been used,MEDIUM
eu-west-1,iam,ic-pdm-gd-combiner-data-transform-s3-files,unused_role,FAIL,role has never been used,MEDIUM
eu-west-1,iam,ic-pdm-gd-combiner-data-upload-s3-files-to-dynamodb,unused_role,FAIL,role has never been used,MEDIUM
eu-west-1,iam,ic-pdm-gd-combiner-events-transform-s3-files,unused_role,FAIL,role has never been used,MEDIUM
eu-west-1,iam,ic-pdm-gd-combiner-events-upload-s3-files-to-dynamodb,unused_role,FAIL,role has never been used,MEDIUM
eu-west-1,iam,ic-pdm-gd-data-processor,unused_role,FAIL,role has never been used,MEDIUM
eu-west-1,iam,ic-pdm-gd-events-processor,unused_role,FAIL,role has never been used,MEDIUM
eu-west-1,iam,ic-pdm-gd-events-processor-role-z3713gq4,unused_role,FAIL,role has never been used,MEDIUM
eu-west-1,iam,ic-pdm-gd-fetch-s3-files,unused_role,FAIL,role has never been used,MEDIUM
eu-west-1,iam,ic-pdm-gd-filter-combiner-keys,unused_role,FAIL,role has never been used,MEDIUM
eu-west-1,iam,ic-pdm-gd-role-test,unused_role,FAIL,role has never been used,MEDIUM
eu-west-1,iam,ic-pdm-gd-s3-event,unused_role,FAIL,role has never been used,MEDIUM
eu-west-1,iam,ic-pdm-gd-s3-list-namespace-keys,unused_role,FAIL,role has never been used,MEDIUM
eu-west-1,iam,ic-pdm-gd-s3-transfer,unused_role,FAIL,role has never been used,MEDIUM
eu-west-1,iam,ic-pdm-l-manage-samgemaker-status,unused_role,FAIL,role has never been used,MEDIUM
eu-west-1,iam,ic-pdm-move-processed-gd-files-role-m8ds7i4g,unused_role,FAIL,role has never been used,MEDIUM
eu-west-1,iam,ic-pdm-primary-getdata,unused_role,FAIL,role has never been used,MEDIUM
eu-west-1,iam,ic-pdm-primary-motorspeed,unused_role,FAIL,role has never been used,MEDIUM
eu-west-1,iam,ic-pdm-primary-training-role-tu9a3ev8,unused_role,FAIL,role has never been used,MEDIUM
eu-west-1,iam,ic-pdm-primary-training-role-y27k0r8a,unused_role,FAIL,role has never been used,MEDIUM
eu-west-1,iam,ic-pdm-secondary-spj-massive-retrain,unused_role,FAIL,role has never been used,MEDIUM
eu-west-1,iam,ic-pdm-secrets-rotation,unused_role,FAIL,role has never been used,MEDIUM
eu-west-1,iam,ic-pdm-sf-gd-combiners-data-pipeline,unused_role,FAIL,role has never been used,MEDIUM
eu-west-1,iam,ic-pdm-sf-gd-combiners-events-pipeline,unused_role,FAIL,role has never been used,MEDIUM
eu-west-1,iam,ic-pdm-sf-primary-anomaly-detection,unused_role,FAIL,role has never been used,MEDIUM
eu-west-1,iam,ic-pdm-sf-secondary-massive-retrain,unused_role,FAIL,role has never been used,MEDIUM
eu-west-1,iam,ic-pdm-sf-secondary-sync-factory-files,unused_role,FAIL,role has never been used,MEDIUM
eu-west-1,iam,ic-pdm-sf-secondary-sync-factory-files_events,unused_role,FAIL,role has never been used,MEDIUM
eu-west-1,iam,ic-pdm-sf-trigger-anomaly-detections,unused_role,FAIL,role has never been used,MEDIUM
eu-west-1,iam,ic-pdm-sf-trigger-anomaly-detections_event_rule,unused_role,FAIL,role has never been used,MEDIUM
eu-west-1,iam,ic-pdm-start-training,unused_role,FAIL,role has never been used,MEDIUM
eu-west-1,iam,ic-pdm-support-lambda-triggers,unused_role,FAIL,role has never been used,MEDIUM
eu-west-1,iam,ic-pdm-uc1-add-subassembly,unused_role,FAIL,role has never been used,MEDIUM
eu-west-1,iam,ic-pdm-uc1-anomaly-detection,unused_role,FAIL,role has never been used,MEDIUM
eu-west-1,iam,ic-pdm-uc1-input-data,unused_role,FAIL,role has never been used,MEDIUM
eu-west-1,iam,ic-pdm-uc1-secondary-training,unused_role,FAIL,role has never been used,MEDIUM
eu-west-1,iam,ic-pdm-uc3-arima,unused_role,FAIL,role has never been used,MEDIUM
eu-west-1,iam,ic-pdm-uc3-forcs,unused_role,FAIL,role has never been used,MEDIUM
eu-west-1,iam,ic-peo-finops-budgets-role,unused_role,FAIL,role has never been used,MEDIUM
eu-west-1,iam,ic-pge-test-migration-ecr-role-6bz7m46b,unused_role,FAIL,role has never been used,MEDIUM
eu-west-1,iam,ic-pge-test-migration-role-4crhrlf5,unused_role,FAIL,role has never been used,MEDIUM
eu-west-1,iam,ic-ssp-if-act-001-diiot-ssp-1,unused_role,FAIL,role has never been used,MEDIUM
eu-west-1,iam,ic-ssp-if-act-006-diiot-ssp-1,unused_role,FAIL,role has never been used,MEDIUM
eu-west-1,iam,ic-ssp-if-act-012-diiot-ssp-1,unused_role,FAIL,role has never been used,MEDIUM
eu-west-1,iam,ic-ssp-if-act-016-diiot-ssp-1,unused_role,FAIL,role has never been used,MEDIUM
eu-west-1,iam,ic-ssp-if-act-024-diiot-ssp-1,unused_role,FAIL,role has never been used,MEDIUM
eu-west-1,iam,ic-ssp-if-act-028-diiot-ssp-1,unused_role,FAIL,role has never been used,MEDIUM
eu-west-1,iam,ic-ssp-if-act-actuals-diiot-ssp-1,unused_role,FAIL,role has never been used,MEDIUM
eu-west-1,iam,ic-ssp-if-act-start-diiot-ssp-1,unused_role,FAIL,role has never been used,MEDIUM
eu-west-1,iam,ic-ssp-if-act-stop-diiot-ssp-1,unused_role,FAIL,role has never been used,MEDIUM
eu-west-1,iam,ic-ssp-if-data-handler-diiot-ssp-1,unused_role,FAIL,role has never been used,MEDIUM
eu-west-1,iam,ic-ssp-if-data-ingestion-cleanup-diiot-ssp-1,unused_role,FAIL,role has never been used,MEDIUM
eu-west-1,iam,ic-ssp-if-data-ingestion-diiot-ssp-1,unused_role,FAIL,role has never been used,MEDIUM
eu-west-1,iam,ic-ssp-if-data-ingestion-pipe-diiot-ssp-1,unused_role,FAIL,role has never been used,MEDIUM
eu-west-1,iam,ic-ssp-if-data-ingestion-start-job-diiot-ssp-1,unused_role,FAIL,role has never been used,MEDIUM
eu-west-1,iam,ic-ssp-if-data-ingestion-update-status-diiot-ssp-1,unused_role,FAIL,role has never been used,MEDIUM
eu-west-1,iam,icdata_archiving_test_athena_role,unused_role,FAIL,role has never been used,MEDIUM
eu-west-1,iam,icif-digiperf-factory-dms-role,unused_role,FAIL,role has never been used,MEDIUM
eu-west-1,iam,icif_password_rotation_poc_function-role-yaxypmw1,unused_role,FAIL,role has never been used,MEDIUM
eu-west-1,iam,icloud-acc,unused_role,FAIL,role has never been used,MEDIUM
eu-west-1,iam,icloud-alb-ingress,unused_role,FAIL,role has never been used,MEDIUM
eu-west-1,iam,icloud-archive-athena-role-acc-gr70-dev,unused_role,FAIL,role has never been used,MEDIUM
eu-west-1,iam,icloud-archive-athena-role-acc-itgf-dev,unused_role,FAIL,role has never been used,MEDIUM
eu-west-1,iam,icloud-archive-athena-role-acc-ittc-dev,unused_role,FAIL,role has never been used,MEDIUM
eu-west-1,iam,icloud-archive-athena-role-acc-ro70-dev,unused_role,FAIL,role has never been used,MEDIUM
eu-west-1,iam,icloud-archive-athena-role-cu-gr70-dev,unused_role,FAIL,role has never been used,MEDIUM
eu-west-1,iam,icloud-archive-athena-role-cu-itgf-dev,unused_role,FAIL,role has never been used,MEDIUM
eu-west-1,iam,icloud-archive-athena-role-cu-ro70-dev,unused_role,FAIL,role has never been used,MEDIUM
eu-west-1,iam,icloud-archive-athena-role-kdf-gr70-dev,unused_role,FAIL,role has never been used,MEDIUM
eu-west-1,iam,icloud-archive-athena-role-kdf-itgf-dev,unused_role,FAIL,role has never been used,MEDIUM
eu-west-1,iam,icloud-archive-athena-role-kdf-ro70-dev,unused_role,FAIL,role has never been used,MEDIUM
eu-west-1,iam,icloud-archive-athena-role-p1p-gr70-dev,unused_role,FAIL,role has never been used,MEDIUM
eu-west-1,iam,icloud-archive-athena-role-p1p-id30-dev,unused_role,FAIL,role has never been used,MEDIUM
eu-west-1,iam,icloud-archive-athena-role-p1p-itgf-dev,unused_role,FAIL,role has never been used,MEDIUM
eu-west-1,iam,icloud-archive-athena-role-p1p-ro70-dev,unused_role,FAIL,role has never been used,MEDIUM
eu-west-1,iam,icloud-archive-athena-role-p1p-us76-dev,unused_role,FAIL,role has never been used,MEDIUM
eu-west-1,iam,icloud-archive-athena-role-pfx-itgf-dev,unused_role,FAIL,role has never been used,MEDIUM
eu-west-1,iam,icloud-archive-athena-role-pho-ittc-dev,unused_role,FAIL,role has never been used,MEDIUM
eu-west-1,iam,icloud-archive-athena-role-speedmanagement-gr70-dev,unused_role,FAIL,role has never been used,MEDIUM
eu-west-1,iam,icloud-archive-athena-role-speedmanagement-id30-dev,unused_role,FAIL,role has never been used,MEDIUM
eu-west-1,iam,icloud-archive-athena-role-speedmanagement-itgf-dev,unused_role,FAIL,role has never been used,MEDIUM
eu-west-1,iam,icloud-archive-glue-role-acc-gr70-dev,unused_role,FAIL,role has never been used,MEDIUM
eu-west-1,iam,icloud-archive-glue-role-acc-itgf-dev,unused_role,FAIL,role has never been used,MEDIUM
eu-west-1,iam,icloud-archive-glue-role-acc-ittc-dev,unused_role,FAIL,role has never been used,MEDIUM
eu-west-1,iam,icloud-archive-glue-role-acc-ro70-dev,unused_role,FAIL,role has never been used,MEDIUM
eu-west-1,iam,icloud-archive-glue-role-cu-gr70-dev,unused_role,FAIL,role has never been used,MEDIUM
eu-west-1,iam,icloud-archive-glue-role-cu-itgf-dev,unused_role,FAIL,role has never been used,MEDIUM
eu-west-1,iam,icloud-archive-glue-role-cu-ro70-dev,unused_role,FAIL,role has never been used,MEDIUM
eu-west-1,iam,icloud-archive-glue-role-kdf-gr70-dev,unused_role,FAIL,role has never been used,MEDIUM
eu-west-1,iam,icloud-archive-glue-role-kdf-itgf-dev,unused_role,FAIL,role has never been used,MEDIUM
eu-west-1,iam,icloud-archive-glue-role-kdf-ro70-dev,unused_role,FAIL,role has never been used,MEDIUM
eu-west-1,iam,icloud-archive-glue-role-p1p-gr70-dev,unused_role,FAIL,role has never been used,MEDIUM
eu-west-1,iam,icloud-archive-glue-role-p1p-id30-dev,unused_role,FAIL,role has never been used,MEDIUM
eu-west-1,iam,icloud-archive-glue-role-p1p-itgf-dev,unused_role,FAIL,role has never been used,MEDIUM
eu-west-1,iam,icloud-archive-glue-role-p1p-ro70-dev,unused_role,FAIL,role has never been used,MEDIUM
eu-west-1,iam,icloud-archive-glue-role-p1p-us76-dev,unused_role,FAIL,role has never been used,MEDIUM
eu-west-1,iam,icloud-archive-glue-role-pfx-itgf-dev,unused_role,FAIL,role has never been used,MEDIUM
eu-west-1,iam,icloud-archive-glue-role-pho-ittc-dev,unused_role,FAIL,role has never been used,MEDIUM
eu-west-1,iam,icloud-archive-glue-role-speedmanagement-gr70-dev,unused_role,FAIL,role has never been used,MEDIUM
eu-west-1,iam,icloud-archive-glue-role-speedmanagement-id30-dev,unused_role,FAIL,role has never been used,MEDIUM
eu-west-1,iam,icloud-archive-glue-role-speedmanagement-itgf-dev,unused_role,FAIL,role has never been used,MEDIUM
eu-west-1,iam,icloud-archiving-glue-role-dev,unused_role,FAIL,role has never been used,MEDIUM
eu-west-1,iam,icloud-cluster-autoscaler,unused_role,FAIL,role has never been used,MEDIUM
eu-west-1,iam,icloud-edge-observability-processor,unused_role,FAIL,role has never been used,MEDIUM
eu-west-1,iam,icloud-external-dns,unused_role,FAIL,role has never been used,MEDIUM
eu-west-1,iam,icloud-external-secrets20221004081743106100000004,unused_role,FAIL,role has never been used,MEDIUM
eu-west-1,iam,icloud-externaldns-fargate-role,unused_role,FAIL,role has never been used,MEDIUM
eu-west-1,iam,icloud-glue-ingestion-influx-backup-role,unused_role,FAIL,role has never been used,MEDIUM
eu-west-1,iam,icloud-icloudawacs,unused_role,FAIL,role has never been used,MEDIUM
eu-west-1,iam,icloud-ingestion-speedmanagement-athena-role-gr70-dev,unused_role,FAIL,role has never been used,MEDIUM
eu-west-1,iam,icloud-ingestion-speedmanagement-athena-role-id30-dev,unused_role,FAIL,role has never been used,MEDIUM
eu-west-1,iam,icloud-ingestion-speedmanagement-athena-role-itgf-dev,unused_role,FAIL,role has never been used,MEDIUM
eu-west-1,iam,icloud-ingestion-speedmanagement-athena-role-ro70-dev,unused_role,FAIL,role has never been used,MEDIUM
eu-west-1,iam,icloud-ingestion-speedmanagement-glue-role-gr70-dev,unused_role,FAIL,role has never been used,MEDIUM
eu-west-1,iam,icloud-ingestion-speedmanagement-glue-role-id30-dev,unused_role,FAIL,role has never been used,MEDIUM
eu-west-1,iam,icloud-ingestion-speedmanagement-glue-role-itgf-dev,unused_role,FAIL,role has never been used,MEDIUM
eu-west-1,iam,icloud-ingestion-speedmanagement-glue-role-ro70-dev,unused_role,FAIL,role has never been used,MEDIUM
eu-west-1,iam,icloud-ingestion-speedmanagement-lambda-role-gr70-dev,unused_role,FAIL,role has never been used,MEDIUM
eu-west-1,iam,icloud-ingestion-speedmanagement-lambda-role-id30-dev,unused_role,FAIL,role has never been used,MEDIUM
eu-west-1,iam,icloud-ingestion-speedmanagement-lambda-role-itgf-dev,unused_role,FAIL,role has never been used,MEDIUM
eu-west-1,iam,icloud-ingestion-speedmanagement-lambda-role-ro70-dev,unused_role,FAIL,role has never been used,MEDIUM
eu-west-1,iam,icloud-role-glue-ingestion-influx-dev,unused_role,FAIL,role has never been used,MEDIUM
eu-west-1,iam,icloud-role-lambda-ingestion-speedmanagement-dev,unused_role,FAIL,role has never been used,MEDIUM
eu-west-1,iam,icloud-secrets-role,unused_role,FAIL,role has never been used,MEDIUM
eu-west-1,iam,icloud-settings-management,unused_role,FAIL,role has never been used,MEDIUM
eu-west-1,iam,icloud-Worker-IAM-Role,unused_role,FAIL,role has never been used,MEDIUM
eu-west-1,iam,icloud20200925161815882800000002,unused_role,FAIL,role has never been used,MEDIUM
eu-west-1,iam,icloudawacs-auth-rewrite-lambda-edge-role,unused_role,FAIL,role has never been used,MEDIUM
eu-west-1,iam,icloudcore-development-ec2-dev20240813083059678100000002,unused_role,FAIL,role has never been used,MEDIUM
eu-west-1,iam,ids-tls-cert-expiry-monitor-role-9dyccuq6,unused_role,FAIL,role has never been used,MEDIUM
eu-west-1,iam,iiot-cost-tag-role,unused_role,FAIL,role has never been used,MEDIUM
eu-west-1,iam,iiot-dev20260430063420797900000003,unused_role,FAIL,role has never been used,MEDIUM
eu-west-1,iam,iiotdata-shared-ng-new-eks-node-group-20260430082640227100000007,unused_role,FAIL,role has never been used,MEDIUM
eu-west-1,iam,IIOT_9102_Opsgenie_Integration_with_Glue_Jobs-role-y9ng2zbh,unused_role,FAIL,role has never been used,MEDIUM
eu-west-1,iam,iitops-ic-awacs-nxtf3pa-invoke-drift-role-fbll5ku2,unused_role,FAIL,role has never been used,MEDIUM
eu-west-1,iam,iitops-ic-cogm-machine-data-aggregation,unused_role,FAIL,role has never been used,MEDIUM
eu-west-1,iam,iitops-ic-cogm-machine-data-aggregation-event-bridge,unused_role,FAIL,role has never been used,MEDIUM
eu-west-1,iam,influx-cardinalis-test-role,unused_role,FAIL,role has never been used,MEDIUM
eu-west-1,iam,Integra-Apollo-Eks-Role,unused_role,FAIL,role has never been used,MEDIUM
eu-west-1,iam,Integra-CloudFormation-KDA-Role,unused_role,FAIL,role has never been used,MEDIUM
eu-west-1,iam,Integra-CodeBuild-Role,unused_role,FAIL,role has never been used,MEDIUM
eu-west-1,iam,Integra-CodeDeploy-Role,unused_role,FAIL,role has never been used,MEDIUM
eu-west-1,iam,Integra-CodePipeline-Role,unused_role,FAIL,role has never been used,MEDIUM
eu-west-1,iam,integra-iams-aucobo-dev-codepipe-role,unused_role,FAIL,role has never been used,MEDIUM
eu-west-1,iam,integra-iams-aucobo-pl02-dev-codepipe-role,unused_role,FAIL,role has never been used,MEDIUM
eu-west-1,iam,integra-iams-aucobo-ru04-dev-codepipe-role,unused_role,FAIL,role has never been used,MEDIUM
eu-west-1,iam,integra-iams-pl02-aucobo-codepipe-dev-role,unused_role,FAIL,role has never been used,MEDIUM
eu-west-1,iam,integra-iams-ru04-aucobo-codepipe-dev-role,unused_role,FAIL,role has never been used,MEDIUM
eu-west-1,iam,Integra-KinesisAnalytics-Role,unused_role,FAIL,role has never been used,MEDIUM
eu-west-1,iam,Integra-Lambda-Notification-Role,unused_role,FAIL,role has never been used,MEDIUM
eu-west-1,iam,invoke-step-functions-policy,unused_role,FAIL,role has never been used,MEDIUM
eu-west-1,iam,iqc-autotrainer-iam-role,unused_role,FAIL,role has never been used,MEDIUM
eu-west-1,iam,iqc-data-platform,unused_role,FAIL,role has never been used,MEDIUM
eu-west-1,iam,iqc-k8s-alertmanager-role,unused_role,FAIL,role has never been used,MEDIUM
eu-west-1,iam,iqcalertmanager-20240502094616917900000001,unused_role,FAIL,role has never been used,MEDIUM
eu-west-1,iam,Jenkins_Build_Trigger-role-4yknxxeu,unused_role,FAIL,role has never been used,MEDIUM
eu-west-1,iam,kapacitor_backup_role,unused_role,FAIL,role has never been used,MEDIUM
eu-west-1,iam,kinesis-analytics-integra-iams-aucobo-dev-eu-west-1,unused_role,FAIL,role has never been used,MEDIUM
eu-west-1,iam,kinesis-analytics-integra-iams-aucobo-ru04-dev-eu-west-1,unused_role,FAIL,role has never been used,MEDIUM
eu-west-1,iam,KinesisFirehoseServiceRole-daas-cw-to-s3-eu-west-1-1690811665610,unused_role,FAIL,role has never been used,MEDIUM
eu-west-1,iam,KinesisFirehoseServiceRole-dw-firehose-t-eu-west-1-1639037431223,unused_role,FAIL,role has never been used,MEDIUM
eu-west-1,iam,KinesisFirehoseServiceRole-iams-aucobo-p-eu-west-1-1638938760050,unused_role,FAIL,role has never been used,MEDIUM
eu-west-1,iam,KinesisFirehoseServiceRole-iams-aucobo-p-eu-west-1-1639041515892,unused_role,FAIL,role has never been used,MEDIUM
eu-west-1,iam,KinesisFirehoseServiceRole-iams-aucobo-p-eu-west-1-1639042195809,unused_role,FAIL,role has never been used,MEDIUM
eu-west-1,iam,KinesisFirehoseServiceRole-iams-vernemq--eu-west-1-1639043417570,unused_role,FAIL,role has never been used,MEDIUM
eu-west-1,iam,KinesisFirehoseServiceRole-icif-kinesis--eu-west-1-1722482951621,unused_role,FAIL,role has never been used,MEDIUM
eu-west-1,iam,KinesisFirehoseServiceRole-KDS-S3-N4THE-eu-west-1-1746761533410,unused_role,FAIL,role has never been used,MEDIUM
eu-west-1,iam,KinesisFirehoseServiceRole-KDS-S3-NxQVi-eu-west-1-1746763499354,unused_role,FAIL,role has never been used,MEDIUM
eu-west-1,iam,KinesisFirehoseServiceRole-KDS-S3-VNXVD-eu-west-1-1639037226956,unused_role,FAIL,role has never been used,MEDIUM
eu-west-1,iam,KinesisFirehoseServiceRole-kinesis_strea-eu-west-1-1747983364226,unused_role,FAIL,role has never been used,MEDIUM
eu-west-1,iam,KinesisFirehoseServiceRole-kinesis_strea-eu-west-1-1748232046584,unused_role,FAIL,role has never been used,MEDIUM
eu-west-1,iam,kinesis_secondary_cc_data_transformation-role-idq4n18i,unused_role,FAIL,role has never been used,MEDIUM
eu-west-1,iam,kinesis_sensor_data_transformation-role-quc1rvzt,unused_role,FAIL,role has never been used,MEDIUM
eu-west-1,iam,Lambda-Apollo-Manuf-Integra-DigiperfDataSource-Manual,unused_role,FAIL,role has never been used,MEDIUM
eu-west-1,iam,Lambda-AppSync-Manuf-DaaS-Athena-DataSource,unused_role,FAIL,role has never been used,MEDIUM
eu-west-1,iam,Lambda-AppSync-Manuf-DaaS-Athena-DataSource-CICD,unused_role,FAIL,role has never been used,MEDIUM
eu-west-1,iam,Lambda-AppSync-Manuf-DaaS-CrossAccount-Athena-DataSource,unused_role,FAIL,role has never been used,MEDIUM
eu-west-1,iam,Lambda-AppSync-Manuf-DaaS-CrossAccount-Athena-DataSource-CICD,unused_role,FAIL,role has never been used,MEDIUM
eu-west-1,iam,Lambda-AppSync-Manuf-DaaS-Digiperf-DataSource-CICD,unused_role,FAIL,role has never been used,MEDIUM
eu-west-1,iam,Lambda-AppSync-Manuf-DaaS-Mongo-DataSource,unused_role,FAIL,role has never been used,MEDIUM
eu-west-1,iam,Lambda-AppSync-Manuf-DaaS-Mongo-DataSource-CICD,unused_role,FAIL,role has never been used,MEDIUM
eu-west-1,iam,Lambda-AppSync-Manuf-DaaS-ODL-DataSource-CICD,unused_role,FAIL,role has never been used,MEDIUM
eu-west-1,iam,Lambda-AppSync-Manuf-DaaS-OnPrem-SQL-DataSource,unused_role,FAIL,role has never been used,MEDIUM
eu-west-1,iam,Lambda-AppSync-Manuf-DaaS-OnPrem-SQL-DataSource-CICD,unused_role,FAIL,role has never been used,MEDIUM
eu-west-1,iam,Lambda-AppSync-Manuf-DaaS-RDS-Digiperf-DataSource,unused_role,FAIL,role has never been used,MEDIUM
eu-west-1,iam,Lambda-AppSync-Manuf-DaaS-RDS-ODL-DataSource,unused_role,FAIL,role has never been used,MEDIUM
eu-west-1,iam,Lambda-AppSync-Manuf-DaaS-Sdl-DataSource-Manual,unused_role,FAIL,role has never been used,MEDIUM
eu-west-1,iam,Lambda-AppSync-Manuf-DaaS-Snowflake-DataSource,unused_role,FAIL,role has never been used,MEDIUM
eu-west-1,iam,Lambda-AppSync-Manuf-DaaS-Snowflake-DataSource-CICD,unused_role,FAIL,role has never been used,MEDIUM
eu-west-1,iam,Lambda-Delete-Old-Snapshots-Role,unused_role,FAIL,role has never been used,MEDIUM
eu-west-1,iam,lambda-kinesis-consumer-role-vpdajkgh,unused_role,FAIL,role has never been used,MEDIUM
eu-west-1,iam,LambdaExecutionRole_Application_Secret_Expiry_Notification_Alert,unused_role,FAIL,role has never been used,MEDIUM
eu-west-1,iam,LambdaTextractExecutionRole,unused_role,FAIL,role has never been used,MEDIUM
eu-west-1,iam,lambda_access_key_alert_role,unused_role,FAIL,role has never been used,MEDIUM
eu-west-1,iam,lambda_msokm_role,unused_role,FAIL,role has never been used,MEDIUM
eu-west-1,iam,lambda_test_master-role-dcsmiq24,unused_role,FAIL,role has never been used,MEDIUM
eu-west-1,iam,latest-launch-template-ami-notification-function-role-zsvibsoj,unused_role,FAIL,role has never been used,MEDIUM
eu-west-1,iam,lnowak7-digi-role-tk958wpw,unused_role,FAIL,role has never been used,MEDIUM
eu-west-1,iam,lnowak7-digi-test-role-wz42xb6z,unused_role,FAIL,role has never been used,MEDIUM
eu-west-1,iam,lnowak7Test-role-glxns513,unused_role,FAIL,role has never been used,MEDIUM
eu-west-1,iam,MetricStreams-FirehosePutRecords-POSUAJM5,unused_role,FAIL,role has never been used,MEDIUM
eu-west-1,iam,MetricStreams-FirehoseToS3-605PLF6M,unused_role,FAIL,role has never been used,MEDIUM
eu-west-1,iam,mfg-DpaaS-role,unused_role,FAIL,role has never been used,MEDIUM
eu-west-1,iam,mfg-DpaaS-role-amcs,unused_role,FAIL,role has never been used,MEDIUM
eu-west-1,iam,mfg-DpaaS-role-raw,unused_role,FAIL,role has never been used,MEDIUM
eu-west-1,iam,mgolczyk,unused_role,FAIL,role has never been used,MEDIUM
eu-west-1,iam,MQTT_Bridge_Expiry_Notification_Alert-role-g09g804n,unused_role,FAIL,role has never been used,MEDIUM
eu-west-1,iam,msk-client-cdc-poc,unused_role,FAIL,role has never been used,MEDIUM
eu-west-1,iam,msk-eks-role-manually,unused_role,FAIL,role has never been used,MEDIUM
eu-west-1,iam,mso-dsfts-glue-role,unused_role,FAIL,role has never been used,MEDIUM
eu-west-1,iam,mso-dsfts-rod-break-role-8y128nxt,unused_role,FAIL,role has never been used,MEDIUM
eu-west-1,iam,mso-dsfts-test-role-put3of7l,unused_role,FAIL,role has never been used,MEDIUM
eu-west-1,iam,msodsts-20240306071122372000000002,unused_role,FAIL,role has never been used,MEDIUM
eu-west-1,iam,msodsts-rod-break,unused_role,FAIL,role has never been used,MEDIUM
eu-west-1,iam,msodsts-rodbreak-lambda-role-f1lcdm9v,unused_role,FAIL,role has never been used,MEDIUM
eu-west-1,iam,msokm-20240228125341168000000002,unused_role,FAIL,role has never been used,MEDIUM
eu-west-1,iam,msokm_baseline_csv_generation-role-4q37iqzv,unused_role,FAIL,role has never been used,MEDIUM
eu-west-1,iam,msokm_baseline_test-role-7dxez3ib,unused_role,FAIL,role has never been used,MEDIUM
eu-west-1,iam,node_group_shared_new-eks-node-group-20241125090912215800000001,unused_role,FAIL,role has never been used,MEDIUM
eu-west-1,iam,NXT-drift-manual-role-gx2aknmw,unused_role,FAIL,role has never been used,MEDIUM
eu-west-1,iam,nxt-invoke-drift-manual-role-6x6xrqy2,unused_role,FAIL,role has never been used,MEDIUM
eu-west-1,iam,nxt-invoke-drift-role-ha3fxcgy,unused_role,FAIL,role has never been used,MEDIUM
eu-west-1,iam,NXT-Machine-Setting-Training-Sagemaker-Role-Clean,unused_role,FAIL,role has never been used,MEDIUM
eu-west-1,iam,nxt-role-reduced-test,unused_role,FAIL,role has never been used,MEDIUM
eu-west-1,iam,NXT-Training-Sagemaker-Role,unused_role,FAIL,role has never been used,MEDIUM
eu-west-1,iam,nxt_f3pa_sns_test-role-yrjasagi,unused_role,FAIL,role has never been used,MEDIUM
eu-west-1,iam,NXT_ingestion-role-6r03o18a,unused_role,FAIL,role has never been used,MEDIUM
eu-west-1,iam,NXT_ingestion_digiperf-role-qbmpc8li,unused_role,FAIL,role has never been used,MEDIUM
eu-west-1,iam,NXT_ingestion_digiperf_manual-role-oknhrhmm,unused_role,FAIL,role has never been used,MEDIUM
eu-west-1,iam,NXT_ingestion_imel-role-vuliitdd,unused_role,FAIL,role has never been used,MEDIUM
eu-west-1,iam,NXT_ingestion_imel_manual-role-6ydibp0g,unused_role,FAIL,role has never been used,MEDIUM
eu-west-1,iam,PAN-OS-assume-role,unused_role,FAIL,role has never been used,MEDIUM
eu-west-1,iam,parquet_reader-role-e29va325,unused_role,FAIL,role has never been used,MEDIUM
eu-west-1,iam,pdm-20230712121500967500000001,unused_role,FAIL,role has never been used,MEDIUM
eu-west-1,iam,pdm-gd-to-db-test-role-3ha9x1xy,unused_role,FAIL,role has never been used,MEDIUM
eu-west-1,iam,pdm-generic-role-for-developers,unused_role,FAIL,role has never been used,MEDIUM
eu-west-1,iam,pdm-influx-historian-descriptors-dynamodb-role-8fp04fst,unused_role,FAIL,role has never been used,MEDIUM
eu-west-1,iam,pdm-influx-historian-dynamodb,unused_role,FAIL,role has never been used,MEDIUM
eu-west-1,iam,pdm-influx-historian-dynamodb-role-k63223q6,unused_role,FAIL,role has never been used,MEDIUM
eu-west-1,iam,pdm-insert-update-dashboards-role-n5hkycq9,unused_role,FAIL,role has never been used,MEDIUM
eu-west-1,iam,pdm-rd-primary-sagemaker-inference-test-role-anl1s7v8,unused_role,FAIL,role has never been used,MEDIUM
eu-west-1,iam,pdm-scan-test-role-q189ycrd,unused_role,FAIL,role has never been used,MEDIUM
eu-west-1,iam,pdm-secondary-data-collector-test-role-havs6rl1,unused_role,FAIL,role has never been used,MEDIUM
eu-west-1,iam,pdm-test-dachi-alert-combiner-role-3m0el141,unused_role,FAIL,role has never been used,MEDIUM
eu-west-1,iam,pdm-threshold-proc-job-test-role-0gh9cpoe,unused_role,FAIL,role has never been used,MEDIUM
eu-west-1,iam,pdm_copy_files_stepfunction,unused_role,FAIL,role has never been used,MEDIUM
eu-west-1,iam,pdm_gql_role,unused_role,FAIL,role has never been used,MEDIUM
eu-west-1,iam,pdm_jenkins_user,unused_role,FAIL,role has never been used,MEDIUM
eu-west-1,iam,pdm_rotate_test-role-vn8no8ry,unused_role,FAIL,role has never been used,MEDIUM
eu-west-1,iam,PDM_sagemaker_processing_job,unused_role,FAIL,role has never been used,MEDIUM
eu-west-1,iam,pdm_sagemaker_uc1,unused_role,FAIL,role has never been used,MEDIUM
eu-west-1,iam,pdm_sns_message_function-role-fy285ogi,unused_role,FAIL,role has never been used,MEDIUM
eu-west-1,iam,pdm_subscription_test-role-9fqjldrk,unused_role,FAIL,role has never been used,MEDIUM
eu-west-1,iam,pge-20240306121528099500000004,unused_role,FAIL,role has never been used,MEDIUM
eu-west-1,iam,pge-20240306124900034800000003,unused_role,FAIL,role has never been used,MEDIUM
eu-west-1,iam,pge-iam-role,unused_role,FAIL,role has never been used,MEDIUM
eu-west-1,iam,pge-rds-data-purge-daily-role,unused_role,FAIL,role has never been used,MEDIUM
eu-west-1,iam,pge-rds-to-s3,unused_role,FAIL,role has never been used,MEDIUM
eu-west-1,iam,pg_daasodl-role-2vxfr4ai,unused_role,FAIL,role has never been used,MEDIUM
eu-west-1,iam,pg_daasodl-role-7g1lybgc,unused_role,FAIL,role has never been used,MEDIUM
eu-west-1,iam,pipe-el-ingestionIamRole-dev,unused_role,FAIL,role has never been used,MEDIUM
eu-west-1,iam,pipe-el-sdh-poc-role-wavig27q,unused_role,FAIL,role has never been used,MEDIUM
eu-west-1,iam,pipe-el-sdh-poc2-role-rfkzkl1u,unused_role,FAIL,role has never been used,MEDIUM
eu-west-1,iam,pipe-el-sdh-poc2-role-w6uaf4dw,unused_role,FAIL,role has never been used,MEDIUM
eu-west-1,iam,pipe-el-sdh-role-k69u3tec,unused_role,FAIL,role has never been used,MEDIUM
eu-west-1,iam,pmi-app-icloud-dev-dev-vault-lambda-role,unused_role,FAIL,role has never been used,MEDIUM
eu-west-1,iam,PMIICLOUDDEVBT-1-dev20230210111107143200000004,unused_role,FAIL,role has never been used,MEDIUM
eu-west-1,iam,POC-IIOT-7430-aszkuat,unused_role,FAIL,role has never been used,MEDIUM
eu-west-1,iam,poc_peo_role,unused_role,FAIL,role has never been used,MEDIUM
eu-west-1,iam,postgresqlTest-role-ehoskeri,unused_role,FAIL,role has never been used,MEDIUM
eu-west-1,iam,postgresqlTest-role-jooy5ivr,unused_role,FAIL,role has never been used,MEDIUM
eu-west-1,iam,prom-cw-metrics-extractor-role,unused_role,FAIL,role has never been used,MEDIUM
eu-west-1,iam,prom-cw-metrics-extractor-role-for-testing,unused_role,FAIL,role has never been used,MEDIUM
eu-west-1,iam,prova-role-2jjj79u3,unused_role,FAIL,role has never been used,MEDIUM
eu-west-1,iam,r-and-d-hub-offline-drift,unused_role,FAIL,role has never been used,MEDIUM
eu-west-1,iam,r-and-d-hub-offline-drift-role-ahqs3z85,unused_role,FAIL,role has never been used,MEDIUM
eu-west-1,iam,r-and-d-hub-offline-drift-role-l2kfkj2c,unused_role,FAIL,role has never been used,MEDIUM
eu-west-1,iam,raw-compacted-job-test-role,unused_role,FAIL,role has never been used,MEDIUM
eu-west-1,iam,raw-compacted-lambda-role-26rw2fe9,unused_role,FAIL,role has never been used,MEDIUM
eu-west-1,iam,raw-compacted-lambda-role-jy0yo72j,unused_role,FAIL,role has never been used,MEDIUM
eu-west-1,iam,raw-compacted-lambda-role-qsx8sruc,unused_role,FAIL,role has never been used,MEDIUM
eu-west-1,iam,raw_vs_compacted_lambda_dev-role-jq3syjwq,unused_role,FAIL,role has never been used,MEDIUM
eu-west-1,iam,rds-directoryservice-access-role,unused_role,FAIL,role has never been used,MEDIUM
eu-west-1,iam,rds-mon-digiperf-qa-20210916142236940700000004,unused_role,FAIL,role has never been used,MEDIUM
eu-west-1,iam,rds-monitoring-role,unused_role,FAIL,role has never been used,MEDIUM
eu-west-1,iam,rds-proxy-role-1646736753306,unused_role,FAIL,role has never been used,MEDIUM
eu-west-1,iam,rds-proxy-role-1646736796099,unused_role,FAIL,role has never been used,MEDIUM
eu-west-1,iam,rds_connection-lambda_role,unused_role,FAIL,role has never been used,MEDIUM
eu-west-1,iam,reconciliationDynamodbSchema-role-xwurfgjj,unused_role,FAIL,role has never been used,MEDIUM
eu-west-1,iam,redshift-mcp-eks-role,unused_role,FAIL,role has never been used,MEDIUM
eu-west-1,iam,redshift_poc,unused_role,FAIL,role has never been used,MEDIUM
eu-west-1,iam,roles-anywhere-role-test,unused_role,FAIL,role has never been used,MEDIUM
eu-west-1,iam,role_for_timestream_to_s3,unused_role,FAIL,role has never been used,MEDIUM
eu-west-1,iam,rotate_iam_user_creds-role-ki4quy8j,unused_role,FAIL,role has never been used,MEDIUM
eu-west-1,iam,s3-audit-security-logs,unused_role,FAIL,role has never been used,MEDIUM
eu-west-1,iam,s3apiRole,unused_role,FAIL,role has never been used,MEDIUM
eu-west-1,iam,SageMaker-NxtPoc,unused_role,FAIL,role has never been used,MEDIUM
eu-west-1,iam,sagemaker_iam_role_ic-pdm-create-endpoint,unused_role,FAIL,role has never been used,MEDIUM
eu-west-1,iam,schema_change_detection-lambda_role,unused_role,FAIL,role has never been used,MEDIUM
eu-west-1,iam,secret-expiration-azure-applications,unused_role,FAIL,role has never been used,MEDIUM
eu-west-1,iam,serverlessrepo-AthenaTimestrea-ConnectorConfigRole-71GG4M4LVOBO,unused_role,FAIL,role has never been used,MEDIUM
eu-west-1,iam,slc-assume-role-test-role-y04dpjjj,unused_role,FAIL,role has never been used,MEDIUM
eu-west-1,iam,slc-k8s-backend-role,unused_role,FAIL,role has never been used,MEDIUM
eu-west-1,iam,slc-lambda-role,unused_role,FAIL,role has never been used,MEDIUM
eu-west-1,iam,slc-textract-role,unused_role,FAIL,role has never been used,MEDIUM
eu-west-1,iam,slc-textract-sns-role,unused_role,FAIL,role has never been used,MEDIUM
eu-west-1,iam,slcpostgres-20260303084958044400000004,unused_role,FAIL,role has never been used,MEDIUM
eu-west-1,iam,slcTextractLambdaRole,unused_role,FAIL,role has never been used,MEDIUM
eu-west-1,iam,slcTextractSNSRole,unused_role,FAIL,role has never been used,MEDIUM
eu-west-1,iam,snow_member_access,unused_role,FAIL,role has never been used,MEDIUM
eu-west-1,iam,sns-lambda-test-function-daas-role-tf08idnl,unused_role,FAIL,role has never been used,MEDIUM
eu-west-1,iam,SNSDeliveryStatusFeedback,unused_role,FAIL,role has never been used,MEDIUM
eu-west-1,iam,SNSFailureFeedback,unused_role,FAIL,role has never been used,MEDIUM
eu-west-1,iam,snsLambdaPublish,unused_role,FAIL,role has never been used,MEDIUM
eu-west-1,iam,SNSSuccessFeedback,unused_role,FAIL,role has never been used,MEDIUM
eu-west-1,iam,SolaceCDCPOC_dms_role,unused_role,FAIL,role has never been used,MEDIUM
eu-west-1,iam,ssp-actual-etl-stop-logic-role-wny8n6be,unused_role,FAIL,role has never been used,MEDIUM
eu-west-1,iam,ssp-actuals-logic-role-ryjgscs9,unused_role,FAIL,role has never been used,MEDIUM
eu-west-1,iam,ssp-data-cleaner-role-emks6tvn,unused_role,FAIL,role has never been used,MEDIUM
eu-west-1,iam,ssp-data-test2-role-rq4m5wgz,unused_role,FAIL,role has never been used,MEDIUM
eu-west-1,iam,ssp-get-act-configuration-role-o9wm0ti4,unused_role,FAIL,role has never been used,MEDIUM
eu-west-1,iam,ssp-iam-role,unused_role,FAIL,role has never been used,MEDIUM
eu-west-1,iam,ssp-iiot-archive-role-bg8vgp71,unused_role,FAIL,role has never been used,MEDIUM
eu-west-1,iam,ssp-ingestion-test-role-nbuhawrf,unused_role,FAIL,role has never been used,MEDIUM
eu-west-1,iam,ssp-process-actuals-start-role-wyeqd48x,unused_role,FAIL,role has never been used,MEDIUM
eu-west-1,iam,ssp-process-logging-role-2a3c7pib,unused_role,FAIL,role has never been used,MEDIUM
eu-west-1,iam,ssp-process-raw-data-role-5jy77h45,unused_role,FAIL,role has never been used,MEDIUM
eu-west-1,iam,ssp-scan-live-folder-role-41w06qu9,unused_role,FAIL,role has never been used,MEDIUM
eu-west-1,iam,ssp-test-data-3-role-nvb8mrlj,unused_role,FAIL,role has never been used,MEDIUM
eu-west-1,iam,ssp-test-layer-role-r24jqaf8,unused_role,FAIL,role has never been used,MEDIUM
eu-west-1,iam,ssp-test-pd-role-ngjjpxun,unused_role,FAIL,role has never been used,MEDIUM
eu-west-1,iam,ssp-test-s3-role-hkoevcoz,unused_role,FAIL,role has never been used,MEDIUM
eu-west-1,iam,ssp-test-secrets-role-09dix8xd,unused_role,FAIL,role has never been used,MEDIUM
eu-west-1,iam,sspdatadiiotssp1-2022060211211197120000000a,unused_role,FAIL,role has never been used,MEDIUM
eu-west-1,iam,sspdatadiiotssp1-20230802081939315600000009,unused_role,FAIL,role has never been used,MEDIUM
eu-west-1,iam,sspdatadiiotssp1-replica-20250122155328249300000002,unused_role,FAIL,role has never been used,MEDIUM
eu-west-1,iam,ssp_alert_reaction-role-9b30vd5z,unused_role,FAIL,role has never been used,MEDIUM
eu-west-1,iam,ssp_technical_user,unused_role,FAIL,role has never been used,MEDIUM
eu-west-1,iam,ssp_test_lambda-role-7ivr40mb,unused_role,FAIL,role has never been used,MEDIUM
eu-west-1,iam,sssp-find-environment-role-2qr490i4,unused_role,FAIL,role has never been used,MEDIUM
eu-west-1,iam,stacksets-exec-c86f4246649f6a201f85647285c3481c,unused_role,FAIL,role has never been used,MEDIUM
eu-west-1,iam,start-amcs-itgf-job-role-0qg7n71s,unused_role,FAIL,role has never been used,MEDIUM
eu-west-1,iam,StepFunctions-compact-digiperf-api-data-for-range-role-rzdxnckpl,unused_role,FAIL,role has never been used,MEDIUM
eu-west-1,iam,StepFunctions-DimLossStateMachine-MAP-role-4857e00f,unused_role,FAIL,role has never been used,MEDIUM
eu-west-1,iam,StepFunctions-gemt-ssis-deleteme-role-xk2aln3ty,unused_role,FAIL,role has never been used,MEDIUM
eu-west-1,iam,StepFunctions-gemt-ssis-step-function-role-7e521604,unused_role,FAIL,role has never been used,MEDIUM
eu-west-1,iam,StepFunctions-greenup-uad-data-pipeline-state-flo-role-40fw5it8c,unused_role,FAIL,role has never been used,MEDIUM
eu-west-1,iam,StepFunctions-ic-pdm-gd-bulk-pipeline-role-6dc6166b,unused_role,FAIL,role has never been used,MEDIUM
eu-west-1,iam,StepFunctions-ic-pdm-gd-combiners-events-bulk-pipe-role-39a0ca26,unused_role,FAIL,role has never been used,MEDIUM
eu-west-1,iam,StepFunctions-ic-pdm-sf-secondary-massive-retrain-role-do5yg8t48,unused_role,FAIL,role has never been used,MEDIUM
eu-west-1,iam,StepFunctions-iitops-ic-ssp-integration-flow-sf-da-role-67096cd7,unused_role,FAIL,role has never been used,MEDIUM
eu-west-1,iam,StepFunctions-iitops-ic-ssp-integration-flow-sf-di-role-0ec35e8a,unused_role,FAIL,role has never been used,MEDIUM
eu-west-1,iam,StepFunctions-iitops-ic-ssp-integration-flow-sf-di-role-42fd7cca,unused_role,FAIL,role has never been used,MEDIUM
eu-west-1,iam,StepFunctions-iitops-ic-ssp-integration-flow-sf-di-role-ff88a8c2,unused_role,FAIL,role has never been used,MEDIUM
eu-west-1,iam,StepFunctions-ingest-digiperf-api-data-for-range-role-g6kyfnds8,unused_role,FAIL,role has never been used,MEDIUM
eu-west-1,iam,StepFunctions-MySSPStateMachine-role-75efadc2,unused_role,FAIL,role has never been used,MEDIUM
eu-west-1,iam,StepFunctions-MyStateMachine-role-472df47f,unused_role,FAIL,role has never been used,MEDIUM
eu-west-1,iam,StepFunctions-MyStateMachine-role-ee2ef510,unused_role,FAIL,role has never been used,MEDIUM
eu-west-1,iam,StepFunctions-pdm-gima-flow-role-92d12fe3,unused_role,FAIL,role has never been used,MEDIUM
eu-west-1,iam,StepFunctions-pdm-test-new-trigger-role-kjghd4f0k,unused_role,FAIL,role has never been used,MEDIUM
eu-west-1,iam,StepFunctions-PDMAnomalyTestStateMachine-role-9f2ea69d,unused_role,FAIL,role has never been used,MEDIUM
eu-west-1,iam,StepFunctions-PDM_secondary-role-5d7db366,unused_role,FAIL,role has never been used,MEDIUM
eu-west-1,iam,StepFunctions-SSP-ActualsStart-role-39f5c526,unused_role,FAIL,role has never been used,MEDIUM
eu-west-1,iam,StepFunctions-ssp-iiot-ic-act-stop-activator-role-c09674a3,unused_role,FAIL,role has never been used,MEDIUM
eu-west-1,iam,StepFunctions-testGlue-role-ba09ed51,unused_role,FAIL,role has never been used,MEDIUM
eu-west-1,iam,storageclass-transition-from-standard-to-glacier-role-ja3d2d8y,unused_role,FAIL,role has never been used,MEDIUM
eu-west-1,iam,tenableio-connector,unused_role,FAIL,role has never been used,MEDIUM
eu-west-1,iam,test-arn-role-zqm2bz0h,unused_role,FAIL,role has never been used,MEDIUM
eu-west-1,iam,test-connection-influxdb-buffer-role-94z7ms6g,unused_role,FAIL,role has never been used,MEDIUM
eu-west-1,iam,test-edge-report-processor-function-role-ma91tc7b,unused_role,FAIL,role has never been used,MEDIUM
eu-west-1,iam,test-influx-call-role-34lcge1o,unused_role,FAIL,role has never been used,MEDIUM
eu-west-1,iam,test-pdm-input-data-2-role-igfohoyt,unused_role,FAIL,role has never been used,MEDIUM
eu-west-1,iam,test-pdm-input-data-3-role-f22yc0aj,unused_role,FAIL,role has never been used,MEDIUM
eu-west-1,iam,test-pdm-input-data-role-zbqq5870,unused_role,FAIL,role has never been used,MEDIUM
eu-west-1,iam,test-postgres-token-role-rdmgykmi,unused_role,FAIL,role has never been used,MEDIUM
eu-west-1,iam,test-publish-role-ngbzqqzx,unused_role,FAIL,role has never been used,MEDIUM
eu-west-1,iam,test-role-0pig3gmf,unused_role,FAIL,role has never been used,MEDIUM
eu-west-1,iam,test-role-3ncs07kl,unused_role,FAIL,role has never been used,MEDIUM
eu-west-1,iam,test-role-eu89nxaz,unused_role,FAIL,role has never been used,MEDIUM
eu-west-1,iam,test-role-rs0e68jg,unused_role,FAIL,role has never been used,MEDIUM
eu-west-1,iam,test-rust-fn-role-aehvdnu8,unused_role,FAIL,role has never been used,MEDIUM
eu-west-1,iam,test-sns-publish-role-g7hq2c5k,unused_role,FAIL,role has never been used,MEDIUM
eu-west-1,iam,test-vault-role-rw4jur1v,unused_role,FAIL,role has never been used,MEDIUM
eu-west-1,iam,testAwsDataWrangler-role-nh1qcph1,unused_role,FAIL,role has never been used,MEDIUM
eu-west-1,iam,TestBootstrap-role-f9u4bxff,unused_role,FAIL,role has never been used,MEDIUM
eu-west-1,iam,testBucket-role-n9b15ow6,unused_role,FAIL,role has never been used,MEDIUM
eu-west-1,iam,testdb-role-2c1d5ib3,unused_role,FAIL,role has never been used,MEDIUM
eu-west-1,iam,TestGlueDetailsLambda,unused_role,FAIL,role has never been used,MEDIUM
eu-west-1,iam,TestGlueJobDetails-role-tduo5tet,unused_role,FAIL,role has never been used,MEDIUM
eu-west-1,iam,testing-role-5zu0j3vf,unused_role,FAIL,role has never been used,MEDIUM
eu-west-1,iam,testing-role-bqdwd6u6,unused_role,FAIL,role has never been used,MEDIUM
eu-west-1,iam,testingInfluxDb-role-baah1k6x,unused_role,FAIL,role has never been used,MEDIUM
eu-west-1,iam,testtDigiperf-role-7k5jmvwv,unused_role,FAIL,role has never been used,MEDIUM
eu-west-1,iam,Test_Connect_Amazon_Influx-role-gucfkemk,unused_role,FAIL,role has never been used,MEDIUM
eu-west-1,iam,test_daas_lambda-role-6nyf8b7o,unused_role,FAIL,role has never been used,MEDIUM
eu-west-1,iam,test_daas_lambda_2-role-cj2r4krp,unused_role,FAIL,role has never been used,MEDIUM
eu-west-1,iam,test_daas_lambda_3-role-daygy8xo,unused_role,FAIL,role has never been used,MEDIUM
eu-west-1,iam,test_daas_role,unused_role,FAIL,role has never been used,MEDIUM
eu-west-1,iam,test_lambda-role-5vqinhbs,unused_role,FAIL,role has never been used,MEDIUM
eu-west-1,iam,test_policy-role-fz4lhu35,unused_role,FAIL,role has never been used,MEDIUM
eu-west-1,iam,test_slc_post_textract-role-1hmdpys7,unused_role,FAIL,role has never been used,MEDIUM
eu-west-1,iam,test_slc_textract-role-crkgo4y9,unused_role,FAIL,role has never been used,MEDIUM
eu-west-1,iam,test_smb-role-lrdgufo6,unused_role,FAIL,role has never been used,MEDIUM
eu-west-1,iam,test_var_cron-role-837isndx,unused_role,FAIL,role has never been used,MEDIUM
eu-west-1,iam,timestream_connect_Function-role-3mmoovt3,unused_role,FAIL,role has never been used,MEDIUM
eu-west-1,iam,timestream_ec2_instance_role,unused_role,FAIL,role has never been used,MEDIUM
eu-west-1,iam,tlz_avm_automation,unused_role,FAIL,role has never been used,MEDIUM
eu-west-1,iam,tlz_awsconfig,unused_role,FAIL,role has never been used,MEDIUM
eu-west-1,iam,tlz_csa_security_audit,unused_role,FAIL,role has never been used,MEDIUM
eu-west-1,iam,tlz_csa_security_audit_dev,unused_role,FAIL,role has never been used,MEDIUM
eu-west-1,iam,tlz_organization_account_access_role,unused_role,FAIL,role has never been used,MEDIUM
eu-west-1,iam,transition-from-standard-to-glacier,unused_role,FAIL,role has never been used,MEDIUM
eu-west-1,iam,trigger-kpi-target-loading-role-cga08l63,unused_role,FAIL,role has never been used,MEDIUM
eu-west-1,iam,uad-daas-redshift-role,unused_role,FAIL,role has never been used,MEDIUM
eu-west-1,iam,uad_sagemaker,unused_role,FAIL,role has never been used,MEDIUM
eu-west-1,iam,vault-lambda-iam-role,unused_role,FAIL,role has never been used,MEDIUM
eu-west-1,iam,VPCFlowLogsRole,unused_role,FAIL,role has never been used,MEDIUM
eu-west-1,iam,VPC_Cloudwatch,unused_role,FAIL,role has never been used,MEDIUM
eu-west-1,iam,wsl-dev-dev20260327154557883900000002,unused_role,FAIL,role has never been used,MEDIUM
eu-west-1,iam,ztqa-20210304075936209200000005,unused_role,FAIL,role has never been used,MEDIUM
eu-west-1,iam,icedge-test-user/AKIAUH3OAZNBH3AFKNWH,unused_access_key,FAIL,active access key has never been used,HIGH
eu-west-1,iam,ssp_ch01_specs_diiot-ssp-1/AKIAUH3OAZNBCDDB6NMS,unused_access_key,FAIL,active access key has never been used,HIGH
eu-west-1,iam,ssp_cz71_specs_diiot-ssp-1/AKIAUH3OAZNBDY6EUBOR,unused_access_key,FAIL,active access key has never been used,HIGH
eu-west-1,iam,ssp_rs7z_specs_diiot-ssp-1/AKIAUH3OAZNBIMUAJKFD,unused_access_key,FAIL,active access key has never been used,HIGH
eu-west-1,iam,ssp_ua06_specs_diiot-ssp-1/AKIAUH3OAZNBGZG43WP7,unused_access_key,FAIL,active access key has never been used,HIGH
eu-west-1,iam,ssp_lt01_specs_diiot-ssp-1/AKIAUH3OAZNBOKVVHM7M,unused_access_key,FAIL,active access key has never been used,HIGH
eu-west-1,iam,ssp_gr70_specs_diiot-ssp-1/AKIAUH3OAZNBBNQVINMM,unused_access_key,FAIL,active access key has never been used,HIGH
eu-west-1,iam,ssp_itgf_specs_diiot-ssp-1/AKIAUH3OAZNBDQHOKK3O,unused_access_key,FAIL,active access key has never been used,HIGH
eu-west-1,iam,ssp_ittc_specs_diiot-ssp-1/AKIAUH3OAZNBKMO6UBUY,unused_access_key,FAIL,active access key has never been used,HIGH
eu-west-1,iam,ssp_kz03_specs_diiot-ssp-1/AKIAUH3OAZNBL6VRWSQW,unused_access_key,FAIL,active access key has never been used,HIGH
eu-west-1,iam,ssp_kz70_specs_diiot-ssp-1/AKIAUH3OAZNBMDFVW5WU,unused_access_key,FAIL,active access key has never been used,HIGH
eu-west-1,iam,ssp_pt01_specs_diiot-ssp-1/AKIAUH3OAZNBK6NYSM4Y,unused_access_key,FAIL,active access key has never been used,HIGH
eu-west-1,iam,icloud-archive-athena-user-p1p-us76-dev/AKIAUH3OAZNBKIHFUWMG,unused_access_key,FAIL,active access key has never been used,HIGH
eu-west-1,iam,icloud-archive-athena-user-p1p-itgf-dev/AKIAUH3OAZNBFMYHNARU,unused_access_key,FAIL,active access key has never been used,HIGH
eu-west-1,iam,ssp_pl02_specs_diiot-ssp-1/AKIAUH3OAZNBE32SSAEK,unused_access_key,FAIL,active access key has never been used,HIGH
eu-west-1,iam,vault_svc/AKIAUH3OAZNBLGZR6D6U,unused_access_key,FAIL,active access key has never been used,HIGH
eu-west-1,secrets_manager,git-for-pdm-secret,secret_rotation,FAIL,"rotation_enabled=false, never_rotated=true",HIGH
eu-west-1,secrets_manager,iitops-ic-awacs-jwt-secret,secret_rotation,FAIL,"rotation_enabled=false, never_rotated=true",HIGH
eu-west-1,secrets_manager,Integration-test-pwd,secret_rotation,FAIL,"rotation_enabled=false, never_rotated=true",HIGH
eu-west-1,secrets_manager,pdm-inputdata-dev,secret_rotation,FAIL,"rotation_enabled=false, never_rotated=true",HIGH
eu-west-1,secrets_manager,daas-odl-rds-dev,secret_rotation,FAIL,"rotation_enabled=false, never_rotated=true",HIGH
eu-west-1,secrets_manager,iitops-ic-awacs-acc-endpoint,secret_rotation,FAIL,"rotation_enabled=false, never_rotated=true",HIGH
eu-west-1,secrets_manager,historian-qa-pdm-auth,secret_rotation,FAIL,"rotation_enabled=false, never_rotated=true",HIGH
eu-west-1,secrets_manager,pge-buffering-db,secret_rotation,FAIL,"rotation_enabled=false, never_rotated=true",HIGH
eu-west-1,secrets_manager,daas-spa-db-dev-TF,secret_rotation,FAIL,"rotation_enabled=false, never_rotated=true",HIGH
eu-west-1,secrets_manager,daas-snowflake-technical-user-TF,secret_rotation,FAIL,"rotation_enabled=false, never_rotated=true",HIGH
eu-west-1,secrets_manager,ssp_integration_tests_user,secret_rotation,FAIL,"rotation_enabled=false, never_rotated=true",HIGH
eu-west-1,secrets_manager,pdm-historian-db,secret_rotation,FAIL,"rotation_enabled=false, never_rotated=true",HIGH
eu-west-1,secrets_manager,iiot_pdm_sns_message_function_auth,secret_rotation,FAIL,"rotation_enabled=false, never_rotated=true",HIGH
eu-west-1,secrets_manager,pdm-it-bol-historian-db,secret_rotation,FAIL,"rotation_enabled=false, never_rotated=true",HIGH
eu-west-1,secrets_manager,pdm-it-bol-buffering-db,secret_rotation,FAIL,"rotation_enabled=false, never_rotated=true",HIGH
eu-west-1,secrets_manager,pge-api-secret,secret_rotation,FAIL,"rotation_enabled=false, never_rotated=true",HIGH
eu-west-1,secrets_manager,pdm_sns_message_function_auth,secret_rotation,FAIL,"rotation_enabled=false, never_rotated=true",HIGH
eu-west-1,secrets_manager,pge-tmp-prd-daas-secret,secret_rotation,FAIL,"rotation_enabled=false, never_rotated=true",HIGH
eu-west-1,secrets_manager,icloud-private-cert,secret_rotation,FAIL,"rotation_enabled=false, never_rotated=true",HIGH
eu-west-1,secrets_manager,integration-test-pwd-diiot-ssp-1,secret_rotation,FAIL,"rotation_enabled=false, never_rotated=true",HIGH
eu-west-1,secrets_manager,art.pmideep.com,secret_rotation,FAIL,"rotation_enabled=false, never_rotated=true",HIGH
eu-west-1,secrets_manager,masterdatasync-api-user,secret_rotation,FAIL,"rotation_enabled=false, never_rotated=true",HIGH
eu-west-1,secrets_manager,awacs-mongodb-credentials,secret_rotation,FAIL,"rotation_enabled=false, never_rotated=true",HIGH
eu-west-1,secrets_manager,pge-postgres-secret,secret_rotation,FAIL,"rotation_enabled=false, never_rotated=true",HIGH
eu-west-1,secrets_manager,cido-rds-secret,secret_rotation,FAIL,"rotation_enabled=false, never_rotated=true",HIGH
eu-west-1,secrets_manager,cido-rds-secret-manual,secret_rotation,FAIL,"rotation_enabled=false, never_rotated=true",HIGH
eu-west-1,secrets_manager,cido-rds-credentials,secret_rotation,FAIL,"rotation_enabled=false, never_rotated=true",HIGH
eu-west-1,secrets_manager,pdm-ro-oto-historian-db,secret_rotation,FAIL,"rotation_enabled=false, never_rotated=true",HIGH
eu-west-1,secrets_manager,pdm-ro-oto-buffering-db,secret_rotation,FAIL,"rotation_enabled=false, never_rotated=true",HIGH
eu-west-1,secrets_manager,pdm-ch-neu-historian-db,secret_rotation,FAIL,"rotation_enabled=false, never_rotated=true",HIGH
eu-west-1,secrets_manager,pdm-ch-neu-buffering-db,secret_rotation,FAIL,"rotation_enabled=false, never_rotated=true",HIGH
eu-west-1,secrets_manager,pdm_sftp,secret_rotation,FAIL,"rotation_enabled=false, never_rotated=true",HIGH
eu-west-1,secrets_manager,dimloss-etl-affiliats-dev-aws,secret_rotation,FAIL,"rotation_enabled=false, never_rotated=true",HIGH
eu-west-1,secrets_manager,pge-rds-credentials,secret_rotation,FAIL,"rotation_enabled=false, never_rotated=true",HIGH
eu-west-1,secrets_manager,awacs/vernemq-credentials,secret_rotation,FAIL,"rotation_enabled=false, never_rotated=true",HIGH
eu-west-1,secrets_manager,ro-oto-historian-token,secret_rotation,FAIL,"rotation_enabled=false, never_rotated=true",HIGH
eu-west-1,secrets_manager,ch-neu-historian-token,secret_rotation,FAIL,"rotation_enabled=false, never_rotated=true",HIGH
eu-west-1,secrets_manager,temp_pdm,secret_rotation,FAIL,"rotation_enabled=false, never_rotated=true",HIGH
eu-west-1,secrets_manager,daas-opensearch-secret,secret_rotation,FAIL,"rotation_enabled=false, never_rotated=true",HIGH
eu-west-1,secrets_manager,elasticsearch_credentials,secret_rotation,FAIL,"rotation_enabled=false, never_rotated=true",HIGH
eu-west-1,secrets_manager,iiot_awacs_cora_config,secret_rotation,FAIL,"rotation_enabled=false, never_rotated=true",HIGH
eu-west-1,secrets_manager,itgf-mfg-sec-iam-auth-api-dev-aad-aws,secret_rotation,FAIL,"rotation_enabled=false, never_rotated=true",HIGH
eu-west-1,secrets_manager,pdm-gr-asp-buffering-db,secret_rotation,FAIL,"rotation_enabled=false, never_rotated=true",HIGH
eu-west-1,secrets_manager,pdm-gr-asp-historian-db,secret_rotation,FAIL,"rotation_enabled=false, never_rotated=true",HIGH
eu-west-1,secrets_manager,pdm-kr-ysn-historian-db,secret_rotation,FAIL,"rotation_enabled=false, never_rotated=true",HIGH
eu-west-1,secrets_manager,pdm-kr-ysn-buffering-db,secret_rotation,FAIL,"rotation_enabled=false, never_rotated=true",HIGH
eu-west-1,secrets_manager,pdm_sftp_IT-BOL,secret_rotation,FAIL,"rotation_enabled=false, never_rotated=true",HIGH
eu-west-1,secrets_manager,pdm_ssis_user,secret_rotation,FAIL,"rotation_enabled=false, never_rotated=true",HIGH
eu-west-1,secrets_manager,ssp_build_server_ssh_key_diiot-ssp-1,secret_rotation,FAIL,"rotation_enabled=false, never_rotated=true",HIGH
eu-west-1,secrets_manager,gemt-ssis-etl,secret_rotation,FAIL,"rotation_enabled=false, never_rotated=true",HIGH
eu-west-1,secrets_manager,leaf/leaf-crop,secret_rotation,FAIL,"rotation_enabled=false, never_rotated=true",HIGH
eu-west-1,secrets_manager,msokm-rds-credentials,secret_rotation,FAIL,"rotation_enabled=false, never_rotated=true",HIGH
eu-west-1,secrets_manager,leaf/leaf-clust,secret_rotation,FAIL,"rotation_enabled=false, never_rotated=true",HIGH
eu-west-1,secrets_manager,leaf/jwt-secret,secret_rotation,FAIL,"rotation_enabled=false, never_rotated=true",HIGH
eu-west-1,secrets_manager,acc/iitops-ic-awacs-config-api,secret_rotation,FAIL,"rotation_enabled=false, never_rotated=true",HIGH
eu-west-1,secrets_manager,settings-management/iitops-ic-awacs-settings-api,secret_rotation,FAIL,"rotation_enabled=false, never_rotated=true",HIGH
eu-west-1,secrets_manager,settings-management/jwt-secret,secret_rotation,FAIL,"rotation_enabled=false, never_rotated=true",HIGH
eu-west-1,secrets_manager,jenkins_brinqa,secret_rotation,FAIL,"rotation_enabled=false, never_rotated=true",HIGH
eu-west-1,secrets_manager,mgolczyk_ec2.pem,secret_rotation,FAIL,"rotation_enabled=false, never_rotated=true",HIGH
eu-west-1,secrets_manager,pdm_sftp_CH-NEU,secret_rotation,FAIL,"rotation_enabled=false, never_rotated=true",HIGH
eu-west-1,secrets_manager,pdm_sftp_RO-OTO,secret_rotation,FAIL,"rotation_enabled=false, never_rotated=true",HIGH
eu-west-1,secrets_manager,ssp_rds_users_diiot-ssp-1,secret_rotation,FAIL,"rotation_enabled=false, never_rotated=true",HIGH
eu-west-1,secrets_manager,rds_test_mgolczyk,secret_rotation,FAIL,"rotation_enabled=false, never_rotated=true",HIGH
eu-west-1,secrets_manager,integration-test-pwd-diiot-ssp-gitops,secret_rotation,FAIL,"rotation_enabled=false, never_rotated=true",HIGH
eu-west-1,secrets_manager,ssp_rds_users_diiot-ssp-gitops,secret_rotation,FAIL,"rotation_enabled=false, never_rotated=true",HIGH
eu-west-1,secrets_manager,predictive_users_to_store,secret_rotation,FAIL,"rotation_enabled=false, never_rotated=true",HIGH
eu-west-1,secrets_manager,mgolczyk-password-autorotation1,secret_rotation,FAIL,"rotation_enabled=false, days_since_rotated=1186",MEDIUM
eu-west-1,secrets_manager,icloud-awacs/redis-user,secret_rotation,FAIL,"rotation_enabled=false, never_rotated=true",HIGH
eu-west-1,secrets_manager,icloud-dev-service-account-secret,secret_rotation,FAIL,"rotation_enabled=false, never_rotated=true",HIGH
eu-west-1,secrets_manager,secret/ing/dev/icloud/influx/itgf/credential,secret_rotation,FAIL,"rotation_enabled=false, never_rotated=true",HIGH
eu-west-1,secrets_manager,secret/ing/dev/icloud/influx/ro70/credential,secret_rotation,FAIL,"rotation_enabled=false, never_rotated=true",HIGH
eu-west-1,secrets_manager,hcv-icloud-approle-dev,secret_rotation,FAIL,"rotation_enabled=false, never_rotated=true",HIGH
eu-west-1,secrets_manager,ic-awacs-portal-be-email-rds,secret_rotation,FAIL,"rotation_enabled=false, never_rotated=true",HIGH
eu-west-1,secrets_manager,pdm-tr-izm-historian-db,secret_rotation,FAIL,"rotation_enabled=false, never_rotated=true",HIGH
eu-west-1,secrets_manager,pdm-tr-izm-buffering-db,secret_rotation,FAIL,"rotation_enabled=false, never_rotated=true",HIGH
eu-west-1,secrets_manager,icloud-awacs/ic-awacs-appshell,secret_rotation,FAIL,"rotation_enabled=false, never_rotated=true",HIGH
eu-west-1,secrets_manager,pdm-pl-krk-buffering-db,secret_rotation,FAIL,"rotation_enabled=false, never_rotated=true",HIGH
eu-west-1,secrets_manager,pdm-pl-krk-historian-db,secret_rotation,FAIL,"rotation_enabled=false, never_rotated=true",HIGH
eu-west-1,secrets_manager,pdm-gd-alephsoftware-user-dev,secret_rotation,FAIL,"rotation_enabled=false, never_rotated=true",HIGH
eu-west-1,secrets_manager,cora/redis-user,secret_rotation,FAIL,"rotation_enabled=false, never_rotated=true",HIGH
eu-west-1,secrets_manager,msokm-rds-credentials_temp,secret_rotation,FAIL,"rotation_enabled=false, never_rotated=true",HIGH
eu-west-1,secrets_manager,diiot-ssp-1-rosa-db,secret_rotation,FAIL,"rotation_enabled=false, never_rotated=true",HIGH
eu-west-1,secrets_manager,diiot-ssp-gitops-rosa-db,secret_rotation,FAIL,"rotation_enabled=false, never_rotated=true",HIGH
eu-west-1,secrets_manager,diiot-ssp-1-rds-root-user,secret_rotation,FAIL,"rotation_enabled=false, never_rotated=true",HIGH
eu-west-1,secrets_manager,pdm_jenkins_user,secret_rotation,FAIL,"rotation_enabled=false, never_rotated=true",HIGH
eu-west-1,secrets_manager,diiot-ssp-1-docdb-root-user,secret_rotation,FAIL,"rotation_enabled=false, never_rotated=true",HIGH
eu-west-1,secrets_manager,cido_broker,secret_rotation,FAIL,"rotation_enabled=false, never_rotated=true",HIGH
eu-west-1,secrets_manager,cido_influx,secret_rotation,FAIL,"rotation_enabled=false, never_rotated=true",HIGH
eu-west-1,secrets_manager,leaf/redis-user,secret_rotation,FAIL,"rotation_enabled=false, never_rotated=true",HIGH
eu-west-1,secrets_manager,icloud-awacs/redis-default-user,secret_rotation,FAIL,"rotation_enabled=false, never_rotated=true",HIGH
eu-west-1,secrets_manager,sqlworkbench!6df7a893-68a9-4d65-842e-c01d881b12b1,secret_rotation,FAIL,"rotation_enabled=false, never_rotated=true",HIGH
eu-west-1,secrets_manager,sqlworkbench!35254e8f-b075-49bc-957e-68bc3675535f,secret_rotation,FAIL,"rotation_enabled=false, never_rotated=true",HIGH
eu-west-1,secrets_manager,sqlworkbench!e2c6a1a9-1eb1-420c-9b5b-88332df43835,secret_rotation,FAIL,"rotation_enabled=false, never_rotated=true",HIGH
eu-west-1,secrets_manager,sqlworkbench!6a7711af-57e6-4661-a111-ce3f353d853d,secret_rotation,FAIL,"rotation_enabled=false, never_rotated=true",HIGH
eu-west-1,secrets_manager,sqlworkbench!670cc64d-e670-4c27-b781-39f6bc03e25a,secret_rotation,FAIL,"rotation_enabled=false, never_rotated=true",HIGH
eu-west-1,secrets_manager,sqlworkbench!0aa563b8-1606-489c-a50b-25f19e8f8650,secret_rotation,FAIL,"rotation_enabled=false, never_rotated=true",HIGH
eu-west-1,secrets_manager,sqlworkbench!16751c86-8a6f-4392-8284-7487a3cef958,secret_rotation,FAIL,"rotation_enabled=false, never_rotated=true",HIGH
eu-west-1,secrets_manager,secret/icloud-ingestion/vault/dev/credential,secret_rotation,FAIL,"rotation_enabled=false, never_rotated=true",HIGH
eu-west-1,secrets_manager,sqlworkbench!a824936f-c419-4748-8bd4-ddcac64697e7,secret_rotation,FAIL,"rotation_enabled=false, never_rotated=true",HIGH
eu-west-1,secrets_manager,dev/proxima,secret_rotation,FAIL,"rotation_enabled=false, never_rotated=true",HIGH
eu-west-1,secrets_manager,diiot-ssp-1_ssp_integration_tests_user,secret_rotation,FAIL,"rotation_enabled=false, never_rotated=true",HIGH
eu-west-1,secrets_manager,diiot-ssp-gitops_ssp_integration_tests_user,secret_rotation,FAIL,"rotation_enabled=false, never_rotated=true",HIGH
eu-west-1,secrets_manager,sqlworkbench!c4c863e6-d5ed-429e-ae1d-041300350e89,secret_rotation,FAIL,"rotation_enabled=false, never_rotated=true",HIGH
eu-west-1,secrets_manager,pdm_mysql_password,secret_rotation,FAIL,"rotation_enabled=true, days_since_rotated=151",MEDIUM
eu-west-1,secrets_manager,ssp_data_ingestion_diiot-ssp-1,secret_rotation,FAIL,"rotation_enabled=false, never_rotated=true",HIGH
eu-west-1,secrets_manager,nxt-primary-mqtt-user,secret_rotation,FAIL,"rotation_enabled=false, never_rotated=true",HIGH
eu-west-1,secrets_manager,msodsts-rds-credentials,secret_rotation,FAIL,"rotation_enabled=false, never_rotated=true",HIGH
eu-west-1,secrets_manager,pge_secret,secret_rotation,FAIL,"rotation_enabled=false, never_rotated=true",HIGH
eu-west-1,secrets_manager,pge_broker,secret_rotation,FAIL,"rotation_enabled=false, never_rotated=true",HIGH
eu-west-1,secrets_manager,pge_credentials,secret_rotation,FAIL,"rotation_enabled=false, never_rotated=true",HIGH
eu-west-1,secrets_manager,msokm_credentials,secret_rotation,FAIL,"rotation_enabled=false, never_rotated=true",HIGH
eu-west-1,secrets_manager,msodsts_credentials,secret_rotation,FAIL,"rotation_enabled=false, never_rotated=true",HIGH
eu-west-1,secrets_manager,cido_credentials,secret_rotation,FAIL,"rotation_enabled=false, never_rotated=true",HIGH
eu-west-1,secrets_manager,gemt_credentials,secret_rotation,FAIL,"rotation_enabled=false, never_rotated=true",HIGH
eu-west-1,secrets_manager,mgolczyk_test,secret_rotation,FAIL,"rotation_enabled=false, never_rotated=true",HIGH
eu-west-1,secrets_manager,ssp_be_deployment_diiot-ssp-1,secret_rotation,FAIL,"rotation_enabled=false, never_rotated=true",HIGH
eu-west-1,secrets_manager,AmazonMSK_solace_cdc_poc_dms,secret_rotation,FAIL,"rotation_enabled=false, never_rotated=true",HIGH
eu-west-1,secrets_manager,AmazonMSK_solace_cdc_poc_solace,secret_rotation,FAIL,"rotation_enabled=false, never_rotated=true",HIGH
eu-west-1,secrets_manager,rds!db-478ff12a-dea2-43ea-a89d-4e43574e6c7b,secret_rotation,PASS,"rotation_enabled=true, days_since_rotated=2",MINIMAL
eu-west-1,secrets_manager,daas-imel-fdw/daasadmin,secret_rotation,FAIL,"rotation_enabled=false, never_rotated=true",HIGH
eu-west-1,secrets_manager,pdm_gql_config,secret_rotation,FAIL,"rotation_enabled=false, never_rotated=true",HIGH
eu-west-1,secrets_manager,ph_docker_artifactory,secret_rotation,FAIL,"rotation_enabled=false, never_rotated=true",HIGH
eu-west-1,secrets_manager,pge_credentials__argocd,secret_rotation,FAIL,"rotation_enabled=false, never_rotated=true",HIGH
eu-west-1,secrets_manager,pge_tf_credentials,secret_rotation,FAIL,"rotation_enabled=false, never_rotated=true",HIGH
eu-west-1,secrets_manager,ssp_secrets_diiot-ssp-1,secret_rotation,FAIL,"rotation_enabled=false, never_rotated=true",HIGH
eu-west-1,secrets_manager,ssp_secrets_diiot-ssp-gitops,secret_rotation,FAIL,"rotation_enabled=false, never_rotated=true",HIGH
eu-west-1,secrets_manager,ssp__diiot-ssp-1__argocd,secret_rotation,FAIL,"rotation_enabled=false, never_rotated=true",HIGH
eu-west-1,secrets_manager,ssp__diiot-ssp-gitops__argocd,secret_rotation,FAIL,"rotation_enabled=false, never_rotated=true",HIGH
eu-west-1,secrets_manager,cido_tf_credentials,secret_rotation,FAIL,"rotation_enabled=false, never_rotated=true",HIGH
eu-west-1,secrets_manager,msokm-jwt-token,secret_rotation,FAIL,"rotation_enabled=false, never_rotated=true",HIGH
eu-west-1,secrets_manager,cido-broker,secret_rotation,FAIL,"rotation_enabled=false, never_rotated=true",HIGH
eu-west-1,secrets_manager,cido-influx,secret_rotation,FAIL,"rotation_enabled=false, never_rotated=true",HIGH
eu-west-1,secrets_manager,msokm-credentials,secret_rotation,FAIL,"rotation_enabled=false, never_rotated=true",HIGH
eu-west-1,secrets_manager,msodsts_tf_credentials,secret_rotation,FAIL,"rotation_enabled=false, never_rotated=true",HIGH
eu-west-1,secrets_manager,iitops-ic-awacs-ssp-engine-api-diiot-ssp-1-__argocd,secret_rotation,FAIL,"rotation_enabled=false, never_rotated=true",HIGH
eu-west-1,secrets_manager,gql_config__argocd,secret_rotation,FAIL,"rotation_enabled=false, never_rotated=true",HIGH
eu-west-1,secrets_manager,AmazonMSK_icloud-msk-scram,secret_rotation,FAIL,"rotation_enabled=false, never_rotated=true",HIGH
eu-west-1,secrets_manager,diiot-ssp-1-rds-replica-root-user,secret_rotation,FAIL,"rotation_enabled=false, never_rotated=true",HIGH
eu-west-1,secrets_manager,app-secret-expiration-secret-value,secret_rotation,FAIL,"rotation_enabled=false, never_rotated=true",HIGH
eu-west-1,secrets_manager,ssp_technical_user,secret_rotation,FAIL,"rotation_enabled=false, never_rotated=true",HIGH
eu-west-1,secrets_manager,/terraform/ssp/qiiot-ssp-preprd-iitops-ic-awacs-ssp-config-api,secret_rotation,FAIL,"rotation_enabled=false, never_rotated=true",HIGH
eu-west-1,secrets_manager,/terraform/ssp/diiot-ssp-1-iitops-ic-awacs-ssp-config-api,secret_rotation,FAIL,"rotation_enabled=false, never_rotated=true",HIGH
eu-west-1,secrets_manager,/terraform/ssp/diiot-ssp-1-iitops-ic-awacs-ssp-masterdatasync-api,secret_rotation,FAIL,"rotation_enabled=false, never_rotated=true",HIGH
eu-west-1,secrets_manager,/terraform/ssp/diiot-ssp-1-iitops-ic-awacs-ssp-gql,secret_rotation,FAIL,"rotation_enabled=false, never_rotated=true",HIGH
eu-west-1,secrets_manager,/terraform/ssp/diiot-ssp-1-iitops-ic-awacs-ssp-engine-api,secret_rotation,FAIL,"rotation_enabled=false, never_rotated=true",HIGH
eu-west-1,secrets_manager,/terraform/ssp/diiot-ssp-1-iitops-ic-awacs-ssp-control-api,secret_rotation,FAIL,"rotation_enabled=false, never_rotated=true",HIGH
eu-west-1,secrets_manager,/terraform/ssp/ic-ssp-if-act-actuals-diiot-ssp-1,secret_rotation,FAIL,"rotation_enabled=false, never_rotated=true",HIGH
eu-west-1,secrets_manager,/terraform/ssp/ic-ssp-if-act-stop-/diiot-ssp-1,secret_rotation,FAIL,"rotation_enabled=false, never_rotated=true",HIGH
eu-west-1,secrets_manager,/terraform/ssp/ic-ssp-if-act-start-diiot-ssp-1,secret_rotation,FAIL,"rotation_enabled=false, never_rotated=true",HIGH
eu-west-1,secrets_manager,/terraform/ssp/ic-ssp-if-act-stop-diiot-ssp-1,secret_rotation,FAIL,"rotation_enabled=false, never_rotated=true",HIGH
eu-west-1,secrets_manager,/terraform/ssp/ic-ssp-if-act-001-diiot-ssp-1,secret_rotation,FAIL,"rotation_enabled=false, never_rotated=true",HIGH
eu-west-1,secrets_manager,/terraform/ssp/ic-ssp-if-act-006-diiot-ssp-1,secret_rotation,FAIL,"rotation_enabled=false, never_rotated=true",HIGH
eu-west-1,secrets_manager,/terraform/ssp/ic-ssp-if-act-012-diiot-ssp-1,secret_rotation,FAIL,"rotation_enabled=false, never_rotated=true",HIGH
eu-west-1,secrets_manager,/terraform/ssp/ic-ssp-if-act-016-diiot-ssp-1,secret_rotation,FAIL,"rotation_enabled=false, never_rotated=true",HIGH
eu-west-1,secrets_manager,/terraform/ssp/ic-ssp-if-act-024-diiot-ssp-1,secret_rotation,FAIL,"rotation_enabled=false, never_rotated=true",HIGH
eu-west-1,secrets_manager,/terraform/ssp/ic-ssp-if-act-028-diiot-ssp-1,secret_rotation,FAIL,"rotation_enabled=false, never_rotated=true",HIGH
eu-west-1,secrets_manager,ssp_ec2,secret_rotation,FAIL,"rotation_enabled=false, never_rotated=true",HIGH
eu-west-1,secrets_manager,pmi-app-icloud-dev-dev-vault-credentials,secret_rotation,FAIL,"rotation_enabled=false, never_rotated=true",HIGH
eu-west-1,secrets_manager,smartu-mongodb-auth,secret_rotation,FAIL,"rotation_enabled=false, never_rotated=true",HIGH
eu-west-1,secrets_manager,smartu-mongodb-ec2,secret_rotation,FAIL,"rotation_enabled=false, never_rotated=true",HIGH
eu-west-1,secrets_manager,/terraform/ssp/ic-ssp-if-data-handler-diiot-ssp-1,secret_rotation,FAIL,"rotation_enabled=false, never_rotated=true",HIGH
eu-west-1,secrets_manager,smartu-s3-user-auth,secret_rotation,FAIL,"rotation_enabled=false, never_rotated=true",HIGH
eu-west-1,secrets_manager,uad-git-auth,secret_rotation,FAIL,"rotation_enabled=false, never_rotated=true",HIGH
eu-west-1,secrets_manager,uad-jenkins-user-auth,secret_rotation,FAIL,"rotation_enabled=false, never_rotated=true",HIGH
eu-west-1,secrets_manager,smartu-msk-auth,secret_rotation,FAIL,"rotation_enabled=false, never_rotated=true",HIGH
eu-west-1,secrets_manager,/test-iam-user-dev/access_key,secret_rotation,FAIL,"rotation_enabled=false, never_rotated=true",HIGH
eu-west-1,secrets_manager,ssp_ar30_reports_consumer_diiot-ssp-1,secret_rotation,FAIL,"rotation_enabled=false, never_rotated=true",HIGH
eu-west-1,secrets_manager,ssp_ms14_reports_consumer_diiot-ssp-1,secret_rotation,FAIL,"rotation_enabled=false, never_rotated=true",HIGH
eu-west-1,secrets_manager,ssp_br40_reports_consumer_diiot-ssp-1,secret_rotation,FAIL,"rotation_enabled=false, never_rotated=true",HIGH
eu-west-1,secrets_manager,ssp_rs7z_reports_consumer_diiot-ssp-1,secret_rotation,FAIL,"rotation_enabled=false, never_rotated=true",HIGH
eu-west-1,secrets_manager,datasync-api-user,secret_rotation,FAIL,"rotation_enabled=false, never_rotated=true",HIGH
eu-west-1,secrets_manager,hvac-influx-czech,secret_rotation,FAIL,"rotation_enabled=false, never_rotated=true",HIGH
eu-west-1,secrets_manager,hvac-influx-swiss,secret_rotation,FAIL,"rotation_enabled=false, never_rotated=true",HIGH
eu-west-1,secrets_manager,hvac-influx-korea,secret_rotation,FAIL,"rotation_enabled=false, never_rotated=true",HIGH
eu-west-1,secrets_manager,hvac-influx-lithuania,secret_rotation,FAIL,"rotation_enabled=false, never_rotated=true",HIGH
eu-west-1,secrets_manager,hvac-influx-romania,secret_rotation,FAIL,"rotation_enabled=false, never_rotated=true",HIGH
eu-west-1,secrets_manager,hvac-influx-greece-new,secret_rotation,FAIL,"rotation_enabled=false, never_rotated=true",HIGH
eu-west-1,secrets_manager,READONLY-InfluxDB-auth-parameters-wmn8bwskh3,secret_rotation,FAIL,"rotation_enabled=false, never_rotated=true",HIGH
eu-west-1,secrets_manager,digiperf-rds-daasreadonly,secret_rotation,FAIL,"rotation_enabled=false, never_rotated=true",HIGH
eu-west-1,secrets_manager,ssp_rs7a_reports_consumer_diiot-ssp-1,secret_rotation,FAIL,"rotation_enabled=false, never_rotated=true",HIGH
eu-west-1,secrets_manager,daaspge-ppa-secret,secret_rotation,FAIL,"rotation_enabled=false, never_rotated=true",HIGH
eu-west-1,secrets_manager,diiot-ssp-1-mysql-replica-secret,secret_rotation,FAIL,"rotation_enabled=false, never_rotated=true",HIGH
eu-west-1,secrets_manager,diiot-ssp-1-mysql-secret,secret_rotation,FAIL,"rotation_enabled=false, never_rotated=true",HIGH
eu-west-1,secrets_manager,ssp_ro70_specs_diiot-ssp-1,secret_rotation,FAIL,"rotation_enabled=false, never_rotated=true",HIGH
eu-west-1,secrets_manager,diiot-ssp-1-docdb,secret_rotation,FAIL,"rotation_enabled=false, never_rotated=true",HIGH
eu-west-1,secrets_manager,ipt-docdb,secret_rotation,FAIL,"rotation_enabled=false, never_rotated=true",HIGH
eu-west-1,secrets_manager,pmi-app-icloud-dev-dev-vault-credentials-2,secret_rotation,FAIL,"rotation_enabled=false, never_rotated=true",HIGH
eu-west-1,secrets_manager,ssp_itgf_specs_diiot-ssp-1,secret_rotation,FAIL,"rotation_enabled=false, never_rotated=true",HIGH
eu-west-1,secrets_manager,slc-postgres,secret_rotation,FAIL,"rotation_enabled=false, never_rotated=true",HIGH
eu-west-1,secrets_manager,slc-jenkins-user-auth,secret_rotation,FAIL,"rotation_enabled=false, never_rotated=true",HIGH
eu-west-1,secrets_manager,redshift!daas-dwh-cluster-daasmaster,secret_rotation,PASS,"rotation_enabled=true, days_since_rotated=5",MINIMAL
eu-west-1,secrets_manager,redshift-daasmaster,secret_rotation,FAIL,"rotation_enabled=false, never_rotated=true",HIGH
eu-west-1,secrets_manager,ssp_rs7z_specs_diiot-ssp-1,secret_rotation,FAIL,"rotation_enabled=false, never_rotated=true",HIGH
eu-west-1,secrets_manager,ssp_lt01_specs_diiot-ssp-1,secret_rotation,FAIL,"rotation_enabled=false, never_rotated=true",HIGH
eu-west-1,secrets_manager,ssp_ittc_specs_diiot-ssp-1,secret_rotation,FAIL,"rotation_enabled=false, never_rotated=true",HIGH
eu-west-1,secrets_manager,ssp_pt01_specs_diiot-ssp-1,secret_rotation,FAIL,"rotation_enabled=false, never_rotated=true",HIGH
eu-west-1,secrets_manager,ssp_ch01_specs_diiot-ssp-1,secret_rotation,FAIL,"rotation_enabled=false, never_rotated=true",HIGH
eu-west-1,secrets_manager,ssp_gr70_specs_diiot-ssp-1,secret_rotation,FAIL,"rotation_enabled=false, never_rotated=true",HIGH
eu-west-1,secrets_manager,ssp_cz71_specs_diiot-ssp-1,secret_rotation,FAIL,"rotation_enabled=false, never_rotated=true",HIGH
eu-west-1,secrets_manager,amcs-secret,secret_rotation,FAIL,"rotation_enabled=false, never_rotated=true",HIGH
eu-west-1,secrets_manager,lesmes-secret,secret_rotation,FAIL,"rotation_enabled=false, never_rotated=true",HIGH
eu-west-1,secrets_manager,imel-secret,secret_rotation,FAIL,"rotation_enabled=false, never_rotated=true",HIGH
eu-west-1,secrets_manager,opsgenie-key,secret_rotation,FAIL,"rotation_enabled=false, never_rotated=true",HIGH
eu-west-1,secrets_manager,ssp_kz70_specs_diiot-ssp-1,secret_rotation,FAIL,"rotation_enabled=false, never_rotated=true",HIGH
eu-west-1,secrets_manager,ssp_kz03_specs_diiot-ssp-1,secret_rotation,FAIL,"rotation_enabled=false, never_rotated=true",HIGH
eu-west-1,secrets_manager,ssp_ua06_specs_diiot-ssp-1,secret_rotation,FAIL,"rotation_enabled=false, never_rotated=true",HIGH
eu-west-1,secrets_manager,rds_daasodl,secret_rotation,FAIL,"rotation_enabled=false, never_rotated=true",HIGH
eu-west-1,secrets_manager,ssp_pl02_specs_diiot-ssp-1,secret_rotation,FAIL,"rotation_enabled=false, never_rotated=true",HIGH
eu-west-1,glue,data_catalog,catalog_encryption,FAIL,"catalog_encrypted=false, connection_password_encrypted=false",HIGH
eu-west-1,glue,TestE2,job_security,FAIL,"security_config=false, role=arn:aws:iam::291751643970:role/daas-role-glue-ingestion-dev",LOW
eu-west-1,glue,20230912_Proxima,job_security,FAIL,"security_config=false, role=arn:aws:iam::291751643970:role/daas-role-glue-ingestion-patty-dev",LOW
eu-west-1,glue,20230912_proxima_extraction,job_security,FAIL,"security_config=false, role=arn:aws:iam::291751643970:role/daas-role-glue-ingestion-patty-dev",LOW
eu-west-1,glue,AMCS_JOB,job_security,FAIL,"security_config=false, role=arn:aws:iam::291751643970:role/Amazon_Glue_S3",LOW
eu-west-1,glue,CRMLesmes-Optimizing-El,job_security,FAIL,"security_config=false, role=arn:aws:iam::291751643970:role/daas-glue-ingestion-role",LOW
eu-west-1,glue,CRMLesmes-Optimizing-Simone,job_security,FAIL,"security_config=false, role=arn:aws:iam::291751643970:role/daas-role-glue-ingestion-patty-dev",LOW
eu-west-1,glue,DATA PLATFORM - test - 20220420 - v2,job_security,FAIL,"security_config=false, role=arn:aws:iam::291751643970:role/Amazon_Glue_S3",LOW
eu-west-1,glue,DATA PLATFORM - test - 20220425 - v2,job_security,FAIL,"security_config=false, role=arn:aws:iam::291751643970:role/Amazon_Glue_S3",LOW
eu-west-1,glue,DATA_PLATFORM RECORD - STEP 1.1 - 220425-v5,job_security,FAIL,"security_config=false, role=arn:aws:iam::291751643970:role/Amazon_Glue_S3",LOW
eu-west-1,glue,DATA_PLATFORM RECORD - STEP 1.1 - 220425-v5-copy,job_security,FAIL,"security_config=false, role=arn:aws:iam::291751643970:role/Amazon_Glue_S3",LOW
eu-west-1,glue,DATA_PLATFORM RECORD - STEP 1.1 - 220425-v5-opti,job_security,FAIL,"security_config=false, role=arn:aws:iam::291751643970:role/Amazon_Glue_S3",LOW
eu-west-1,glue,DATA_PLATFORM RECORD - STEP 1.1 - 220425-v6-opti,job_security,FAIL,"security_config=false, role=arn:aws:iam::291751643970:role/Amazon_Glue_S3",LOW
eu-west-1,glue,DATA_PLATFORM RECORD - STEP 1.1 - 220426-new-standard,job_security,FAIL,"security_config=false, role=arn:aws:iam::291751643970:role/Amazon_Glue_S3",LOW
eu-west-1,glue,DATA_PLATFORM RECORD - STEP 1.1 - 220426-v1-opti,job_security,FAIL,"security_config=false, role=arn:aws:iam::291751643970:role/Amazon_Glue_S3",LOW
eu-west-1,glue,DATA_PLATFORM RECORD - STEP 1.1 - 220426-v1-opti-copy,job_security,FAIL,"security_config=false, role=arn:aws:iam::291751643970:role/Amazon_Glue_S3",LOW
eu-west-1,glue,DATA_PLATFORM RECORD - STEP 1.1 - 220426-v1-opti-copy-backup,job_security,FAIL,"security_config=false, role=arn:aws:iam::291751643970:role/Amazon_Glue_S3",LOW
eu-west-1,glue,DATA_PLATFORM RECORD - STEP 1.2 - 220425-v1,job_security,FAIL,"security_config=false, role=arn:aws:iam::291751643970:role/Amazon_Glue_S3",LOW
eu-west-1,glue,DATA_PLATFORM RECORD - STEP 1.2 - 220426-v2-opti,job_security,FAIL,"security_config=false, role=arn:aws:iam::291751643970:role/Amazon_Glue_S3",LOW
eu-west-1,glue,DATA_PLATFORM RECORD - STEP 2 - 220425-v2,job_security,FAIL,"security_config=false, role=arn:aws:iam::291751643970:role/Amazon_Glue_S3",LOW
eu-west-1,glue,DATA_PLATFORM RECORD - STEP 2 - 220425-v3,job_security,FAIL,"security_config=false, role=arn:aws:iam::291751643970:role/Amazon_Glue_S3",LOW
eu-west-1,glue,DATA_PLATFORM RECORD - STEP 2 - 220425-v3-copy,job_security,FAIL,"security_config=false, role=arn:aws:iam::291751643970:role/Amazon_Glue_S3",LOW
eu-west-1,glue,DATA_PLATFORM RECORD - STEP 2 - 220425-v3-copy-2,job_security,FAIL,"security_config=false, role=arn:aws:iam::291751643970:role/Amazon_Glue_S3",LOW
eu-west-1,glue,DATA_PLATFORM RECORD - STEP 2 - refactored,job_security,FAIL,"security_config=false, role=arn:aws:iam::291751643970:role/Amazon_Glue_S3",LOW
eu-west-1,glue,DATA_PLATFORM-postgres-uploader,job_security,FAIL,"security_config=false, role=arn:aws:iam::291751643970:role/Amazon_Glue_S3",LOW
eu-west-1,glue,Data Platform - AWACS Alert - 220426 - v1,job_security,FAIL,"security_config=false, role=arn:aws:iam::291751643970:role/daas-glue-ingestion-role",LOW
eu-west-1,glue,Data Quality Hvac Test,job_security,FAIL,"security_config=false, role=arn:aws:iam::291751643970:role/daas-role-glue-ingestion-dev",LOW
eu-west-1,glue,Data Quality Test Hvac 2,job_security,FAIL,"security_config=false, role=arn:aws:iam::291751643970:role/daas-role-glue-ingestion-dev",LOW
eu-west-1,glue,Extract2,job_security,FAIL,"security_config=false, role=arn:aws:iam::291751643970:role/daas-glue-ingestion-role",LOW
eu-west-1,glue,ExtractDataFromTimestream,job_security,FAIL,"security_config=false, role=arn:aws:iam::291751643970:role/daas-role-glue-ingestion-amcs-dev",LOW
eu-west-1,glue,IMEL_v1,job_security,FAIL,"security_config=false, role=arn:aws:iam::291751643970:role/Amazon_Glue_S3",LOW
eu-west-1,glue,IQC-test-ac,job_security,FAIL,"security_config=false, role=arn:aws:iam::291751643970:role/daas-role-glue-ingestion-dev-ac",LOW
eu-west-1,glue,Imel_job_v1,job_security,FAIL,"security_config=false, role=arn:aws:iam::291751643970:role/Amazon_Glue_S3",LOW
eu-west-1,glue,Job spe,job_security,FAIL,"security_config=false, role=arn:aws:iam::291751643970:role/Amazon_Glue_S3",LOW
eu-west-1,glue,LatestGlue_jobsrun,job_security,FAIL,"security_config=false, role=arn:aws:iam::291751643970:role/daas-role-glue-ingestion-dev",LOW
eu-west-1,glue,MyTestJob,job_security,FAIL,"security_config=false, role=arn:aws:iam::291751643970:role/Amazon_Glue_S3",LOW
eu-west-1,glue,PSS ETL,job_security,FAIL,"security_config=false, role=arn:aws:iam::291751643970:role/daas-glue-proxima-dev",LOW
eu-west-1,glue,PSS-test,job_security,FAIL,"security_config=false, role=arn:aws:iam::291751643970:role/daas-role-glue-ingestion-dev-ac",LOW
eu-west-1,glue,SAPP1-dev,job_security,FAIL,"security_config=false, role=arn:aws:iam::291751643970:role/daas-role-glue-ingestion-patty-dev",LOW
eu-west-1,glue,SAPP1-dev-el,job_security,FAIL,"security_config=false, role=arn:aws:iam::291751643970:role/daas-role-glue-ingestion-dev",LOW
eu-west-1,glue,SAPP1-dev-el-copy,job_security,FAIL,"security_config=false, role=arn:aws:iam::291751643970:role/daas-role-glue-ingestion-dev",LOW
eu-west-1,glue,Sample_Custom_Event,job_security,FAIL,"security_config=false, role=arn:aws:iam::291751643970:role/daas-role-glue-ingestion-dev",LOW
eu-west-1,glue,Survey Pack Loading,job_security,FAIL,"security_config=false, role=arn:aws:iam::291751643970:role/daas-role-glue-ingestion-dev",LOW
eu-west-1,glue,Test-parameter,job_security,FAIL,"security_config=false, role=arn:aws:iam::291751643970:role/Amazon_Glue_S3",LOW
eu-west-1,glue,TestConnection,job_security,FAIL,"security_config=false, role=arn:aws:iam::291751643970:role/daas-role-glue-ingestion-dev",LOW
eu-west-1,glue,TestJob,job_security,FAIL,"security_config=false, role=arn:aws:iam::291751643970:role/daas-glue-ingestion-role",LOW
eu-west-1,glue,Test_PSSIV,job_security,FAIL,"security_config=false, role=arn:aws:iam::291751643970:role/daas-role-glue-ingestion-pssiv-dev",LOW
eu-west-1,glue,Testing,job_security,FAIL,"security_config=false, role=arn:aws:iam::291751643970:role/Amazon_Glue_S3",LOW
eu-west-1,glue,Testjob1,job_security,FAIL,"security_config=false, role=arn:aws:iam::291751643970:role/daas-glue-ingestion-role",LOW
eu-west-1,glue,Transition-from-Standard-to-Glacier,job_security,FAIL,"security_config=false, role=arn:aws:iam::291751643970:role/raw-compacted-job-test-role",LOW
eu-west-1,glue,alert-test,job_security,FAIL,"security_config=false, role=arn:aws:iam::291751643970:role/service-role/alert-test-role-4x2duafs",LOW
eu-west-1,glue,amcs check delta load,job_security,FAIL,"security_config=false, role=arn:aws:iam::291751643970:role/daas-role-glue-ingestion-amcs-dev",LOW
eu-west-1,glue,amcs-copy-job-execution-for-dl-test,job_security,FAIL,"security_config=false, role=arn:aws:iam::291751643970:role/daas-role-glue-ingestion-amcs-dev",LOW
eu-west-1,glue,bookmark-test-job,job_security,FAIL,"security_config=false, role=arn:aws:iam::291751643970:role/daas-role-glue-ingestion-imel-dev",LOW
eu-west-1,glue,calculate-object,job_security,FAIL,"security_config=false, role=arn:aws:iam::291751643970:role/daas-role-glue-ingestion-imel-dev",LOW
eu-west-1,glue,comp_test,job_security,FAIL,"security_config=false, role=arn:aws:iam::291751643970:role/daas-role-glue-ingestion-dev",LOW
eu-west-1,glue,compaction-digiperf-redshift-kpis,job_security,FAIL,"security_config=false, role=arn:aws:iam::291751643970:role/daas-role-glue-digiperf-dds-dev",LOW
eu-west-1,glue,compaction-digiperf-redshift-targetkpis,job_security,FAIL,"security_config=false, role=arn:aws:iam::291751643970:role/daas-role-glue-digiperf-dds-dev",LOW
eu-west-1,glue,compaction-digiperf-redshift-toplosses,job_security,FAIL,"security_config=false, role=arn:aws:iam::291751643970:role/daas-role-glue-digiperf-dds-dev",LOW
eu-west-1,glue,compaction-sapp1-test,job_security,FAIL,"security_config=false, role=arn:aws:iam::291751643970:role/daas-role-glue-ingestion-sapp1-dev",LOW
eu-west-1,glue,compaction_prot,job_security,FAIL,"security_config=false, role=arn:aws:iam::291751643970:role/daas-glue-ingestion-role",LOW
eu-west-1,glue,connection test,job_security,FAIL,"security_config=false, role=arn:aws:iam::291751643970:role/iqc-data-platform",LOW
eu-west-1,glue,daas-compaction-imel-kz70-copy,job_security,FAIL,"security_config=false, role=arn:aws:iam::291751643970:role/daas-role-glue-ingestion-imel-dev",LOW
eu-west-1,glue,daas-compaction-imel-ldh-pl31,job_security,FAIL,"security_config=false, role=arn:aws:iam::291751643970:role/daas-role-glue-ingestion-imel-dev",LOW
eu-west-1,glue,daas-compaction-imel-nl70,job_security,FAIL,"security_config=false, role=arn:aws:iam::291751643970:role/daas-role-glue-ingestion-imel-dev",LOW
eu-west-1,glue,daas-compaction-imel-ph88,job_security,FAIL,"security_config=false, role=arn:aws:iam::291751643970:role/daas-role-glue-ingestion-imel-dev",LOW
eu-west-1,glue,daas-compaction-imel-pl31,job_security,FAIL,"security_config=false, role=arn:aws:iam::291751643970:role/daas-role-glue-ingestion-imel-dev",LOW
eu-west-1,glue,daas-compaction-imel-ro70,job_security,FAIL,"security_config=false, role=arn:aws:iam::291751643970:role/daas-role-glue-ingestion-imel-dev",LOW
eu-west-1,glue,daas-compaction-imel-rs7a,job_security,FAIL,"security_config=false, role=arn:aws:iam::291751643970:role/daas-role-glue-ingestion-imel-dev",LOW
eu-west-1,glue,daas-compaction-imel-us53,job_security,FAIL,"security_config=false, role=arn:aws:iam::291751643970:role/daas-role-glue-ingestion-imel-dev",LOW
eu-west-1,glue,daas-compaction-imel-us70,job_security,FAIL,"security_config=false, role=arn:aws:iam::291751643970:role/daas-role-glue-ingestion-imel-dev",LOW
eu-west-1,glue,daas-compaction-lesmes-ar30,job_security,FAIL,"security_config=false, role=arn:aws:iam::291751643970:role/daas-role-glue-ingestion-dev-lesmes",LOW
eu-west-1,glue,daas-compaction-lesmes-ph70,job_security,FAIL,"security_config=false, role=arn:aws:iam::291751643970:role/daas-role-glue-ingestion-dev-lesmes",LOW
eu-west-1,glue,daas-compaction-lesmes-ar30-copy,job_security,FAIL,"security_config=false, role=arn:aws:iam::291751643970:role/daas-role-glue-ingestion-dev-lesmes",LOW
eu-west-1,glue,daas-compaction-lesmes-br40,job_security,FAIL,"security_config=false, role=arn:aws:iam::291751643970:role/daas-role-glue-ingestion-dev-lesmes",LOW
eu-west-1,glue,daas-compaction-lesmes-ca10,job_security,FAIL,"security_config=false, role=arn:aws:iam::291751643970:role/daas-role-glue-ingestion-dev-lesmes",LOW
eu-west-1,glue,daas-compaction-lesmes-ch01,job_security,FAIL,"security_config=false, role=arn:aws:iam::291751643970:role/daas-role-glue-ingestion-dev-lesmes",LOW
eu-west-1,glue,daas-compaction-lesmes-cz71,job_security,FAIL,"security_config=false, role=arn:aws:iam::291751643970:role/daas-role-glue-ingestion-dev-lesmes",LOW
eu-west-1,glue,daas-compaction-lesmes-de19,job_security,FAIL,"security_config=false, role=arn:aws:iam::291751643970:role/daas-role-glue-ingestion-dev-lesmes",LOW
eu-west-1,glue,daas-compaction-lesmes-id02,job_security,FAIL,"security_config=false, role=arn:aws:iam::291751643970:role/daas-role-glue-ingestion-dev-lesmes",LOW
eu-west-1,glue,daas-compaction-lesmes-id14,job_security,FAIL,"security_config=false, role=arn:aws:iam::291751643970:role/daas-role-glue-ingestion-dev-lesmes",LOW
eu-west-1,glue,daas-compaction-amcs-ittc,job_security,FAIL,"security_config=false, role=arn:aws:iam::291751643970:role/daas-role-glue-ingestion-amcs-dev",LOW
eu-west-1,glue,daas-compaction-amcs-kr70,job_security,FAIL,"security_config=false, role=arn:aws:iam::291751643970:role/daas-role-glue-ingestion-amcs-dev",LOW
eu-west-1,glue,daas-compaction-amcs-kr70-copy,job_security,FAIL,"security_config=false, role=arn:aws:iam::291751643970:role/daas-role-glue-ingestion-amcs-dev",LOW
eu-west-1,glue,daas-compaction-amcs-kz70,job_security,FAIL,"security_config=false, role=arn:aws:iam::291751643970:role/daas-role-glue-ingestion-amcs-dev",LOW
eu-west-1,glue,daas-compaction-amcs-cc-ch41,job_security,FAIL,"security_config=false, role=arn:aws:iam::291751643970:role/daas-role-glue-ingestion-amcs-cc-dev",LOW
eu-west-1,glue,daas-compaction-amcs-kz70-copy,job_security,FAIL,"security_config=false, role=arn:aws:iam::291751643970:role/daas-role-glue-ingestion-amcs-dev",LOW
eu-west-1,glue,daas-compaction-amcs-ph88,job_security,FAIL,"security_config=false, role=arn:aws:iam::291751643970:role/daas-role-glue-ingestion-amcs-dev",LOW
eu-west-1,glue,daas-compaction-amcs-pl31,job_security,FAIL,"security_config=false, role=arn:aws:iam::291751643970:role/daas-role-glue-ingestion-amcs-dev",LOW
eu-west-1,glue,daas-compaction-amcs-ro70,job_security,FAIL,"security_config=false, role=arn:aws:iam::291751643970:role/daas-role-glue-ingestion-amcs-dev",LOW
eu-west-1,glue,daas-compaction-amcs-rs7a,job_security,FAIL,"security_config=false, role=arn:aws:iam::291751643970:role/daas-role-glue-ingestion-amcs-dev",LOW
eu-west-1,glue,daas-compaction-amcs-tc,job_security,FAIL,"security_config=false, role=daas-role-glue-ingestion-dev",LOW
eu-west-1,glue,daas-compaction-amcs-us70,job_security,FAIL,"security_config=false, role=arn:aws:iam::291751643970:role/daas-role-glue-ingestion-amcs-dev",LOW
eu-west-1,glue,daas-compaction-digiperf,job_security,FAIL,"security_config=false, role=arn:aws:iam::291751643970:role/daas-role-glue-ingestion-dev",LOW
eu-west-1,glue,daas-compaction-digiperf-nomerge,job_security,FAIL,"security_config=false, role=arn:aws:iam::291751643970:role/daas-role-glue-ingestion-digiperg-nomerge-dev",LOW
eu-west-1,glue,daas-compaction-imel-ch41,job_security,FAIL,"security_config=false, role=arn:aws:iam::291751643970:role/daas-role-glue-ingestion-imel-dev",LOW
eu-west-1,glue,daas-compaction-imel-delta,job_security,FAIL,"security_config=false, role=arn:aws:iam::291751643970:role/daas-role-glue-ingestion-imel-dev",LOW
eu-west-1,glue,daas-compaction-imel-gr70,job_security,FAIL,"security_config=false, role=arn:aws:iam::291751643970:role/daas-role-glue-ingestion-imel-dev",LOW
eu-west-1,glue,daas-compaction-amcs-ro70_30,job_security,FAIL,"security_config=false, role=arn:aws:iam::291751643970:role/daas-role-glue-ingestion-amcs-dev",LOW
eu-west-1,glue,daas-compaction-imel-itgf,job_security,FAIL,"security_config=false, role=arn:aws:iam::291751643970:role/daas-role-glue-ingestion-imel-dev",LOW
eu-west-1,glue,daas-compaction-imel-ittc,job_security,FAIL,"security_config=false, role=arn:aws:iam::291751643970:role/daas-role-glue-ingestion-imel-dev",LOW
eu-west-1,glue,daas-compaction-imel-kr70,job_security,FAIL,"security_config=false, role=arn:aws:iam::291751643970:role/daas-role-glue-ingestion-imel-dev",LOW
eu-west-1,glue,daas-compaction-imel-kz70,job_security,FAIL,"security_config=false, role=arn:aws:iam::291751643970:role/daas-role-glue-ingestion-imel-dev",LOW
eu-west-1,glue,daas-extraction-crmlesmes-br40,job_security,FAIL,"security_config=false, role=arn:aws:iam::291751643970:role/daas-role-glue-ingestion-crmlesmes-dev",LOW
eu-west-1,glue,daas-extraction-crmlesmes-ca10,job_security,FAIL,"security_config=false, role=arn:aws:iam::291751643970:role/daas-role-glue-ingestion-crmlesmes-dev",LOW
eu-west-1,glue,daas-extraction-crmlesmes-cz71,job_security,FAIL,"security_config=false, role=arn:aws:iam::291751643970:role/daas-role-glue-ingestion-crmlesmes-dev",LOW
eu-west-1,glue,daas-extraction-crmlesmes-itgf,job_security,FAIL,"security_config=false, role=arn:aws:iam::291751643970:role/daas-role-glue-ingestion-crmlesmes-dev",LOW
eu-west-1,glue,daas-extraction-crmlesmes-jo40,job_security,FAIL,"security_config=false, role=arn:aws:iam::291751643970:role/daas-role-glue-ingestion-crmlesmes-dev",LOW
eu-west-1,glue,daas-extraction-crmlesmes-lt01,job_security,FAIL,"security_config=false, role=arn:aws:iam::291751643970:role/daas-role-glue-ingestion-crmlesmes-dev",LOW
eu-west-1,glue,daas-extraction-crmlesmes-pl02,job_security,FAIL,"security_config=false, role=arn:aws:iam::291751643970:role/daas-role-glue-ingestion-crmlesmes-dev",LOW
eu-west-1,glue,daas-extraction-crmlesmes-pt01,job_security,FAIL,"security_config=false, role=arn:aws:iam::291751643970:role/daas-role-glue-ingestion-crmlesmes-dev",LOW
eu-west-1,glue,daas-generate-view-imel-ro70-test,job_security,FAIL,"security_config=false, role=arn:aws:iam::291751643970:role/daas-role-glue-ingestion-imel-dev",LOW
eu-west-1,glue,daas-glue-bookmarks-test,job_security,FAIL,"security_config=false, role=daas-role-glue-ingestion-dev",LOW
eu-west-1,glue,daas-hvac-el-job-cr,job_security,FAIL,"security_config=false, role=arn:aws:iam::291751643970:role/daas-role-glue-ingestion-dev",LOW
eu-west-1,glue,daas-compaction-lesmes-phmc,job_security,FAIL,"security_config=false, role=arn:aws:iam::291751643970:role/daas-role-glue-ingestion-dev-lesmes",LOW
eu-west-1,glue,daas-compaction-lesmes-pk81,job_security,FAIL,"security_config=false, role=arn:aws:iam::291751643970:role/daas-role-glue-ingestion-dev-lesmes",LOW
eu-west-1,glue,daas-hvac-test,job_security,FAIL,"security_config=false, role=arn:aws:iam::291751643970:role/daas-role-glue-ingestion-prototype",LOW
eu-west-1,glue,daas-compaction-amcs-ch41,job_security,FAIL,"security_config=false, role=arn:aws:iam::291751643970:role/daas-role-glue-ingestion-amcs-dev",LOW
eu-west-1,glue,daas-ingestion-imel-mbr-pbr-gr70,job_security,FAIL,"security_config=false, role=arn:aws:iam::291751643970:role/daas-role-glue-ingestion-imel-dev",LOW
eu-west-1,glue,daas-hvacai-el-ro01,job_security,FAIL,"security_config=false, role=arn:aws:iam::291751643970:role/daas-role-glue-ingestion-hvacai-dev",LOW
eu-west-1,glue,daas-hvacai-kr70-prd-test,job_security,FAIL,"security_config=false, role=arn:aws:iam::291751643970:role/daas-role-glue-ingestion-dev-hvacai-kr70",LOW
eu-west-1,glue,daas-hvacai-ms14-split-ingestion,job_security,FAIL,"security_config=false, role=arn:aws:iam::291751643970:role/daas-role-glue-ingestion-dev-influx",LOW
eu-west-1,glue,daas-hvacai-ms14-split-loading,job_security,FAIL,"security_config=false, role=arn:aws:iam::291751643970:role/daas-role-glue-ingestion-dev-influx",LOW
eu-west-1,glue,daas-hvacai-ro01-test,job_security,FAIL,"security_config=false, role=arn:aws:iam::291751643970:role/daas-role-glue-ingestion-dev-hvacai-ro01",LOW
eu-west-1,glue,daas-hvacai-rs7z-test,job_security,FAIL,"security_config=false, role=arn:aws:iam::291751643970:role/daas-role-glue-ingestion-dev-influx",LOW
eu-west-1,glue,daas-compaction-amcs-gr70,job_security,FAIL,"security_config=false, role=arn:aws:iam::291751643970:role/daas-role-glue-ingestion-amcs-dev",LOW
eu-west-1,glue,daas-compaction-amcs-gr70_30,job_security,FAIL,"security_config=false, role=arn:aws:iam::291751643970:role/daas-role-glue-ingestion-amcs-dev",LOW
eu-west-1,glue,daas-compaction-amcs-id30,job_security,FAIL,"security_config=false, role=arn:aws:iam::291751643970:role/daas-role-glue-ingestion-amcs-dev",LOW
eu-west-1,glue,daas-compaction-amcs-id30-copy,job_security,FAIL,"security_config=false, role=arn:aws:iam::291751643970:role/daas-role-glue-ingestion-amcs-dev",LOW
eu-west-1,glue,daas-compaction-amcs-itgf,job_security,FAIL,"security_config=false, role=arn:aws:iam::291751643970:role/daas-role-glue-ingestion-amcs-dev",LOW
eu-west-1,glue,daas-compaction-amcs-itgf_30,job_security,FAIL,"security_config=false, role=arn:aws:iam::291751643970:role/daas-role-glue-ingestion-amcs-dev",LOW
eu-west-1,glue,daas-compaction-amcs-cc-tr03,job_security,FAIL,"security_config=false, role=arn:aws:iam::291751643970:role/daas-role-glue-ingestion-amcs-cc-dev",LOW
eu-west-1,glue,daas-compaction-imel-id30,job_security,FAIL,"security_config=false, role=arn:aws:iam::291751643970:role/daas-role-glue-ingestion-imel-dev",LOW
eu-west-1,glue,daas-imel-ch41,job_security,FAIL,"security_config=false, role=arn:aws:iam::291751643970:role/daas-role-glue-ingestion-imel-dev",LOW
eu-west-1,glue,daas-imel-gr70,job_security,FAIL,"security_config=false, role=arn:aws:iam::291751643970:role/daas-role-glue-ingestion-imel-dev",LOW
eu-west-1,glue,daas-imel-id30,job_security,FAIL,"security_config=false, role=arn:aws:iam::291751643970:role/daas-role-glue-ingestion-imel-dev",LOW
eu-west-1,glue,daas-compaction-lesmes-pl02,job_security,FAIL,"security_config=false, role=arn:aws:iam::291751643970:role/daas-role-glue-ingestion-dev-lesmes",LOW
eu-west-1,glue,daas-imel-itgf,job_security,FAIL,"security_config=false, role=arn:aws:iam::291751643970:role/daas-role-glue-ingestion-imel-dev",LOW
eu-west-1,glue,daas-imel-ittc,job_security,FAIL,"security_config=false, role=arn:aws:iam::291751643970:role/daas-role-glue-ingestion-imel-dev",LOW
eu-west-1,glue,daas-imel-kr70,job_security,FAIL,"security_config=false, role=arn:aws:iam::291751643970:role/daas-role-glue-ingestion-imel-dev",LOW
eu-west-1,glue,daas-imel-ro70,job_security,FAIL,"security_config=false, role=arn:aws:iam::291751643970:role/daas-role-glue-ingestion-imel-dev",LOW
eu-west-1,glue,daas-compaction-lesmes-tr03,job_security,FAIL,"security_config=false, role=arn:aws:iam::291751643970:role/daas-role-glue-ingestion-dev-lesmes",LOW
eu-west-1,glue,daas-compaction-lesmes-ua06,job_security,FAIL,"security_config=false, role=arn:aws:iam::291751643970:role/daas-role-glue-ingestion-dev-lesmes",LOW
eu-west-1,glue,daas-compaction-ppa-global,job_security,FAIL,"security_config=false, role=arn:aws:iam::291751643970:role/daas-role-glue-ingestion-ppa-dev",LOW
eu-west-1,glue,daas-compaction-primat-ch41,job_security,FAIL,"security_config=false, role=arn:aws:iam::291751643970:role/daas-role-glue-ingestion-primat-dev",LOW
eu-west-1,glue,daas-imel-rs7a,job_security,FAIL,"security_config=false, role=arn:aws:iam::291751643970:role/daas-role-glue-ingestion-imel-dev",LOW
eu-west-1,glue,daas-imel-sb-mb-ch41,job_security,FAIL,"security_config=false, role=arn:aws:iam::291751643970:role/daas-role-glue-ingestion-imel-dev",LOW
eu-west-1,glue,daas-imel-sb-mb-gr70,job_security,FAIL,"security_config=false, role=arn:aws:iam::291751643970:role/daas-role-glue-ingestion-imel-dev",LOW
eu-west-1,glue,daas-imel-sb-mb-id30,job_security,FAIL,"security_config=false, role=arn:aws:iam::291751643970:role/daas-role-glue-ingestion-imel-dev",LOW
eu-west-1,glue,daas-imel-sb-mb-itgf,job_security,FAIL,"security_config=false, role=arn:aws:iam::291751643970:role/daas-role-glue-ingestion-imel-dev",LOW
eu-west-1,glue,daas-imel-sb-mb-ittc,job_security,FAIL,"security_config=false, role=arn:aws:iam::291751643970:role/daas-role-glue-ingestion-imel-dev",LOW
eu-west-1,glue,daas-imel-sb-mb-kr70,job_security,FAIL,"security_config=false, role=arn:aws:iam::291751643970:role/daas-role-glue-ingestion-imel-dev",LOW
eu-west-1,glue,daas-imel-sb-mb-kz70,job_security,FAIL,"security_config=false, role=arn:aws:iam::291751643970:role/daas-role-glue-ingestion-imel-dev",LOW
eu-west-1,glue,daas-imel-sb-mb-ph88,job_security,FAIL,"security_config=false, role=arn:aws:iam::291751643970:role/daas-role-glue-ingestion-imel-dev",LOW
eu-west-1,glue,daas-imel-kz70,job_security,FAIL,"security_config=false, role=arn:aws:iam::291751643970:role/daas-role-glue-ingestion-imel-dev",LOW
eu-west-1,glue,daas-imel-sb-mb-ro70,job_security,FAIL,"security_config=false, role=arn:aws:iam::291751643970:role/daas-role-glue-ingestion-imel-dev",LOW
eu-west-1,glue,daas-imel-sb-mb-rs7a,job_security,FAIL,"security_config=false, role=arn:aws:iam::291751643970:role/daas-role-glue-ingestion-imel-dev",LOW
eu-west-1,glue,daas-imel-sb-mb-us53,job_security,FAIL,"security_config=false, role=arn:aws:iam::291751643970:role/daas-role-glue-ingestion-imel-dev",LOW
eu-west-1,glue,daas-imel-sb-mb-us70,job_security,FAIL,"security_config=false, role=arn:aws:iam::291751643970:role/daas-role-glue-ingestion-imel-dev",LOW
eu-west-1,glue,daas-imel-us53,job_security,FAIL,"security_config=false, role=arn:aws:iam::291751643970:role/daas-role-glue-ingestion-imel-dev",LOW
eu-west-1,glue,daas-imel-us70,job_security,FAIL,"security_config=false, role=arn:aws:iam::291751643970:role/daas-role-glue-ingestion-imel-dev",LOW
eu-west-1,glue,daas-influx-ingestion-test,job_security,FAIL,"security_config=false, role=arn:aws:iam::291751643970:role/icloud-role-glue-ingestion-influx-dev",LOW
eu-west-1,glue,daas-influx-ingestion-test-nomultip,job_security,FAIL,"security_config=false, role=arn:aws:iam::291751643970:role/daas-role-glue-ingestion-dev-hvacai-ro01",LOW
eu-west-1,glue,daas-influxdb-cardinalis-test,job_security,FAIL,"security_config=false, role=arn:aws:iam::291751643970:role/daas-role-glue-ingestion-dev-influx",LOW
eu-west-1,glue,daas-influxdb-cardinalis-test-1,job_security,FAIL,"security_config=false, role=arn:aws:iam::291751643970:role/daas-role-glue-ingestion-dev-influx",LOW
eu-west-1,glue,daas-ingestion-amcs-cc-ch41,job_security,FAIL,"security_config=false, role=arn:aws:iam::291751643970:role/daas-role-glue-ingestion-amcs-cc-dev",LOW
eu-west-1,glue,daas-ingestion-amcs-cc-tr03,job_security,FAIL,"security_config=false, role=arn:aws:iam::291751643970:role/daas-role-glue-ingestion-amcs-cc-dev",LOW
eu-west-1,glue,daas-ingestion-amcs-cc-tr03-aq25,job_security,FAIL,"security_config=false, role=arn:aws:iam::291751643970:role/daas-role-glue-ingestion-amcs-cc-dev",LOW
eu-west-1,glue,daas-ingestion-amcs-ch41,job_security,FAIL,"security_config=false, role=arn:aws:iam::291751643970:role/daas-role-glue-ingestion-amcs-dev",LOW
eu-west-1,glue,daas-ingestion-amcs-gr70,job_security,FAIL,"security_config=false, role=arn:aws:iam::291751643970:role/daas-role-glue-ingestion-amcs-dev",LOW
eu-west-1,glue,daas-ingestion-amcs-gr70_30,job_security,FAIL,"security_config=false, role=arn:aws:iam::291751643970:role/daas-role-glue-ingestion-amcs-dev",LOW
eu-west-1,glue,daas-ingestion-amcs-id30,job_security,FAIL,"security_config=false, role=arn:aws:iam::291751643970:role/daas-role-glue-ingestion-amcs-dev",LOW
eu-west-1,glue,daas-ingestion-amcs-itgf,job_security,FAIL,"security_config=false, role=arn:aws:iam::291751643970:role/daas-role-glue-ingestion-amcs-dev",LOW
eu-west-1,glue,daas-ingestion-amcs-itgf-copy,job_security,FAIL,"security_config=false, role=arn:aws:iam::291751643970:role/daas-role-glue-ingestion-amcs-dev",LOW
eu-west-1,glue,daas-ingestion-amcs-itgf_30,job_security,FAIL,"security_config=false, role=arn:aws:iam::291751643970:role/daas-role-glue-ingestion-amcs-dev",LOW
eu-west-1,glue,transform-test,job_security,FAIL,"security_config=false, role=arn:aws:iam::291751643970:role/daas-role-glue-ingestion-dev",LOW
eu-west-1,glue,icloud-archive-job-pho-ittc-dev,job_security,FAIL,"security_config=false, role=arn:aws:iam::291751643970:role/icloud-archive-glue-role-pho-ittc-dev",LOW
eu-west-1,glue,icloud-archive-job-speedmanagement-gr70-dev,job_security,FAIL,"security_config=false, role=arn:aws:iam::291751643970:role/icloud-archive-glue-role-speedmanagement-gr70-dev",LOW
eu-west-1,glue,icloud-archive-job-speedmanagement-id30-dev,job_security,FAIL,"security_config=false, role=arn:aws:iam::291751643970:role/icloud-archive-glue-role-speedmanagement-id30-dev",LOW
eu-west-1,glue,icloud-archive-job-speedmanagement-itgf-dev,job_security,FAIL,"security_config=false, role=arn:aws:iam::291751643970:role/icloud-archive-glue-role-speedmanagement-itgf-dev",LOW
eu-west-1,glue,icloud-ingestion-influx-backup-mtb,job_security,FAIL,"security_config=false, role=arn:aws:iam::291751643970:role/icloud-glue-ingestion-influx-backup-role",LOW
eu-west-1,glue,icloud-ingestion-itgf-acc-dev,job_security,FAIL,"security_config=false, role=arn:aws:iam::291751643970:role/icloud-archiving-glue-role-dev",LOW
eu-west-1,glue,icloud-ingestion-speedmanagement-job-kpi-gr70-dev,job_security,FAIL,"security_config=false, role=arn:aws:iam::291751643970:role/icloud-ingestion-speedmanagement-glue-role-gr70-dev",LOW
eu-west-1,glue,icloud-ingestion-speedmanagement-job-kpi-id30-dev,job_security,FAIL,"security_config=false, role=arn:aws:iam::291751643970:role/icloud-ingestion-speedmanagement-glue-role-id30-dev",LOW
eu-west-1,glue,icloud-ingestion-speedmanagement-job-kpi-itgf-dev,job_security,FAIL,"security_config=false, role=arn:aws:iam::291751643970:role/icloud-ingestion-speedmanagement-glue-role-itgf-dev",LOW
eu-west-1,glue,daas-ingestion-hvacai-ch01,job_security,FAIL,"security_config=false, role=arn:aws:iam::291751643970:role/daas-role-glue-ingestion-dev-influx",LOW
eu-west-1,glue,daas-ingestion-hvacai-cz71,job_security,FAIL,"security_config=false, role=arn:aws:iam::291751643970:role/daas-role-glue-ingestion-dev-influx",LOW
eu-west-1,glue,daas-ingestion-hvacai-data-quality-ar30,job_security,FAIL,"security_config=false, role=arn:aws:iam::291751643970:role/daas-role-glue-ingestion-dev-influx",LOW
eu-west-1,glue,daas-ingestion-hvacai-data-quality-br40,job_security,FAIL,"security_config=false, role=arn:aws:iam::291751643970:role/daas-role-glue-ingestion-dev-influx",LOW
eu-west-1,glue,daas-ingestion-hvacai-data-quality-ch01,job_security,FAIL,"security_config=false, role=arn:aws:iam::291751643970:role/daas-role-glue-ingestion-dev-influx",LOW
eu-west-1,glue,daas-ingestion-hvacai-data-quality-cz71,job_security,FAIL,"security_config=false, role=arn:aws:iam::291751643970:role/daas-role-glue-ingestion-dev-influx",LOW
eu-west-1,glue,daas-ingestion-hvacai-data-quality-gr70,job_security,FAIL,"security_config=false, role=arn:aws:iam::291751643970:role/daas-role-glue-ingestion-dev-influx",LOW
eu-west-1,glue,daas-ingestion-hvacai-data-quality-id02,job_security,FAIL,"security_config=false, role=arn:aws:iam::291751643970:role/daas-role-glue-ingestion-dev-influx",LOW
eu-west-1,glue,daas-ingestion-hvacai-data-quality-id14,job_security,FAIL,"security_config=false, role=arn:aws:iam::291751643970:role/daas-role-glue-ingestion-dev-influx",LOW
eu-west-1,glue,icloud-ingestion-speedmanagement-job-kpi-ro70-dev,job_security,FAIL,"security_config=false, role=arn:aws:iam::291751643970:role/icloud-ingestion-speedmanagement-glue-role-ro70-dev",LOW
eu-west-1,glue,daas-ingestion-hvacai-data-quality-itgf,job_security,FAIL,"security_config=false, role=arn:aws:iam::291751643970:role/daas-role-glue-ingestion-dev-influx",LOW
eu-west-1,glue,daas-ingestion-hvacai-data-quality-kr70,job_security,FAIL,"security_config=false, role=arn:aws:iam::291751643970:role/daas-role-glue-ingestion-dev-influx",LOW
eu-west-1,glue,daas-compaction-primat-tr03,job_security,FAIL,"security_config=false, role=arn:aws:iam::291751643970:role/daas-role-glue-ingestion-primat-dev",LOW
eu-west-1,glue,daas-compaction-pssiv-nl70,job_security,FAIL,"security_config=false, role=arn:aws:iam::291751643970:role/daas-role-glue-ingestion-pssiv-dev",LOW
eu-west-1,glue,daas-ingestion-hvacai-data-quality-lt01,job_security,FAIL,"security_config=false, role=arn:aws:iam::291751643970:role/daas-role-glue-ingestion-dev-influx",LOW
eu-west-1,glue,daas-ingestion-hvacai-data-quality-ms14,job_security,FAIL,"security_config=false, role=arn:aws:iam::291751643970:role/daas-role-glue-ingestion-dev-influx",LOW
eu-west-1,glue,daas-imel-kz70-datacount,job_security,FAIL,"security_config=false, role=arn:aws:iam::291751643970:role/daas-role-glue-ingestion-imel-dev",LOW
eu-west-1,glue,daas-ingestion-hvacai-data-quality-pl02,job_security,FAIL,"security_config=false, role=arn:aws:iam::291751643970:role/daas-role-glue-ingestion-dev-influx",LOW
eu-west-1,glue,daas-ingestion-hvacai-data-quality-pt01,job_security,FAIL,"security_config=false, role=arn:aws:iam::291751643970:role/daas-role-glue-ingestion-dev-influx",LOW
eu-west-1,glue,daas-ingestion-hvacai-data-quality-ro01,job_security,FAIL,"security_config=false, role=arn:aws:iam::291751643970:role/daas-role-glue-ingestion-dev-influx",LOW
eu-west-1,glue,daas-ingestion-amcs-ittc,job_security,FAIL,"security_config=false, role=arn:aws:iam::291751643970:role/daas-role-glue-ingestion-amcs-dev",LOW
eu-west-1,glue,daas-ingestion-hvacai-data-quality-rs7z,job_security,FAIL,"security_config=false, role=arn:aws:iam::291751643970:role/daas-role-glue-ingestion-dev-influx",LOW
eu-west-1,glue,daas-ingestion-hvacai-data-quality-tr03,job_security,FAIL,"security_config=false, role=arn:aws:iam::291751643970:role/daas-role-glue-ingestion-dev-influx",LOW
eu-west-1,glue,daas-compaction-sapp1-global,job_security,FAIL,"security_config=false, role=arn:aws:iam::291751643970:role/daas-role-glue-ingestion-sapp1-dev",LOW
eu-west-1,glue,daas-delta-optimization-amcs,job_security,FAIL,"security_config=false, role=arn:aws:iam::291751643970:role/daas-role-glue-ingestion-amcs-dev",LOW
eu-west-1,glue,daas-delta-optimization-imel,job_security,FAIL,"security_config=false, role=arn:aws:iam::291751643970:role/daas-role-glue-ingestion-imel-dev",LOW
eu-west-1,glue,daas-delta-optimization-lesmes,job_security,FAIL,"security_config=false, role=arn:aws:iam::291751643970:role/daas-role-glue-ingestion-dev-lesmes",LOW
eu-west-1,glue,daas-digiperf-marco-test,job_security,FAIL,"security_config=false, role=arn:aws:iam::291751643970:role/daas-role-glue-ingestion-dev",LOW
eu-west-1,glue,daas-digiperf-marco-test-copy,job_security,FAIL,"security_config=false, role=arn:aws:iam::291751643970:role/daas-role-glue-ingestion-dev-ac",LOW
eu-west-1,glue,daas-digiperf-marco-test-pyshell,job_security,FAIL,"security_config=false, role=arn:aws:iam::291751643970:role/daas-role-glue-ingestion-dev",LOW
eu-west-1,glue,icloud-ingestion-speedmanagement-job-kpipack-gr70-dev,job_security,FAIL,"security_config=false, role=arn:aws:iam::291751643970:role/icloud-ingestion-speedmanagement-glue-role-gr70-dev",LOW
eu-west-1,glue,icloud-ingestion-speedmanagement-job-kpipack-id30-dev,job_security,FAIL,"security_config=false, role=arn:aws:iam::291751643970:role/icloud-ingestion-speedmanagement-glue-role-id30-dev",LOW
eu-west-1,glue,icloud-ingestion-speedmanagement-job-kpipack-itgf-dev,job_security,FAIL,"security_config=false, role=arn:aws:iam::291751643970:role/icloud-ingestion-speedmanagement-glue-role-itgf-dev",LOW
eu-west-1,glue,icloud-ingestion-speedmanagement-job-kpipack-ro70-dev,job_security,FAIL,"security_config=false, role=arn:aws:iam::291751643970:role/icloud-ingestion-speedmanagement-glue-role-ro70-dev",LOW
eu-west-1,glue,imel_testing,job_security,FAIL,"security_config=false, role=arn:aws:iam::291751643970:role/Amazon_Glue_S3",LOW
eu-west-1,glue,daas-imel-nl70,job_security,FAIL,"security_config=false, role=arn:aws:iam::291751643970:role/daas-role-glue-ingestion-imel-dev",LOW
eu-west-1,glue,daas-el-loading-amcs,job_security,FAIL,"security_config=false, role=arn:aws:iam::291751643970:role/daas-role-glue-ingestion-amcs-dev",LOW
eu-west-1,glue,ingestion-digiperf-api-dev,job_security,FAIL,"security_config=false, role=arn:aws:iam::291751643970:role/daas-role-glue-digiperf-dds-dev",LOW
eu-west-1,glue,ingestion-influxdb-ipc-new-ph70,job_security,FAIL,"security_config=false, role=arn:aws:iam::291751643970:role/daas-role-glue-ingestion-dev-influx",LOW
eu-west-1,glue,daas-el-loading-amcs-cc,job_security,FAIL,"security_config=false, role=arn:aws:iam::291751643970:role/daas-role-glue-ingestion-amcs-cc-dev",LOW
eu-west-1,glue,daas-ingestion-amcs-kr70,job_security,FAIL,"security_config=false, role=arn:aws:iam::291751643970:role/daas-role-glue-ingestion-amcs-dev",LOW
eu-west-1,glue,daas-ingestion-hvacai-gr70,job_security,FAIL,"security_config=false, role=arn:aws:iam::291751643970:role/daas-role-glue-ingestion-dev-influx",LOW
eu-west-1,glue,daas-ingestion-hvacai-id02,job_security,FAIL,"security_config=false, role=arn:aws:iam::291751643970:role/daas-role-glue-ingestion-dev-influx",LOW
eu-west-1,glue,daas-ingestion-hvacai-id14,job_security,FAIL,"security_config=false, role=arn:aws:iam::291751643970:role/daas-role-glue-ingestion-dev-influx",LOW
eu-west-1,glue,daas-ingestion-hvacai-id14-copy,job_security,FAIL,"security_config=false, role=arn:aws:iam::291751643970:role/daas-role-glue-ingestion-dev-influx",LOW
eu-west-1,glue,daas-imel-pl31,job_security,FAIL,"security_config=false, role=arn:aws:iam::291751643970:role/daas-role-glue-ingestion-imel-dev",LOW
eu-west-1,glue,daas-ingestion-hvacai-itgf,job_security,FAIL,"security_config=false, role=arn:aws:iam::291751643970:role/daas-role-glue-ingestion-dev-influx",LOW
eu-west-1,glue,daas-ingestion-hvacai-kr70,job_security,FAIL,"security_config=false, role=arn:aws:iam::291751643970:role/daas-role-glue-ingestion-dev-influx",LOW
eu-west-1,glue,daas-ingestion-hvacai-lt01,job_security,FAIL,"security_config=false, role=arn:aws:iam::291751643970:role/daas-role-glue-ingestion-dev-influx",LOW
eu-west-1,glue,daas-ingestion-hvacai-ms14,job_security,FAIL,"security_config=false, role=arn:aws:iam::291751643970:role/daas-role-glue-ingestion-dev-influx",LOW
eu-west-1,glue,daas-ingestion-hvacai-ph70,job_security,FAIL,"security_config=false, role=arn:aws:iam::291751643970:role/daas-role-glue-ingestion-dev-influx",LOW
eu-west-1,glue,daas-ingestion-hvacai-pl02,job_security,FAIL,"security_config=false, role=arn:aws:iam::291751643970:role/daas-role-glue-ingestion-dev-influx",LOW
eu-west-1,glue,daas-ingestion-imel-layout-kz70,job_security,FAIL,"security_config=false, role=arn:aws:iam::291751643970:role/daas-role-glue-ingestion-imel-dev",LOW
eu-west-1,glue,daas-ingestion-imel-layout-nl70,job_security,FAIL,"security_config=false, role=arn:aws:iam::291751643970:role/daas-role-glue-ingestion-imel-dev",LOW
eu-west-1,glue,daas-ingestion-amcs-kz70,job_security,FAIL,"security_config=false, role=arn:aws:iam::291751643970:role/daas-role-glue-ingestion-amcs-dev",LOW
eu-west-1,glue,daas-imel-reporting-modernization-microbatch-nl70,job_security,FAIL,"security_config=false, role=arn:aws:iam::291751643970:role/daas-ingestion-imel-reporting-modernization-glue-role-dev",LOW
eu-west-1,glue,daas-imel-reporting-modernization-microbatch-sandbox,job_security,FAIL,"security_config=false, role=arn:aws:iam::291751643970:role/daas-ingestion-imel-reporting-modernization-glue-role-dev",LOW
eu-west-1,glue,daas-imel-reporting-modernization-nl70,job_security,FAIL,"security_config=false, role=arn:aws:iam::291751643970:role/daas-ingestion-imel-reporting-modernization-glue-role-dev",LOW
eu-west-1,glue,daas-imel-reporting-modernization-sandbox,job_security,FAIL,"security_config=false, role=arn:aws:iam::291751643970:role/daas-ingestion-imel-reporting-modernization-glue-role-dev",LOW
eu-west-1,glue,daas-ingestion-lesmes-ms14,job_security,FAIL,"security_config=false, role=arn:aws:iam::291751643970:role/daas-role-glue-ingestion-dev-lesmes",LOW
eu-west-1,glue,daas-ingestion-lesmes-ph70,job_security,FAIL,"security_config=false, role=arn:aws:iam::291751643970:role/daas-role-glue-ingestion-dev-lesmes",LOW
eu-west-1,glue,daas-ingestion-lesmes-phmc,job_security,FAIL,"security_config=false, role=arn:aws:iam::291751643970:role/daas-role-glue-ingestion-dev-lesmes",LOW
eu-west-1,glue,daas-ingestion-lesmes-pk81,job_security,FAIL,"security_config=false, role=arn:aws:iam::291751643970:role/daas-role-glue-ingestion-dev-lesmes",LOW
eu-west-1,glue,daas-ingestion-lesmes-pl02,job_security,FAIL,"security_config=false, role=arn:aws:iam::291751643970:role/daas-role-glue-ingestion-dev-lesmes",LOW
eu-west-1,glue,daas-ingestion-lesmes-pt01,job_security,FAIL,"security_config=false, role=arn:aws:iam::291751643970:role/daas-role-glue-ingestion-dev-lesmes",LOW
eu-west-1,glue,daas-ingestion-lesmes-ro01,job_security,FAIL,"security_config=false, role=arn:aws:iam::291751643970:role/daas-role-glue-ingestion-dev-lesmes",LOW
eu-west-1,glue,daas-ingestion-lesmes-rs7z,job_security,FAIL,"security_config=false, role=arn:aws:iam::291751643970:role/daas-role-glue-ingestion-dev-lesmes",LOW
eu-west-1,glue,daas-ingestion-lesmes-sn01,job_security,FAIL,"security_config=false, role=arn:aws:iam::291751643970:role/daas-role-glue-ingestion-dev-lesmes",LOW
eu-west-1,glue,daas-ingestion-lesmes-tr03,job_security,FAIL,"security_config=false, role=arn:aws:iam::291751643970:role/daas-role-glue-ingestion-dev-lesmes",LOW
eu-west-1,glue,daas-ingestion-lesmes-ua06,job_security,FAIL,"security_config=false, role=arn:aws:iam::291751643970:role/daas-role-glue-ingestion-dev-lesmes",LOW
eu-west-1,glue,daas-ingestion-patty-crmlesmes-dev,job_security,FAIL,"security_config=false, role=arn:aws:iam::291751643970:role/daas-role-glue-ingestion-patty-dev",LOW
eu-west-1,glue,daas-ingestion-ppa-global,job_security,FAIL,"security_config=false, role=arn:aws:iam::291751643970:role/daas-role-glue-ingestion-ppa-dev",LOW
eu-west-1,glue,daas-ingestion-primat-ch41,job_security,FAIL,"security_config=false, role=arn:aws:iam::291751643970:role/daas-role-glue-ingestion-primat-dev",LOW
eu-west-1,glue,daas-ingestion-primat-tr03,job_security,FAIL,"security_config=false, role=arn:aws:iam::291751643970:role/daas-role-glue-ingestion-primat-dev",LOW
eu-west-1,glue,daas-ingestion-pss-itgf-test,job_security,FAIL,"security_config=false, role=arn:aws:iam::291751643970:role/daas-role-glue-ingestion-pss-dev",LOW
eu-west-1,glue,daas-ingestion-pss-ro70-dev,job_security,FAIL,"security_config=false, role=arn:aws:iam::291751643970:role/daas-role-glue-ingestion-pss-dev",LOW
eu-west-1,glue,daas-ingestion-sapp1-dev,job_security,FAIL,"security_config=false, role=arn:aws:iam::291751643970:role/daas-role-glue-ingestion-patty-dev",LOW
eu-west-1,glue,daas-ingestion-uad-app60-tr03,job_security,FAIL,"security_config=false, role=arn:aws:iam::291751643970:role/daas-role-glue-ingestion-dev-uad",LOW
eu-west-1,glue,daas-ingestion-uad-influx-tr03,job_security,FAIL,"security_config=false, role=arn:aws:iam::291751643970:role/daas-role-glue-ingestion-dev-uad",LOW
eu-west-1,glue,daas-ingestion-uad-primat-tr03,job_security,FAIL,"security_config=false, role=arn:aws:iam::291751643970:role/daas-role-glue-ingestion-dev-uad",LOW
eu-west-1,glue,daas-ipc-async-general-dev,job_security,FAIL,"security_config=false, role=daas-role-glue-ingestion-prototype",LOW
eu-west-1,glue,daas-ipc-async-pmbr-dev,job_security,FAIL,"security_config=false, role=daas-role-glue-ingestion-prototype",LOW
eu-west-1,glue,daas-ipc-async-pmcz-dev,job_security,FAIL,"security_config=false, role=daas-role-glue-ingestion-prototype",LOW
eu-west-1,glue,daas-ipc-async-pmidkar-dev,job_security,FAIL,"security_config=false, role=daas-role-glue-ingestion-prototype",LOW
eu-west-1,glue,daas-ipc-async-pmms-dev,job_security,FAIL,"security_config=false, role=daas-role-glue-ingestion-prototype",LOW
eu-west-1,glue,daas-ipc-async-pmph-dev,job_security,FAIL,"security_config=false, role=daas-role-glue-ingestion-prototype",LOW
eu-west-1,glue,daas-ipc-async-pmpl-dev,job_security,FAIL,"security_config=false, role=daas-role-glue-ingestion-prototype",LOW
eu-west-1,glue,daas-ipc-async-pmpsa-dev,job_security,FAIL,"security_config=false, role=arn:aws:iam::291751643970:role/daas-role-glue-ingestion-prototype",LOW
eu-west-1,glue,daas-ipc-async-pmpt-dev,job_security,FAIL,"security_config=false, role=daas-role-glue-ingestion-prototype",LOW
eu-west-1,glue,daas-ipc-async-pmtr-dev,job_security,FAIL,"security_config=false, role=daas-role-glue-ingestion-prototype",LOW
eu-west-1,glue,daas-ipc-marco-test,job_security,FAIL,"security_config=false, role=arn:aws:iam::291751643970:role/daas-role-glue-ingestion-dev",LOW
eu-west-1,glue,daas-ipc-philsa-ingestion-marco-test,job_security,FAIL,"security_config=false, role=arn:aws:iam::291751643970:role/daas-role-glue-ingestion-dev",LOW
eu-west-1,glue,daas-latearrival-amcs-itgf-test,job_security,FAIL,"security_config=false, role=arn:aws:iam::291751643970:role/daas-role-glue-ingestion-amcs-dev",LOW
eu-west-1,glue,daas-lesmes-marco-pyshell-test,job_security,FAIL,"security_config=false, role=arn:aws:iam::291751643970:role/daas-role-glue-ingestion-dev",LOW
eu-west-1,glue,daas-lesmes-marco-test,job_security,FAIL,"security_config=false, role=arn:aws:iam::291751643970:role/daas-role-glue-ingestion-dev",LOW
eu-west-1,glue,daas-marco-pymssql-test,job_security,FAIL,"security_config=false, role=arn:aws:iam::291751643970:role/daas-role-glue-ingestion-dev",LOW
eu-west-1,glue,daas-marco-test-pyshell,job_security,FAIL,"security_config=false, role=arn:aws:iam::291751643970:role/daas-role-glue-ingestion-dev",LOW
eu-west-1,glue,daas-microbatch-comas-pss-test,job_security,FAIL,"security_config=false, role=arn:aws:iam::291751643970:role/daas-role-glue-ingestion-pss-dev",LOW
eu-west-1,glue,daas-imel-ph88,job_security,FAIL,"security_config=false, role=arn:aws:iam::291751643970:role/daas-role-glue-ingestion-imel-dev",LOW
eu-west-1,glue,daas-microbatch-ingestion-imel-test,job_security,FAIL,"security_config=false, role=arn:aws:iam::291751643970:role/daas-imel-microbatch-ingestion_cloudwatch_event_rule",LOW
eu-west-1,glue,daas-microbatch-ingestion-lesmes-br40,job_security,FAIL,"security_config=false, role=arn:aws:iam::291751643970:role/daas-role-glue-ingestion-dev-lesmes",LOW
eu-west-1,glue,daas-microbatch-ingestion-lesmes-cz71,job_security,FAIL,"security_config=false, role=arn:aws:iam::291751643970:role/daas-role-glue-ingestion-dev-lesmes",LOW
eu-west-1,glue,daas-microbatch-ingestion-lesmes-id02,job_security,FAIL,"security_config=false, role=arn:aws:iam::291751643970:role/daas-role-glue-ingestion-dev-lesmes",LOW
eu-west-1,glue,daas-microbatch-ingestion-lesmes-id14,job_security,FAIL,"security_config=false, role=arn:aws:iam::291751643970:role/daas-role-glue-ingestion-dev-lesmes",LOW
eu-west-1,glue,daas-microbatch-ingestion-lesmes-lt01,job_security,FAIL,"security_config=false, role=arn:aws:iam::291751643970:role/daas-role-glue-ingestion-dev-lesmes",LOW
eu-west-1,glue,daas-microbatch-ingestion-lesmes-ms14,job_security,FAIL,"security_config=false, role=arn:aws:iam::291751643970:role/daas-role-glue-ingestion-dev-lesmes",LOW
eu-west-1,glue,daas-compaction-lesmes-pt01,job_security,FAIL,"security_config=false, role=arn:aws:iam::291751643970:role/daas-role-glue-ingestion-dev-lesmes",LOW
eu-west-1,glue,daas-compaction-lesmes-ro01,job_security,FAIL,"security_config=false, role=arn:aws:iam::291751643970:role/daas-role-glue-ingestion-dev-lesmes",LOW
eu-west-1,glue,daas-compaction-lesmes-rs7z,job_security,FAIL,"security_config=false, role=arn:aws:iam::291751643970:role/daas-role-glue-ingestion-dev-lesmes",LOW
eu-west-1,glue,daas-compaction-lesmes-sn01,job_security,FAIL,"security_config=false, role=arn:aws:iam::291751643970:role/daas-role-glue-ingestion-dev-lesmes",LOW
eu-west-1,glue,daas-hvac-test-2,job_security,FAIL,"security_config=false, role=arn:aws:iam::291751643970:role/daas-role-glue-ingestion-prototype",LOW
eu-west-1,glue,daas-imel-sb-mb-pl31,job_security,FAIL,"security_config=false, role=arn:aws:iam::291751643970:role/daas-role-glue-ingestion-imel-dev",LOW
eu-west-1,glue,daas-ingestion-hvacai-data-quality-ph70,job_security,FAIL,"security_config=false, role=arn:aws:iam::291751643970:role/daas-role-glue-ingestion-dev-influx",LOW
eu-west-1,glue,daas-microbatch-ingestion-lesmes-ph70,job_security,FAIL,"security_config=false, role=arn:aws:iam::291751643970:role/daas-role-glue-ingestion-dev-lesmes",LOW
eu-west-1,glue,daas-microbatch-ingestion-lesmes-pl02,job_security,FAIL,"security_config=false, role=arn:aws:iam::291751643970:role/daas-role-glue-ingestion-dev-lesmes",LOW
eu-west-1,glue,daas-ingestion-hvacai-pt01,job_security,FAIL,"security_config=false, role=arn:aws:iam::291751643970:role/daas-role-glue-ingestion-dev-influx",LOW
eu-west-1,glue,daas-microbatch-ingestion-lesmes-pt01,job_security,FAIL,"security_config=false, role=arn:aws:iam::291751643970:role/daas-role-glue-ingestion-dev-lesmes",LOW
eu-west-1,glue,daas-odl-parameter-target-value-imel,job_security,FAIL,"security_config=false, role=arn:aws:iam::291751643970:role/daas-role-glue-ingestion-imel-dev",LOW
eu-west-1,glue,daas-ingestion-hvacai-ro01,job_security,FAIL,"security_config=false, role=arn:aws:iam::291751643970:role/daas-role-glue-ingestion-dev-influx",LOW
eu-west-1,glue,daas-ingestion-hvacai-rs7z,job_security,FAIL,"security_config=false, role=arn:aws:iam::291751643970:role/daas-role-glue-ingestion-dev-influx",LOW
eu-west-1,glue,daas-ingestion-hvacai-tr03,job_security,FAIL,"security_config=false, role=arn:aws:iam::291751643970:role/daas-role-glue-ingestion-dev-influx",LOW
eu-west-1,glue,daas-ingestion-hvacai-us53,job_security,FAIL,"security_config=false, role=arn:aws:iam::291751643970:role/daas-role-glue-ingestion-dev-influx",LOW
eu-west-1,glue,daas-ingestion-imel-layout-ch41,job_security,FAIL,"security_config=false, role=arn:aws:iam::291751643970:role/daas-role-glue-ingestion-imel-dev",LOW
eu-west-1,glue,daas-ingestion-imel-layout-gr70,job_security,FAIL,"security_config=false, role=arn:aws:iam::291751643970:role/daas-role-glue-ingestion-imel-dev",LOW
eu-west-1,glue,daas-ingestion-imel-layout-id30,job_security,FAIL,"security_config=false, role=arn:aws:iam::291751643970:role/daas-role-glue-ingestion-imel-dev",LOW
eu-west-1,glue,icloud-archive-job-pfx-itgf-dev,job_security,FAIL,"security_config=false, role=arn:aws:iam::291751643970:role/icloud-archive-glue-role-pfx-itgf-dev",LOW
eu-west-1,glue,daas-microbatch-ingestion-lesmes-rs7z,job_security,FAIL,"security_config=false, role=arn:aws:iam::291751643970:role/daas-role-glue-ingestion-dev-lesmes",LOW
eu-west-1,glue,daas-patty-pt01,job_security,FAIL,"security_config=false, role=arn:aws:iam::291751643970:role/daas-role-glue-ingestion-patty-dev",LOW
eu-west-1,glue,daas-microbatch-ingestion-lesmes-sn01,job_security,FAIL,"security_config=false, role=arn:aws:iam::291751643970:role/daas-role-glue-ingestion-dev-lesmes",LOW
eu-west-1,glue,daas-microbatch-ingestion-lesmes-tr03,job_security,FAIL,"security_config=false, role=arn:aws:iam::291751643970:role/daas-role-glue-ingestion-dev-lesmes",LOW
eu-west-1,glue,daas-microbatch-ingestion-lesmes-ua06,job_security,FAIL,"security_config=false, role=arn:aws:iam::291751643970:role/daas-role-glue-ingestion-dev-lesmes",LOW
eu-west-1,glue,daas-microbatch-pss-itgf,job_security,FAIL,"security_config=false, role=arn:aws:iam::291751643970:role/daas-role-glue-ingestion-pss-dev",LOW
eu-west-1,glue,daas-microbatch-pss-itgf-copy,job_security,FAIL,"security_config=false, role=arn:aws:iam::291751643970:role/daas-role-glue-ingestion-pss-dev",LOW
eu-west-1,glue,daas-microbatch-pss-itgf-copy1,job_security,FAIL,"security_config=false, role=arn:aws:iam::291751643970:role/daas-role-glue-ingestion-pss-dev",LOW
eu-west-1,glue,daas-microbatch-pss-itgf-customtags,job_security,FAIL,"security_config=false, role=arn:aws:iam::291751643970:role/daas-role-glue-ingestion-pss-dev",LOW
eu-west-1,glue,daas-patty-datamart-materialparametervalue-patty-copy,job_security,FAIL,"security_config=false, role=arn:aws:iam::291751643970:role/daas-role-glue-ingestion-patty-dev",LOW
eu-west-1,glue,daas-ingestion-imel-layout-itgf,job_security,FAIL,"security_config=false, role=arn:aws:iam::291751643970:role/daas-role-glue-ingestion-imel-dev",LOW
eu-west-1,glue,daas-ingestion-influx-ipc-rs7z,job_security,FAIL,"security_config=false, role=arn:aws:iam::291751643970:role/daas-role-glue-ingestion-dev-influx",LOW
eu-west-1,glue,daas-ingestion-influx-ipc-rs7z-copy,job_security,FAIL,"security_config=false, role=arn:aws:iam::291751643970:role/daas-role-glue-ingestion-dev-influx",LOW
eu-west-1,glue,daas-ingestion-influx-ipc-tr03,job_security,FAIL,"security_config=false, role=arn:aws:iam::291751643970:role/daas-role-glue-ingestion-dev-influx",LOW
eu-west-1,glue,daas-ingestion-ipc-br40,job_security,FAIL,"security_config=false, role=arn:aws:iam::291751643970:role/daas-role-glue-ingestion-dev-influx",LOW
eu-west-1,glue,daas-ingestion-ipc-ch01,job_security,FAIL,"security_config=false, role=arn:aws:iam::291751643970:role/daas-role-glue-ingestion-dev-influx",LOW
eu-west-1,glue,daas-ingestion-ipc-cz71,job_security,FAIL,"security_config=false, role=arn:aws:iam::291751643970:role/daas-role-glue-ingestion-dev-influx",LOW
eu-west-1,glue,daas-ingestion-ipc-id01,job_security,FAIL,"security_config=false, role=arn:aws:iam::291751643970:role/daas-role-glue-ingestion-dev-influx",LOW
eu-west-1,glue,daas-ingestion-ipc-lt01,job_security,FAIL,"security_config=false, role=arn:aws:iam::291751643970:role/daas-role-glue-ingestion-dev-influx",LOW
eu-west-1,glue,daas-ingestion-ipc-ms14,job_security,FAIL,"security_config=false, role=arn:aws:iam::291751643970:role/daas-role-glue-ingestion-dev-influx",LOW
eu-west-1,glue,daas-microbatch-pss-itgf-t1,job_security,FAIL,"security_config=false, role=arn:aws:iam::291751643970:role/daas-role-glue-ingestion-pss-dev",LOW
eu-west-1,glue,daas-ingestion-ipc-ph70,job_security,FAIL,"security_config=false, role=arn:aws:iam::291751643970:role/daas-role-glue-ingestion-dev-influx",LOW
eu-west-1,glue,daas-ingestion-ipc-pl02,job_security,FAIL,"security_config=false, role=arn:aws:iam::291751643970:role/daas-role-glue-ingestion-dev-influx",LOW
eu-west-1,glue,daas-microbatch-ingestion-amcs,job_security,FAIL,"security_config=false, role=arn:aws:iam::291751643970:role/daas-role-glue-ingestion-amcs-dev",LOW
eu-west-1,glue,daas-ingestion-ipc-pt01,job_security,FAIL,"security_config=false, role=arn:aws:iam::291751643970:role/daas-role-glue-ingestion-dev-influx",LOW
eu-west-1,glue,daas-ingestion-ipc-rs7z,job_security,FAIL,"security_config=false, role=arn:aws:iam::291751643970:role/daas-role-glue-ingestion-dev-influx",LOW
eu-west-1,glue,daas-ingestion-lesmes-ar30,job_security,FAIL,"security_config=false, role=arn:aws:iam::291751643970:role/daas-role-glue-ingestion-dev-lesmes",LOW
eu-west-1,glue,daas-ingestion-ipc-tr03,job_security,FAIL,"security_config=false, role=arn:aws:iam::291751643970:role/daas-role-glue-ingestion-dev-influx",LOW
eu-west-1,glue,daas-ingestion-lesmes-ca10,job_security,FAIL,"security_config=false, role=arn:aws:iam::291751643970:role/daas-role-glue-ingestion-dev-lesmes",LOW
eu-west-1,glue,daas-ingestion-lesmes-ch01,job_security,FAIL,"security_config=false, role=arn:aws:iam::291751643970:role/daas-role-glue-ingestion-dev-lesmes",LOW
eu-west-1,glue,daas-ingestion-lesmes-cz71,job_security,FAIL,"security_config=false, role=arn:aws:iam::291751643970:role/daas-role-glue-ingestion-dev-lesmes",LOW
eu-west-1,glue,daas-ingestion-lesmes-de19,job_security,FAIL,"security_config=false, role=arn:aws:iam::291751643970:role/daas-role-glue-ingestion-dev-lesmes",LOW
eu-west-1,glue,daas-ingestion-lesmes-id02,job_security,FAIL,"security_config=false, role=arn:aws:iam::291751643970:role/daas-role-glue-ingestion-dev-lesmes",LOW
eu-west-1,glue,daas-ingestion-lesmes-id14,job_security,FAIL,"security_config=false, role=arn:aws:iam::291751643970:role/daas-role-glue-ingestion-dev-lesmes",LOW
eu-west-1,glue,daas-ingestion-lesmes-jo40,job_security,FAIL,"security_config=false, role=arn:aws:iam::291751643970:role/daas-role-glue-ingestion-dev-lesmes",LOW
eu-west-1,glue,daas-ingestion-lesmes-kr80,job_security,FAIL,"security_config=false, role=arn:aws:iam::291751643970:role/daas-role-glue-ingestion-dev-lesmes",LOW
eu-west-1,glue,daas-ingestion-lesmes-br40,job_security,FAIL,"security_config=false, role=arn:aws:iam::291751643970:role/daas-role-glue-ingestion-dev-lesmes",LOW
eu-west-1,glue,daas-ingestion-lesmes-ldh-pl02,job_security,FAIL,"security_config=false, role=arn:aws:iam::291751643970:role/daas-role-glue-ingestion-dev-lesmes",LOW
eu-west-1,glue,daas-ingestion-lesmes-ldh-snapshot-pl02,job_security,FAIL,"security_config=false, role=arn:aws:iam::291751643970:role/daas-role-glue-ingestion-dev-lesmes",LOW
eu-west-1,glue,daas-ingestion-lesmes-ldh-snapshot-tr03,job_security,FAIL,"security_config=false, role=arn:aws:iam::291751643970:role/daas-role-glue-ingestion-dev-lesmes",LOW
eu-west-1,glue,daas-ingestion-lesmes-ldh-tr03,job_security,FAIL,"security_config=false, role=arn:aws:iam::291751643970:role/daas-role-glue-ingestion-dev-lesmes",LOW
eu-west-1,glue,daas-ingestion-lesmes-kz03,job_security,FAIL,"security_config=false, role=arn:aws:iam::291751643970:role/daas-role-glue-ingestion-dev-lesmes",LOW
eu-west-1,glue,daas-ingestion-lesmes-lt01,job_security,FAIL,"security_config=false, role=arn:aws:iam::291751643970:role/daas-role-glue-ingestion-dev-lesmes",LOW
eu-west-1,glue,daas-proxima-digiperf-master,job_security,FAIL,"security_config=false, role=arn:aws:iam::291751643970:role/daas-glue-proxima-dev",LOW
eu-west-1,glue,daas-proxima-dm-d-machine-module-family,job_security,FAIL,"security_config=false, role=arn:aws:iam::291751643970:role/daas-glue-proxima-dev",LOW
eu-west-1,glue,daas-proxima-dm-d-production-line-technology,job_security,FAIL,"security_config=false, role=arn:aws:iam::291751643970:role/daas-glue-proxima-dev",LOW
eu-west-1,glue,daas-patty-ar30,job_security,FAIL,"security_config=false, role=arn:aws:iam::291751643970:role/daas-role-glue-ingestion-patty-dev",LOW
eu-west-1,glue,daas-proxima-energy_etl-br40,job_security,FAIL,"security_config=false, role=arn:aws:iam::291751643970:role/daas-glue-proxima-dev",LOW
eu-west-1,glue,daas-proxima-energy_etl-nl09,job_security,FAIL,"security_config=false, role=arn:aws:iam::291751643970:role/daas-glue-proxima-dev",LOW
eu-west-1,glue,daas-proxima-energy_etl-cz71,job_security,FAIL,"security_config=false, role=arn:aws:iam::291751643970:role/daas-glue-proxima-dev",LOW
eu-west-1,glue,daas-proxima-energy_etl-gr70,job_security,FAIL,"security_config=false, role=arn:aws:iam::291751643970:role/daas-glue-proxima-dev",LOW
eu-west-1,glue,daas-proxima-energy_etl-id01,job_security,FAIL,"security_config=false, role=arn:aws:iam::291751643970:role/daas-glue-proxima-dev",LOW
eu-west-1,glue,daas-proxima-energy_etl-id14,job_security,FAIL,"security_config=false, role=arn:aws:iam::291751643970:role/daas-glue-proxima-dev",LOW
eu-west-1,glue,daas-proxima-energy_etl-itgf,job_security,FAIL,"security_config=false, role=arn:aws:iam::291751643970:role/daas-glue-proxima-dev",LOW
eu-west-1,glue,daas-proxima-energy_etl-kr70,job_security,FAIL,"security_config=false, role=arn:aws:iam::291751643970:role/daas-glue-proxima-dev",LOW
eu-west-1,glue,daas-proxima-energy_etl-kz03,job_security,FAIL,"security_config=false, role=arn:aws:iam::291751643970:role/daas-glue-proxima-dev",LOW
eu-west-1,glue,daas-proxima-energy_etl-lt01,job_security,FAIL,"security_config=false, role=arn:aws:iam::291751643970:role/daas-glue-proxima-dev",LOW
eu-west-1,glue,daas-proxima-energy_etl-ms14,job_security,FAIL,"security_config=false, role=arn:aws:iam::291751643970:role/daas-glue-proxima-dev",LOW
eu-west-1,glue,daas-proxima-energy_etl-ph70,job_security,FAIL,"security_config=false, role=arn:aws:iam::291751643970:role/daas-glue-proxima-dev",LOW
eu-west-1,glue,daas-proxima-energy_etl-pl02,job_security,FAIL,"security_config=false, role=arn:aws:iam::291751643970:role/daas-glue-proxima-dev",LOW
eu-west-1,glue,daas-proxima-energy_etl-pt01,job_security,FAIL,"security_config=false, role=arn:aws:iam::291751643970:role/daas-glue-proxima-dev",LOW
eu-west-1,glue,daas-proxima-energy_etl-ro70,job_security,FAIL,"security_config=false, role=arn:aws:iam::291751643970:role/daas-glue-proxima-dev",LOW
eu-west-1,glue,daas-proxima-energy_etl-rs7z,job_security,FAIL,"security_config=false, role=arn:aws:iam::291751643970:role/daas-glue-proxima-dev",LOW
eu-west-1,glue,daas-proxima-energy_etl-tr03,job_security,FAIL,"security_config=false, role=arn:aws:iam::291751643970:role/daas-glue-proxima-dev",LOW
eu-west-1,glue,daas-proxima-ev_etl_proportional-id01,job_security,FAIL,"security_config=false, role=arn:aws:iam::291751643970:role/daas-glue-proxima-dev",LOW
eu-west-1,glue,daas-proxima-ev_etl_proportional-id14,job_security,FAIL,"security_config=false, role=arn:aws:iam::291751643970:role/daas-glue-proxima-dev",LOW
eu-west-1,glue,daas-proxima-manual-kpi-loading,job_security,FAIL,"security_config=false, role=arn:aws:iam::291751643970:role/daas-glue-proxima-dev",LOW
eu-west-1,glue,daas-proxima-mv_etl-id01,job_security,FAIL,"security_config=false, role=arn:aws:iam::291751643970:role/daas-glue-proxima-dev",LOW
eu-west-1,glue,daas-proxima-mv_etl-id14,job_security,FAIL,"security_config=false, role=arn:aws:iam::291751643970:role/daas-glue-proxima-dev",LOW
eu-west-1,glue,daas-proxima-pss_dm,job_security,FAIL,"security_config=false, role=arn:aws:iam::291751643970:role/daas-glue-proxima-dev",LOW
eu-west-1,glue,daas-proxima-pv_etl-br40,job_security,FAIL,"security_config=false, role=arn:aws:iam::291751643970:role/daas-glue-proxima-dev",LOW
eu-west-1,glue,daas-proxima-pv_etl-ch01,job_security,FAIL,"security_config=false, role=arn:aws:iam::291751643970:role/daas-glue-proxima-dev",LOW
eu-west-1,glue,daas-proxima-pv_etl-cz71,job_security,FAIL,"security_config=false, role=arn:aws:iam::291751643970:role/daas-glue-proxima-dev",LOW
eu-west-1,glue,daas-proxima-pv_etl-gr70,job_security,FAIL,"security_config=false, role=arn:aws:iam::291751643970:role/daas-glue-proxima-dev",LOW
eu-west-1,glue,daas-proxima-pv_etl-id01,job_security,FAIL,"security_config=false, role=arn:aws:iam::291751643970:role/daas-glue-proxima-dev",LOW
eu-west-1,glue,daas-proxima-pv_etl-id14,job_security,FAIL,"security_config=false, role=arn:aws:iam::291751643970:role/daas-glue-proxima-dev",LOW
eu-west-1,glue,daas-proxima-pv_etl-itgf,job_security,FAIL,"security_config=false, role=arn:aws:iam::291751643970:role/daas-glue-proxima-dev",LOW
eu-west-1,glue,daas-proxima-pv_etl-kr70,job_security,FAIL,"security_config=false, role=arn:aws:iam::291751643970:role/daas-glue-proxima-dev",LOW
eu-west-1,glue,daas-proxima-pv_etl-kz03,job_security,FAIL,"security_config=false, role=arn:aws:iam::291751643970:role/daas-glue-proxima-dev",LOW
eu-west-1,glue,daas-proxima-pv_etl-lt01,job_security,FAIL,"security_config=false, role=arn:aws:iam::291751643970:role/daas-glue-proxima-dev",LOW
eu-west-1,glue,daas-proxima-pv_etl-ms14,job_security,FAIL,"security_config=false, role=arn:aws:iam::291751643970:role/daas-glue-proxima-dev",LOW
eu-west-1,glue,daas-proxima-pv_etl-nl09,job_security,FAIL,"security_config=false, role=arn:aws:iam::291751643970:role/daas-glue-proxima-dev",LOW
eu-west-1,glue,daas-proxima-pv_etl-ph70,job_security,FAIL,"security_config=false, role=arn:aws:iam::291751643970:role/daas-glue-proxima-dev",LOW
eu-west-1,glue,daas-proxima-pv_etl-pl02,job_security,FAIL,"security_config=false, role=arn:aws:iam::291751643970:role/daas-glue-proxima-dev",LOW
eu-west-1,glue,daas-proxima-pv_etl-pt01,job_security,FAIL,"security_config=false, role=arn:aws:iam::291751643970:role/daas-glue-proxima-dev",LOW
eu-west-1,glue,daas-proxima-pv_etl-ro70,job_security,FAIL,"security_config=false, role=arn:aws:iam::291751643970:role/daas-glue-proxima-dev",LOW
eu-west-1,glue,daas-patty-br40,job_security,FAIL,"security_config=false, role=arn:aws:iam::291751643970:role/daas-role-glue-ingestion-patty-dev",LOW
eu-west-1,glue,daas-proxima-pv_etl-tr03,job_security,FAIL,"security_config=false, role=arn:aws:iam::291751643970:role/daas-glue-proxima-dev",LOW
eu-west-1,glue,daas-proxima-sa-mf,job_security,FAIL,"security_config=false, role=arn:aws:iam::291751643970:role/daas-glue-proxima-dev",LOW
eu-west-1,glue,daas-proxima-sa-production-line-mapping,job_security,FAIL,"security_config=false, role=arn:aws:iam::291751643970:role/daas-glue-proxima-dev",LOW
eu-west-1,glue,daas-pss-itgf-parameter-actual-value-timestream-dev,job_security,FAIL,"security_config=false, role=arn:aws:iam::291751643970:role/daas-role-glue-ingestion-dev",LOW
eu-west-1,glue,daas-pss-itgf-timestream-dev,job_security,FAIL,"security_config=false, role=daas-role-glue-ingestion-dev",LOW
eu-west-1,glue,daas-pss-itgf-timestream-dev-new-requirement,job_security,FAIL,"security_config=false, role=arn:aws:iam::291751643970:role/daas-role-glue-ingestion-dev",LOW
eu-west-1,glue,daas-pss-timestream,job_security,FAIL,"security_config=false, role=arn:aws:iam::291751643970:role/daas-role-glue-ingestion-dev",LOW
eu-west-1,glue,daas-pss-timestream-prova,job_security,FAIL,"security_config=false, role=daas-role-glue-ingestion-dev",LOW
eu-west-1,glue,daas-pssiv-nl70,job_security,FAIL,"security_config=false, role=arn:aws:iam::291751643970:role/daas-role-glue-ingestion-pssiv-dev",LOW
eu-west-1,glue,daas-pymssql-test,job_security,FAIL,"security_config=false, role=arn:aws:iam::291751643970:role/daas-role-glue-ingestion-prototype",LOW
eu-west-1,glue,daas-patty-ca10,job_security,FAIL,"security_config=false, role=arn:aws:iam::291751643970:role/daas-role-glue-ingestion-patty-dev",LOW
eu-west-1,glue,daas-reconciliation-amcs-ch41,job_security,FAIL,"security_config=false, role=arn:aws:iam::291751643970:role/daas-role-glue-ingestion-amcs-dev",LOW
eu-west-1,glue,daas-reconciliation-amcs-gr70,job_security,FAIL,"security_config=false, role=arn:aws:iam::291751643970:role/daas-role-glue-ingestion-amcs-dev",LOW
eu-west-1,glue,daas-patty-cz71,job_security,FAIL,"security_config=false, role=arn:aws:iam::291751643970:role/daas-role-glue-ingestion-patty-dev",LOW
eu-west-1,glue,daas-reconciliation-amcs-id30,job_security,FAIL,"security_config=false, role=arn:aws:iam::291751643970:role/daas-role-glue-ingestion-amcs-dev",LOW
eu-west-1,glue,daas-reconciliation-amcs-ittc,job_security,FAIL,"security_config=false, role=arn:aws:iam::291751643970:role/daas-role-glue-ingestion-amcs-dev",LOW
eu-west-1,glue,daas-reconciliation-amcs-itgf,job_security,FAIL,"security_config=false, role=arn:aws:iam::291751643970:role/daas-role-glue-ingestion-amcs-dev",LOW
eu-west-1,glue,daas-reconciliation-amcs-kz70,job_security,FAIL,"security_config=false, role=arn:aws:iam::291751643970:role/daas-role-glue-ingestion-amcs-dev",LOW
eu-west-1,glue,daas-reconciliation-amcs-ph88,job_security,FAIL,"security_config=false, role=arn:aws:iam::291751643970:role/daas-role-glue-ingestion-amcs-dev",LOW
eu-west-1,glue,daas-reconciliation-amcs-pl31,job_security,FAIL,"security_config=false, role=arn:aws:iam::291751643970:role/daas-role-glue-ingestion-amcs-dev",LOW
eu-west-1,glue,ingestion-digiperf-api,job_security,FAIL,"security_config=false, role=arn:aws:iam::291751643970:role/daas-role-glue-digiperf-dds-dev",LOW
eu-west-1,glue,daas-reconciliation-amcs-rs7a,job_security,FAIL,"security_config=false, role=arn:aws:iam::291751643970:role/daas-role-glue-ingestion-amcs-dev",LOW
eu-west-1,glue,daas-reconciliation-imel-source-ITGF,job_security,FAIL,"security_config=false, role=arn:aws:iam::291751643970:role/daas-role-glue-ingestion-imel-dev",LOW
eu-west-1,glue,daas-reconciliation-amcs-us70,job_security,FAIL,"security_config=false, role=arn:aws:iam::291751643970:role/daas-role-glue-ingestion-amcs-dev",LOW
eu-west-1,glue,daas-rose-marco-test,job_security,FAIL,"security_config=false, role=arn:aws:iam::291751643970:role/daas-role-glue-ingestion-dev",LOW
eu-west-1,glue,daas-sapp1-exchange-rates,job_security,FAIL,"security_config=false, role=arn:aws:iam::291751643970:role/daas-role-glue-ingestion-sapp1-dev",LOW
eu-west-1,glue,daas-source-count-dev,job_security,FAIL,"security_config=false, role=arn:aws:iam::291751643970:role/daas-role-glue-ingestion-imel-dev",LOW
eu-west-1,glue,daas-staging-extract-material-patty,job_security,FAIL,"security_config=false, role=arn:aws:iam::291751643970:role/daas-role-glue-ingestion-patty-dev",LOW
eu-west-1,glue,daas-staging-extract-po-patty,job_security,FAIL,"security_config=false, role=arn:aws:iam::291751643970:role/daas-role-glue-ingestion-patty-dev",LOW
eu-west-1,glue,daas-test,job_security,FAIL,"security_config=false, role=arn:aws:iam::291751643970:role/daas-role-glue-ingestion-dev",LOW
eu-west-1,glue,daas-test-connection,job_security,FAIL,"security_config=false, role=arn:aws:iam::291751643970:role/daas-role-glue-ingestion-dev",LOW
eu-west-1,glue,daas-test-connection-copy,job_security,FAIL,"security_config=false, role=arn:aws:iam::291751643970:role/daas-role-glue-ingestion-dev",LOW
eu-west-1,glue,daas-test-connection-lesmes,job_security,FAIL,"security_config=false, role=arn:aws:iam::291751643970:role/daas-role-glue-ingestion-dev",LOW
eu-west-1,glue,daas-training-test,job_security,FAIL,"security_config=false, role=arn:aws:iam::291751643970:role/daas-role-glue-ingestion-dev",LOW
eu-west-1,glue,daas-vito-test,job_security,FAIL,"security_config=false, role=arn:aws:iam::291751643970:role/daas-glue-ingestion-role",LOW
eu-west-1,glue,daas-vito-test-pyshell,job_security,FAIL,"security_config=false, role=arn:aws:iam::291751643970:role/daas-glue-ingestion-role",LOW
eu-west-1,glue,daas-vito-test-pyshell-2,job_security,FAIL,"security_config=false, role=arn:aws:iam::291751643970:role/daas-glue-ingestion-role",LOW
eu-west-1,glue,daas-vito-test-pyshell-vsi,job_security,FAIL,"security_config=false, role=arn:aws:iam::291751643970:role/daas-glue-ingestion-role",LOW
eu-west-1,glue,dass-pyodbc-test,job_security,FAIL,"security_config=false, role=arn:aws:iam::291751643970:role/daas-role-glue-ingestion-dev",LOW
eu-west-1,glue,data-test,job_security,FAIL,"security_config=false, role=arn:aws:iam::291751643970:role/daas-role-glue-ingestion-dev",LOW
eu-west-1,glue,delta test ,job_security,FAIL,"security_config=false, role=arn:aws:iam::291751643970:role/daas-role-glue-ingestion-dev",LOW
eu-west-1,glue,delta test -copy,job_security,FAIL,"security_config=false, role=arn:aws:iam::291751643970:role/daas-role-glue-ingestion-dev",LOW
eu-west-1,glue,demo_test_sts_1,job_security,FAIL,"security_config=false, role=arn:aws:iam::291751643970:role/daas-role-glue-ingestion-dev-influx",LOW
eu-west-1,glue,dev-daas-proxima-pv_etl-kr70,job_security,FAIL,"security_config=false, role=arn:aws:iam::291751643970:role/daas-glue-proxima-dev",LOW
eu-west-1,glue,dev-digiperf-ingestion,job_security,FAIL,"security_config=false, role=arn:aws:iam::291751643970:role/daas-role-glue-digiperf-dds-dev",LOW
eu-west-1,glue,dev-ingestion-digiperf-api,job_security,FAIL,"security_config=false, role=arn:aws:iam::291751643970:role/daas-role-glue-digiperf-dds-dev",LOW
eu-west-1,glue,dev-machinesettings-converter,job_security,FAIL,"security_config=false, role=arn:aws:iam::291751643970:role/daas-role-glue-ingestion-pss-dev",LOW
eu-west-1,glue,el-loading-imel-archived-test,job_security,FAIL,"security_config=false, role=arn:aws:iam::291751643970:role/daas-role-glue-ingestion-dev",LOW
eu-west-1,glue,el_loading_primat_test,job_security,FAIL,"security_config=false, role=arn:aws:iam::291751643970:role/daas-role-glue-ingestion-dev",LOW
eu-west-1,glue,elissaios-dev,job_security,FAIL,"security_config=false, role=arn:aws:iam::291751643970:role/daas-role-glue-ingestion-dev",LOW
eu-west-1,glue,esight-ftp_list,job_security,FAIL,"security_config=false, role=arn:aws:iam::291751643970:role/daas-role-glue-ingestion-dev-ac",LOW
eu-west-1,glue,event-bridge-hvacai-test,job_security,FAIL,"security_config=false, role=arn:aws:iam::291751643970:role/daas-role-glue-ingestion-dev-influx",LOW
eu-west-1,glue,extract_po_allocation,job_security,FAIL,"security_config=false, role=arn:aws:iam::291751643970:role/daas-glue-ingestion-role",LOW
eu-west-1,glue,giuliana-test,job_security,FAIL,"security_config=false, role=arn:aws:iam::291751643970:role/daas-glue-ingestion-role",LOW
eu-west-1,glue,greenup-ingestion-uad-ro70,job_security,FAIL,"security_config=false, role=arn:aws:iam::291751643970:role/greenup-uad-etl-role",LOW
eu-west-1,glue,hashicorp-connection-test-dev,job_security,FAIL,"security_config=false, role=arn:aws:iam::291751643970:role/daas-role-glue-ingestion-dev",LOW
eu-west-1,glue,icloud-archive-job-acc-gr70-dev,job_security,FAIL,"security_config=false, role=arn:aws:iam::291751643970:role/icloud-archive-glue-role-acc-gr70-dev",LOW
eu-west-1,glue,icloud-archive-job-acc-itgf-dev,job_security,FAIL,"security_config=false, role=arn:aws:iam::291751643970:role/icloud-archive-glue-role-acc-itgf-dev",LOW
eu-west-1,glue,icloud-archive-job-acc-ittc-dev,job_security,FAIL,"security_config=false, role=arn:aws:iam::291751643970:role/icloud-archive-glue-role-acc-ittc-dev",LOW
eu-west-1,glue,icloud-archive-job-acc-ro70-dev,job_security,FAIL,"security_config=false, role=arn:aws:iam::291751643970:role/icloud-archive-glue-role-acc-ro70-dev",LOW
eu-west-1,glue,icloud-archive-job-cu-gr70-dev,job_security,FAIL,"security_config=false, role=arn:aws:iam::291751643970:role/icloud-archive-glue-role-cu-gr70-dev",LOW
eu-west-1,glue,icloud-archive-job-cu-itgf-dev,job_security,FAIL,"security_config=false, role=arn:aws:iam::291751643970:role/icloud-archive-glue-role-cu-itgf-dev",LOW
eu-west-1,glue,icloud-archive-job-cu-ro70-dev,job_security,FAIL,"security_config=false, role=arn:aws:iam::291751643970:role/icloud-archive-glue-role-cu-ro70-dev",LOW
eu-west-1,glue,icloud-archive-job-kdf-gr70-dev,job_security,FAIL,"security_config=false, role=arn:aws:iam::291751643970:role/icloud-archive-glue-role-kdf-gr70-dev",LOW
eu-west-1,glue,icloud-archive-job-kdf-itgf-dev,job_security,FAIL,"security_config=false, role=arn:aws:iam::291751643970:role/icloud-archive-glue-role-kdf-itgf-dev",LOW
eu-west-1,glue,icloud-archive-job-kdf-ro70-dev,job_security,FAIL,"security_config=false, role=arn:aws:iam::291751643970:role/icloud-archive-glue-role-kdf-ro70-dev",LOW
eu-west-1,glue,icloud-archive-job-p1p-gr70-dev,job_security,FAIL,"security_config=false, role=arn:aws:iam::291751643970:role/icloud-archive-glue-role-p1p-gr70-dev",LOW
eu-west-1,glue,icloud-archive-job-p1p-id30-dev,job_security,FAIL,"security_config=false, role=arn:aws:iam::291751643970:role/icloud-archive-glue-role-p1p-id30-dev",LOW
eu-west-1,glue,icloud-archive-job-p1p-itgf-dev,job_security,FAIL,"security_config=false, role=arn:aws:iam::291751643970:role/icloud-archive-glue-role-p1p-itgf-dev",LOW
eu-west-1,glue,icloud-archive-job-p1p-ro70-dev,job_security,FAIL,"security_config=false, role=arn:aws:iam::291751643970:role/icloud-archive-glue-role-p1p-ro70-dev",LOW
eu-west-1,glue,icloud-archive-job-p1p-us76-dev,job_security,FAIL,"security_config=false, role=arn:aws:iam::291751643970:role/icloud-archive-glue-role-p1p-us76-dev",LOW
eu-west-1,glue,to_be_deleted,job_security,FAIL,"security_config=false, role=arn:aws:iam::291751643970:role/Amazon_Glue_S3",LOW
eu-west-1,glue,pipe-daas-odl-pss-cleanup,job_security,FAIL,"security_config=false, role=arn:aws:iam::291751643970:role/daas-glue-ingestion-role",LOW
eu-west-1,glue,iqc-data-platform-op01,job_security,FAIL,"security_config=false, role=arn:aws:iam::291751643970:role/iqc-data-platform",LOW
eu-west-1,glue,iqc-data-platform-pl02-copy,job_security,FAIL,"security_config=false, role=arn:aws:iam::291751643970:role/iqc-data-platform",LOW
eu-west-1,glue,daas-ingestion-imel-layout-ph88,job_security,FAIL,"security_config=false, role=arn:aws:iam::291751643970:role/daas-role-glue-ingestion-imel-dev",LOW
eu-west-1,glue,daas-ingestion-imel-layout-pl31,job_security,FAIL,"security_config=false, role=arn:aws:iam::291751643970:role/daas-role-glue-ingestion-imel-dev",LOW
eu-west-1,glue,daas-ingestion-imel-layout-ro70,job_security,FAIL,"security_config=false, role=arn:aws:iam::291751643970:role/daas-role-glue-ingestion-imel-dev",LOW
eu-west-1,glue,daas-ingestion-imel-layout-rs7a,job_security,FAIL,"security_config=false, role=arn:aws:iam::291751643970:role/daas-role-glue-ingestion-imel-dev",LOW
eu-west-1,glue,daas-ingestion-imel-layout-us53,job_security,FAIL,"security_config=false, role=arn:aws:iam::291751643970:role/daas-role-glue-ingestion-imel-dev",LOW
eu-west-1,glue,daas-ingestion-imel-layout-us70,job_security,FAIL,"security_config=false, role=arn:aws:iam::291751643970:role/daas-role-glue-ingestion-imel-dev",LOW
eu-west-1,glue,daas-ingestion-imel-ldh-pl31,job_security,FAIL,"security_config=false, role=arn:aws:iam::291751643970:role/daas-role-glue-ingestion-imel-dev",LOW
eu-west-1,glue,daas-ingestion-imel-mbr-pbr-ch41,job_security,FAIL,"security_config=false, role=arn:aws:iam::291751643970:role/daas-role-glue-ingestion-imel-dev",LOW
eu-west-1,glue,daas-patty-datamart-materialparametervalue-patty,job_security,FAIL,"security_config=false, role=arn:aws:iam::291751643970:role/daas-role-glue-ingestion-patty-dev",LOW
eu-west-1,glue,daas-ingestion-imel-mbr-pbr-id30,job_security,FAIL,"security_config=false, role=arn:aws:iam::291751643970:role/daas-role-glue-ingestion-imel-dev",LOW
eu-west-1,glue,daas-ingestion-imel-mbr-pbr-itgf,job_security,FAIL,"security_config=false, role=arn:aws:iam::291751643970:role/daas-role-glue-ingestion-imel-dev",LOW
eu-west-1,glue,daas-ingestion-imel-mbr-pbr-ittc,job_security,FAIL,"security_config=false, role=arn:aws:iam::291751643970:role/daas-role-glue-ingestion-imel-dev",LOW
eu-west-1,glue,daas-ingestion-imel-mbr-pbr-kr70,job_security,FAIL,"security_config=false, role=arn:aws:iam::291751643970:role/daas-role-glue-ingestion-imel-dev",LOW
eu-west-1,glue,daas-ingestion-imel-mbr-pbr-kz70,job_security,FAIL,"security_config=false, role=arn:aws:iam::291751643970:role/daas-role-glue-ingestion-imel-dev",LOW
eu-west-1,glue,daas-ingestion-imel-mbr-pbr-nl70,job_security,FAIL,"security_config=false, role=arn:aws:iam::291751643970:role/daas-role-glue-ingestion-imel-dev",LOW
eu-west-1,glue,daas-ingestion-imel-mbr-pbr-ph88,job_security,FAIL,"security_config=false, role=arn:aws:iam::291751643970:role/daas-role-glue-ingestion-imel-dev",LOW
eu-west-1,glue,iqc-etl-job-br40,job_security,FAIL,"security_config=false, role=arn:aws:iam::291751643970:role/iqc-data-platform",LOW
eu-west-1,glue,iqc-etl-job-ch01,job_security,FAIL,"security_config=false, role=arn:aws:iam::291751643970:role/iqc-data-platform",LOW
eu-west-1,glue,iqc-etl-job-cz71,job_security,FAIL,"security_config=false, role=arn:aws:iam::291751643970:role/iqc-data-platform",LOW
eu-west-1,glue,iqc-etl-job-id01,job_security,FAIL,"security_config=false, role=arn:aws:iam::291751643970:role/iqc-data-platform",LOW
eu-west-1,glue,iqc-etl-job-lt01,job_security,FAIL,"security_config=false, role=arn:aws:iam::291751643970:role/iqc-data-platform",LOW
eu-west-1,glue,iqc-etl-job-ms14,job_security,FAIL,"security_config=false, role=arn:aws:iam::291751643970:role/iqc-data-platform",LOW
eu-west-1,glue,iqc-etl-job-ph70,job_security,FAIL,"security_config=false, role=arn:aws:iam::291751643970:role/iqc-data-platform",LOW
eu-west-1,glue,iqc-etl-job-pl02,job_security,FAIL,"security_config=false, role=arn:aws:iam::291751643970:role/iqc-data-platform",LOW
eu-west-1,glue,iqc-etl-job-pt01,job_security,FAIL,"security_config=false, role=arn:aws:iam::291751643970:role/iqc-data-platform",LOW
eu-west-1,glue,daas-ingestion-imel-mbr-pbr-pl31,job_security,FAIL,"security_config=false, role=arn:aws:iam::291751643970:role/daas-role-glue-ingestion-imel-dev",LOW
eu-west-1,glue,iqc-etl-job-rs7z,job_security,FAIL,"security_config=false, role=arn:aws:iam::291751643970:role/iqc-data-platform",LOW
eu-west-1,glue,iqc-etl-job-tr03,job_security,FAIL,"security_config=false, role=arn:aws:iam::291751643970:role/iqc-data-platform",LOW
eu-west-1,glue,itgf_pyshell_test,job_security,FAIL,"security_config=false, role=arn:aws:iam::291751643970:role/daas-role-glue-ingestion-dev",LOW
eu-west-1,glue,job spe,job_security,FAIL,"security_config=false, role=arn:aws:iam::291751643970:role/Amazon_Glue_S3",LOW
eu-west-1,glue,kpi target loading,job_security,FAIL,"security_config=false, role=arn:aws:iam::291751643970:role/daas-role-glue-ingestion-dev-ac",LOW
eu-west-1,glue,loading-data-static,job_security,FAIL,"security_config=false, role=arn:aws:iam::291751643970:role/daas-role-glue-ingestion-dev-ac",LOW
eu-west-1,glue,microbatch-historical-test,job_security,FAIL,"security_config=false, role=arn:aws:iam::291751643970:role/daas-role-glue-ingestion-pss-dev",LOW
eu-west-1,glue,microbatch-pss-historical,job_security,FAIL,"security_config=false, role=arn:aws:iam::291751643970:role/daas-role-glue-ingestion-pss-dev",LOW
eu-west-1,glue,microbatch-pss-itgf-copy,job_security,FAIL,"security_config=false, role=arn:aws:iam::291751643970:role/daas-role-glue-ingestion-pss-dev",LOW
eu-west-1,glue,microbatch-pss-itgf-historical-test,job_security,FAIL,"security_config=false, role=arn:aws:iam::291751643970:role/daas-role-glue-ingestion-pss-dev",LOW
eu-west-1,glue,microbatch-pss-itgf-test,job_security,FAIL,"security_config=false, role=arn:aws:iam::291751643970:role/daas-role-glue-ingestion-pss-dev",LOW
eu-west-1,glue,mint-compacted-delta,job_security,FAIL,"security_config=false, role=arn:aws:iam::291751643970:role/daas-role-glue-ingestion-imel-dev",LOW
eu-west-1,glue,mint-compacted-delta-1,job_security,FAIL,"security_config=false, role=arn:aws:iam::291751643970:role/daas-role-glue-ingestion-amcs-dev",LOW
eu-west-1,glue,mso-dsfts-rod-break,job_security,FAIL,"security_config=false, role=arn:aws:iam::291751643970:role/mso-dsfts-glue-role",LOW
eu-west-1,glue,mso-dsfts-rod-break-load,job_security,FAIL,"security_config=false, role=arn:aws:iam::291751643970:role/mso-dsfts-glue-role",LOW
eu-west-1,glue,mso-dsfts-rod-break-test,job_security,FAIL,"security_config=false, role=arn:aws:iam::291751643970:role/mso-dsfts-glue-role",LOW
eu-west-1,glue,new_demo_test,job_security,FAIL,"security_config=false, role=arn:aws:iam::291751643970:role/Amazon_Glue_S3",LOW
eu-west-1,glue,odl download,job_security,FAIL,"security_config=false, role=arn:aws:iam::291751643970:role/daas-role-glue-ingestion-amcs-dev",LOW
eu-west-1,glue,patty-move-python-test,job_security,FAIL,"security_config=false, role=arn:aws:iam::291751643970:role/daas-role-glue-ingestion-patty-dev",LOW
eu-west-1,glue,pge-gr-rollout-el,job_security,FAIL,"security_config=false, role=arn:aws:iam::291751643970:role/daas-glue-ingestion-role",LOW
eu-west-1,glue,pge-itgf-history-rds-to-s3,job_security,FAIL,"security_config=false, role=arn:aws:iam::291751643970:role/Amazon_Glue_S3",LOW
eu-west-1,glue,pge-itgf-rds-to-s3,job_security,FAIL,"security_config=false, role=arn:aws:iam::291751643970:role/Amazon_Glue_S3",LOW
eu-west-1,glue,pge-itgf-rds-to-s3-scripted,job_security,FAIL,"security_config=false, role=arn:aws:iam::291751643970:role/Amazon_Glue_S3",LOW
eu-west-1,glue,pge-itgf-rds-to-s3-tf,job_security,FAIL,"security_config=false, role=arn:aws:iam::291751643970:role/pge-rds-to-s3",LOW
eu-west-1,glue,pge-rds-data-purge-daily-dev,job_security,FAIL,"security_config=false, role=arn:aws:iam::291751643970:role/pge-rds-data-purge-daily-role",LOW
eu-west-1,glue,pge-rds-to-s3-scripted,job_security,FAIL,"security_config=false, role=arn:aws:iam::291751643970:role/Amazon_Glue_S3",LOW
eu-west-1,glue,pge-ro70-rds-to-s3-copy,job_security,FAIL,"security_config=false, role=arn:aws:iam::291751643970:role/Amazon_Glue_S3",LOW
eu-west-1,glue,pge-ro70-rds-to-s3-tf,job_security,FAIL,"security_config=false, role=arn:aws:iam::291751643970:role/pge-rds-to-s3",LOW
eu-west-1,glue,pipe-daas-digiperf-dev,job_security,FAIL,"security_config=false, role=arn:aws:iam::291751643970:role/daas-glue-ingestion-role",LOW
eu-west-1,glue,pipe-daas-digiperf-dev-tf,job_security,FAIL,"security_config=false, role=arn:aws:iam::291751643970:role/daas-role-glue-ingestion-dev",LOW
eu-west-1,glue,pipe-daas-digiperf-odl-cl-dev,job_security,FAIL,"security_config=false, role=arn:aws:iam::291751643970:role/daas-glue-ingestion-role",LOW
eu-west-1,glue,pipe-daas-digiperf-odl-cl-tf,job_security,FAIL,"security_config=false, role=arn:aws:iam::291751643970:role/daas-role-glue-ingestion-dev",LOW
eu-west-1,glue,pipe-daas-digiperf-odl-wc-dev,job_security,FAIL,"security_config=false, role=arn:aws:iam::291751643970:role/daas-glue-ingestion-role",LOW
eu-west-1,glue,pipe-daas-digiperf-odl-wc-tf,job_security,FAIL,"security_config=false, role=arn:aws:iam::291751643970:role/daas-role-glue-ingestion-dev",LOW
eu-west-1,glue,pipe-daas-imel-itgf-dummy,job_security,FAIL,"security_config=false, role=arn:aws:iam::291751643970:role/daas-glue-ingestion-role",LOW
eu-west-1,glue,pipe-daas-odl-generic-loader,job_security,FAIL,"security_config=false, role=arn:aws:iam::291751643970:role/daas-glue-ingestion-role",LOW
eu-west-1,glue,pipe-daas-odl-generic-loader-test,job_security,FAIL,"security_config=false, role=arn:aws:iam::291751643970:role/daas-glue-ingestion-role",LOW
eu-west-1,glue,pipe-daas-odl-parameter-target-value-ppa-global-tf,job_security,FAIL,"security_config=false, role=arn:aws:iam::291751643970:role/daas-role-glue-ingestion-ppa-dev",LOW
eu-west-1,glue,daas-reconciliation-amcs-kr70,job_security,FAIL,"security_config=false, role=arn:aws:iam::291751643970:role/daas-role-glue-ingestion-amcs-dev",LOW
eu-west-1,glue,pipe-daas-odl-po-allocation-tf-copy,job_security,FAIL,"security_config=false, role=arn:aws:iam::291751643970:role/daas-role-glue-ingestion-dev",LOW
eu-west-1,glue,pipe-daas-odl-ppa-tf,job_security,FAIL,"security_config=false, role=arn:aws:iam::291751643970:role/daas-role-glue-ingestion-ppa-dev",LOW
eu-west-1,glue,pipe-daas-odl-ppa-tf-copy,job_security,FAIL,"security_config=false, role=arn:aws:iam::291751643970:role/daas-role-glue-ingestion-ppa-dev",LOW
eu-west-1,glue,pipe-daas-odl-ppa-tf-test,job_security,FAIL,"security_config=false, role=arn:aws:iam::291751643970:role/daas-role-glue-ingestion-ppa-dev",LOW
eu-west-1,glue,pipe-daas-odl-product,job_security,FAIL,"security_config=false, role=arn:aws:iam::291751643970:role/daas-glue-ingestion-role",LOW
eu-west-1,glue,daas-ingestion-crmlesmes-cz71,job_security,FAIL,"security_config=false, role=arn:aws:iam::291751643970:role/daas-role-glue-ingestion-crmlesmes-dev",LOW
eu-west-1,glue,daas-ingestion-amcs-pl31,job_security,FAIL,"security_config=false, role=arn:aws:iam::291751643970:role/daas-role-glue-ingestion-amcs-dev",LOW
eu-west-1,glue,daas-ingestion-amcs-ro70,job_security,FAIL,"security_config=false, role=arn:aws:iam::291751643970:role/daas-role-glue-ingestion-amcs-dev",LOW
eu-west-1,glue,daas-ingestion-amcs-ro70_30,job_security,FAIL,"security_config=false, role=arn:aws:iam::291751643970:role/daas-role-glue-ingestion-amcs-dev",LOW
eu-west-1,glue,daas-ingestion-amcs-rs7a,job_security,FAIL,"security_config=false, role=arn:aws:iam::291751643970:role/daas-role-glue-ingestion-amcs-dev",LOW
eu-west-1,glue,daas-ingestion-amcs-rs7a-test,job_security,FAIL,"security_config=false, role=arn:aws:iam::291751643970:role/daas-role-glue-ingestion-amcs-dev",LOW
eu-west-1,glue,daas-ingestion-amcs-us70,job_security,FAIL,"security_config=false, role=arn:aws:iam::291751643970:role/daas-role-glue-ingestion-amcs-dev",LOW
eu-west-1,glue,daas-ingestion-crmlesmes-ar30,job_security,FAIL,"security_config=false, role=arn:aws:iam::291751643970:role/daas-role-glue-ingestion-crmlesmes-dev",LOW
eu-west-1,glue,daas-ingestion-imel-mbr-pbr-ro70,job_security,FAIL,"security_config=false, role=arn:aws:iam::291751643970:role/daas-role-glue-ingestion-imel-dev",LOW
eu-west-1,glue,daas-ingestion-imel-mbr-pbr-rs7a,job_security,FAIL,"security_config=false, role=arn:aws:iam::291751643970:role/daas-role-glue-ingestion-imel-dev",LOW
eu-west-1,glue,daas-ingestion-imel-mbr-pbr-us53,job_security,FAIL,"security_config=false, role=arn:aws:iam::291751643970:role/daas-role-glue-ingestion-imel-dev",LOW
eu-west-1,glue,daas-ingestion-imel-mbr-pbr-us70,job_security,FAIL,"security_config=false, role=arn:aws:iam::291751643970:role/daas-role-glue-ingestion-imel-dev",LOW
eu-west-1,glue,daas-ingestion-influx-ipc-br40,job_security,FAIL,"security_config=false, role=arn:aws:iam::291751643970:role/daas-role-glue-ingestion-dev-influx",LOW
eu-west-1,glue,daas-ingestion-influx-ipc-ch01,job_security,FAIL,"security_config=false, role=arn:aws:iam::291751643970:role/daas-role-glue-ingestion-dev-influx",LOW
eu-west-1,glue,daas-ingestion-influx-ipc-ch01-ac,job_security,FAIL,"security_config=false, role=arn:aws:iam::291751643970:role/daas-role-glue-ingestion-dev-influx",LOW
eu-west-1,glue,daas-ingestion-influx-ipc-ch01-test,job_security,FAIL,"security_config=false, role=arn:aws:iam::291751643970:role/daas-role-glue-ingestion-dev-influx",LOW
eu-west-1,glue,daas-microbatch-pss-itgf-hv,job_security,FAIL,"security_config=false, role=arn:aws:iam::291751643970:role/daas-role-glue-ingestion-pss-dev",LOW
eu-west-1,glue,daas-ingestion-influx-ipc-id01,job_security,FAIL,"security_config=false, role=arn:aws:iam::291751643970:role/daas-role-glue-ingestion-dev-influx",LOW
eu-west-1,glue,daas-ingestion-crmlesmes-ar30-copy,job_security,FAIL,"security_config=false, role=arn:aws:iam::291751643970:role/daas-role-glue-ingestion-crmlesmes-dev",LOW
eu-west-1,glue,daas-ingestion-influx-ipc-lt01,job_security,FAIL,"security_config=false, role=arn:aws:iam::291751643970:role/daas-role-glue-ingestion-dev-influx",LOW
eu-west-1,glue,daas-ingestion-influx-ipc-ms14,job_security,FAIL,"security_config=false, role=arn:aws:iam::291751643970:role/daas-role-glue-ingestion-dev-influx",LOW
eu-west-1,glue,daas-ingestion-influx-ipc-ph70,job_security,FAIL,"security_config=false, role=arn:aws:iam::291751643970:role/daas-role-glue-ingestion-dev-influx",LOW
eu-west-1,glue,daas-ingestion-influx-ipc-pl02,job_security,FAIL,"security_config=false, role=arn:aws:iam::291751643970:role/daas-role-glue-ingestion-dev-influx",LOW
eu-west-1,glue,daas-ingestion-influx-ipc-pt01,job_security,FAIL,"security_config=false, role=arn:aws:iam::291751643970:role/daas-role-glue-ingestion-dev-influx",LOW
eu-west-1,glue,daas-ingestion-crmlesmes-br40,job_security,FAIL,"security_config=false, role=arn:aws:iam::291751643970:role/daas-role-glue-ingestion-crmlesmes-dev",LOW
eu-west-1,glue,daas-microbatch-pss-paramlastvalue-itgf,job_security,FAIL,"security_config=false, role=arn:aws:iam::291751643970:role/daas-role-glue-ingestion-pss-dev",LOW
eu-west-1,glue,daas-microbatch-pss-itgf-test,job_security,FAIL,"security_config=false, role=arn:aws:iam::291751643970:role/daas-role-glue-ingestion-pss-dev",LOW
eu-west-1,glue,daas-ingestion-imel-layout-ittc,job_security,FAIL,"security_config=false, role=arn:aws:iam::291751643970:role/daas-role-glue-ingestion-imel-dev",LOW
eu-west-1,glue,daas-microbatch-pss-itgf-test1,job_security,FAIL,"security_config=false, role=arn:aws:iam::291751643970:role/daas-role-glue-ingestion-pss-dev",LOW
eu-west-1,glue,test spe,job_security,FAIL,"security_config=false, role=arn:aws:iam::291751643970:role/Amazon_Glue_S3",LOW
eu-west-1,glue,pipe-daas-poc-timestream,job_security,FAIL,"security_config=false, role=arn:aws:iam::291751643970:role/daas-glue-ingestion-role",LOW
eu-west-1,glue,pipe-daas-ppa-dev-tf-newcl-hv,job_security,FAIL,"security_config=false, role=arn:aws:iam::291751643970:role/daas-role-glue-ingestion-ppa-dev",LOW
eu-west-1,glue,pipe-daas-ppa-initial-load-dev-cf,job_security,FAIL,"security_config=false, role=arn:aws:iam::291751643970:role/daas-role-glue-ingestion-dev",LOW
eu-west-1,glue,pipe-el-imel-dev,job_security,FAIL,"security_config=false, role=arn:aws:iam::291751643970:role/daas-glue-ingestion-role",LOW
eu-west-1,glue,pipe-el-rose-itgf-dev,job_security,FAIL,"security_config=false, role=arn:aws:iam::291751643970:role/daas-glue-ingestion-role",LOW
eu-west-1,glue,ppa-sample-date-test,job_security,FAIL,"security_config=false, role=arn:aws:iam::291751643970:role/daas-role-glue-ingestion-ppa-dev",LOW
eu-west-1,glue,ppa-test,job_security,FAIL,"security_config=false, role=arn:aws:iam::291751643970:role/daas-role-glue-ingestion-ppa-dev",LOW
eu-west-1,glue,primat-compaction-ch_test,job_security,FAIL,"security_config=false, role=arn:aws:iam::291751643970:role/daas-role-glue-ingestion-dev",LOW
eu-west-1,glue,daas-onetimeload-patty-dev,job_security,FAIL,"security_config=false, role=arn:aws:iam::291751643970:role/daas-role-glue-ingestion-patty-dev",LOW
eu-west-1,glue,proxima-manual-target-loading,job_security,FAIL,"security_config=false, role=arn:aws:iam::291751643970:role/daas-role-glue-ingestion-dev-ac",LOW
eu-west-1,glue,pyshell-test,job_security,FAIL,"security_config=false, role=arn:aws:iam::291751643970:role/daas-role-glue-ingestion-pss-dev",LOW
eu-west-1,glue,raw-compacted-job-test,job_security,FAIL,"security_config=false, role=arn:aws:iam::291751643970:role/raw-compacted-job-test-role",LOW
eu-west-1,glue,rds_timestream,job_security,FAIL,"security_config=false, role=arn:aws:iam::291751643970:role/role_for_timestream_to_s3",LOW
eu-west-1,glue,daas-ppa-timestream,job_security,FAIL,"security_config=false, role=arn:aws:iam::291751643970:role/daas-glue-ingestion-role",LOW
eu-west-1,glue,rest-api-spark-test,job_security,FAIL,"security_config=false, role=arn:aws:iam::291751643970:role/daas-glue-ingestion-role",LOW
eu-west-1,glue,review-imel-target-parameter-value,job_security,FAIL,"security_config=false, role=arn:aws:iam::291751643970:role/daas-glue-ingestion-role",LOW
eu-west-1,glue,review-latearrival-amcs,job_security,FAIL,"security_config=false, role=arn:aws:iam::291751643970:role/daas-role-glue-ingestion-amcs-dev",LOW
eu-west-1,glue,review-latearrival-amcs-marco,job_security,FAIL,"security_config=false, role=arn:aws:iam::291751643970:role/daas-role-glue-ingestion-amcs-dev",LOW
eu-west-1,glue,review-odl-actual-parameter,job_security,FAIL,"security_config=false, role=arn:aws:iam::291751643970:role/daas-glue-ingestion-role",LOW
eu-west-1,glue,sap-metercode-etl-job,job_security,FAIL,"security_config=false, role=arn:aws:iam::291751643970:role/daas-role-glue-ingestion-dev-ac",LOW
eu-west-1,glue,sap-pv-etl-job,job_security,FAIL,"security_config=false, role=arn:aws:iam::291751643970:role/daas-role-glue-ingestion-dev-ac",LOW
eu-west-1,glue,sap_etl_testing,job_security,FAIL,"security_config=false, role=arn:aws:iam::291751643970:role/daas-role-glue-ingestion-dev-ac",LOW
eu-west-1,glue,staging-extract-material-patty,job_security,FAIL,"security_config=false, role=arn:aws:iam::291751643970:role/daas-role-glue-ingestion-patty-dev",LOW
eu-west-1,glue,staging-extract-po-patty,job_security,FAIL,"security_config=false, role=arn:aws:iam::291751643970:role/daas-role-glue-ingestion-patty-dev",LOW
eu-west-1,glue,static_loading_glue_python,job_security,FAIL,"security_config=false, role=arn:aws:iam::291751643970:role/daas-role-glue-ingestion-dev-ac",LOW
eu-west-1,glue,temp SPE,job_security,FAIL,"security_config=false, role=arn:aws:iam::291751643970:role/Amazon_Glue_S3",LOW
eu-west-1,glue,test pysftp,job_security,FAIL,"security_config=false, role=arn:aws:iam::291751643970:role/daas-glue-ingestion-role",LOW
eu-west-1,glue,daas-proxima-energy_etl-ch01,job_security,FAIL,"security_config=false, role=arn:aws:iam::291751643970:role/daas-glue-proxima-dev",LOW
eu-west-1,glue,daas-compaction-lesmes-jo40,job_security,FAIL,"security_config=false, role=arn:aws:iam::291751643970:role/daas-role-glue-ingestion-dev-lesmes",LOW
eu-west-1,glue,daas-compaction-lesmes-kr80,job_security,FAIL,"security_config=false, role=arn:aws:iam::291751643970:role/daas-role-glue-ingestion-dev-lesmes",LOW
eu-west-1,glue,daas-compaction-lesmes-kz03,job_security,FAIL,"security_config=false, role=arn:aws:iam::291751643970:role/daas-role-glue-ingestion-dev-lesmes",LOW
eu-west-1,glue,daas-compaction-lesmes-ldh-pl02,job_security,FAIL,"security_config=false, role=arn:aws:iam::291751643970:role/daas-role-glue-ingestion-dev-lesmes",LOW
eu-west-1,glue,test_delay_notification,job_security,FAIL,"security_config=false, role=arn:aws:iam::291751643970:role/daas-glue-ingestion-role",LOW
eu-west-1,glue,test spe 2,job_security,FAIL,"security_config=false, role=arn:aws:iam::291751643970:role/Amazon_Glue_S3",LOW
eu-west-1,glue,test-el-role,job_security,FAIL,"security_config=false, role=arn:aws:iam::291751643970:role/daas-role-glue-ingestion-amcs-dev",LOW
eu-west-1,glue,daas-ingestion-crmlesmes-ca10,job_security,FAIL,"security_config=false, role=arn:aws:iam::291751643970:role/daas-role-glue-ingestion-crmlesmes-dev",LOW
eu-west-1,glue,daas-proxima-pv_etl-rs7z,job_security,FAIL,"security_config=false, role=arn:aws:iam::291751643970:role/daas-glue-proxima-dev",LOW
eu-west-1,glue,daas-pyshell-timestream-test-dev,job_security,FAIL,"security_config=false, role=arn:aws:iam::291751643970:role/daas-role-glue-ingestion-dev",LOW
eu-west-1,glue,daas-reconciliation-amcs-ro70,job_security,FAIL,"security_config=false, role=arn:aws:iam::291751643970:role/daas-role-glue-ingestion-amcs-dev",LOW
eu-west-1,glue,pipe-daas-odl-parameter-target-value-ppa-global-tf-newcl-hv,job_security,FAIL,"security_config=false, role=arn:aws:iam::291751643970:role/daas-role-glue-ingestion-dev",LOW
eu-west-1,glue,daas-compaction-lesmes-lt01,job_security,FAIL,"security_config=false, role=arn:aws:iam::291751643970:role/daas-role-glue-ingestion-dev-lesmes",LOW
eu-west-1,glue,test-glue,job_security,FAIL,"security_config=false, role=arn:aws:iam::291751643970:role/daas-role-glue-ingestion-amcs-dev",LOW
eu-west-1,glue,daas-compaction-lesmes-ldh-snapshot-tr03,job_security,FAIL,"security_config=false, role=arn:aws:iam::291751643970:role/daas-role-glue-ingestion-dev-lesmes",LOW
eu-west-1,glue,daas-compaction-lesmes-ldh-tr03,job_security,FAIL,"security_config=false, role=arn:aws:iam::291751643970:role/daas-role-glue-ingestion-dev-lesmes",LOW
eu-west-1,glue,test-primat,job_security,FAIL,"security_config=false, role=arn:aws:iam::291751643970:role/daas-glue-ingestion-role",LOW
eu-west-1,glue,test-ingestion-raw,job_security,FAIL,"security_config=false, role=arn:aws:iam::291751643970:role/lok-eu-west-1-role-regional",LOW
eu-west-1,glue,test-job,job_security,FAIL,"security_config=false, role=arn:aws:iam::291751643970:role/daas-role-glue-ingestion-dev-lesmes",LOW
eu-west-1,glue,test-jobppa,job_security,FAIL,"security_config=false, role=arn:aws:iam::291751643970:role/daas-role-glue-ingestion-ppa-dev",LOW
eu-west-1,glue,test-partitions-poc,job_security,FAIL,"security_config=false, role=arn:aws:iam::291751643970:role/daas-role-glue-ingestion-dev",LOW
eu-west-1,glue,daas-compaction-lesmes-ms14,job_security,FAIL,"security_config=false, role=arn:aws:iam::291751643970:role/daas-role-glue-ingestion-dev-lesmes",LOW
eu-west-1,glue,daas-patty-dwh-copy,job_security,FAIL,"security_config=false, role=arn:aws:iam::291751643970:role/daas-role-glue-ingestion-patty-dev",LOW
eu-west-1,glue,daas-patty-datamart-poquantityvalue-patty,job_security,FAIL,"security_config=false, role=arn:aws:iam::291751643970:role/daas-role-glue-ingestion-patty-dev",LOW
eu-west-1,glue,daas-patty-datamart-processorderprice-patty,job_security,FAIL,"security_config=false, role=arn:aws:iam::291751643970:role/daas-role-glue-ingestion-patty-dev",LOW
eu-west-1,glue,daas-patty-datamart-product-patty,job_security,FAIL,"security_config=false, role=arn:aws:iam::291751643970:role/daas-role-glue-ingestion-patty-dev",LOW
eu-west-1,glue,daas-patty-dwh,job_security,FAIL,"security_config=false, role=arn:aws:iam::291751643970:role/daas-role-glue-ingestion-patty-dev",LOW
eu-west-1,glue,ingestion-influxdb-ipc-new-pt01,job_security,FAIL,"security_config=false, role=arn:aws:iam::291751643970:role/daas-role-glue-ingestion-dev-influx",LOW
eu-west-1,glue,test-pss,job_security,FAIL,"security_config=false, role=arn:aws:iam::291751643970:role/daas-role-glue-ingestion-pss-dev",LOW
eu-west-1,glue,test-tagging,job_security,FAIL,"security_config=false, role=arn:aws:iam::291751643970:role/daas-role-glue-ingestion-patty-dev",LOW
eu-west-1,glue,test-timestream-dev,job_security,FAIL,"security_config=false, role=arn:aws:iam::291751643970:role/daas-role-glue-ingestion-dev",LOW
eu-west-1,glue,daas-patty-datamart-po-patty,job_security,FAIL,"security_config=false, role=arn:aws:iam::291751643970:role/daas-role-glue-ingestion-patty-dev",LOW
eu-west-1,glue,daas-patty-jo40,job_security,FAIL,"security_config=false, role=arn:aws:iam::291751643970:role/daas-role-glue-ingestion-patty-dev",LOW
eu-west-1,glue,daas-patty-lt01,job_security,FAIL,"security_config=false, role=arn:aws:iam::291751643970:role/daas-role-glue-ingestion-patty-dev",LOW
eu-west-1,glue,daas-patty-pl02,job_security,FAIL,"security_config=false, role=arn:aws:iam::291751643970:role/daas-role-glue-ingestion-patty-dev",LOW
eu-west-1,glue,daas-el-loading-lesmes-copy,job_security,FAIL,"security_config=false, role=arn:aws:iam::291751643970:role/daas-role-glue-ingestion-dev",LOW
eu-west-1,glue,daas-el-loading-amcs-cc-backup,job_security,FAIL,"security_config=false, role=arn:aws:iam::291751643970:role/daas-role-glue-ingestion-amcs-cc-dev",LOW
eu-west-1,glue,daas-el-loading-amcs-test,job_security,FAIL,"security_config=false, role=arn:aws:iam::291751643970:role/daas-role-glue-ingestion-amcs-dev",LOW
eu-west-1,glue,daas-el-loading-hvac-test,job_security,FAIL,"security_config=false, role=arn:aws:iam::291751643970:role/daas-role-glue-ingestion-dev-influx",LOW
eu-west-1,glue,test_delay_notification-1,job_security,FAIL,"security_config=false, role=arn:aws:iam::291751643970:role/daas-glue-ingestion-role",LOW
eu-west-1,glue,test_ema,job_security,FAIL,"security_config=false, role=arn:aws:iam::291751643970:role/daas-role-glue-ingestion-dev",LOW
eu-west-1,glue,daas-el-loading-hvacai,job_security,FAIL,"security_config=false, role=arn:aws:iam::291751643970:role/daas-role-glue-ingestion-dev-influx",LOW
eu-west-1,glue,test_hvac_bookmark,job_security,FAIL,"security_config=false, role=arn:aws:iam::291751643970:role/daas-role-glue-ingestion-dev",LOW
eu-west-1,glue,test_job,job_security,FAIL,"security_config=false, role=arn:aws:iam::291751643970:role/daas-role-glue-ingestion-dev",LOW
eu-west-1,glue,test_job_dsfts,job_security,FAIL,"security_config=false, role=arn:aws:iam::291751643970:role/mso-dsfts-glue-role",LOW
eu-west-1,glue,test_job_id,job_security,FAIL,"security_config=false, role=arn:aws:iam::291751643970:role/daas-role-glue-ingestion-dev",LOW
eu-west-1,glue,test_s3_force_schema,job_security,FAIL,"security_config=false, role=arn:aws:iam::291751643970:role/daas-role-glue-ingestion-dev",LOW
eu-west-1,glue,testing,job_security,FAIL,"security_config=false, role=arn:aws:iam::291751643970:role/Amazon_Glue_S3",LOW
eu-west-1,glue,daas-el-loading-hvacai-DAA1-1044,job_security,FAIL,"security_config=false, role=arn:aws:iam::291751643970:role/daas-role-glue-ingestion-dev-influx",LOW
eu-west-1,glue,daas-el-loading-imel,job_security,FAIL,"security_config=false, role=arn:aws:iam::291751643970:role/daas-role-glue-ingestion-imel-dev",LOW
eu-west-1,glue,daas-el-loading-lesmes,job_security,FAIL,"security_config=false, role=arn:aws:iam::291751643970:role/daas-role-glue-ingestion-dev-lesmes",LOW
eu-west-1,glue,daas-el-loading-lesmes-DAA1-1044,job_security,FAIL,"security_config=false, role=arn:aws:iam::291751643970:role/daas-role-glue-ingestion-dev-lesmes",LOW
eu-west-1,glue,test_bucket_structure,job_security,FAIL,"security_config=false, role=arn:aws:iam::291751643970:role/daas-role-glue-ingestion-dev",LOW
eu-west-1,glue,daas-el-loading-ppa,job_security,FAIL,"security_config=false, role=arn:aws:iam::291751643970:role/daas-role-glue-ingestion-ppa-dev",LOW
eu-west-1,glue,daas-el-loading-lesmes-hotfix,job_security,FAIL,"security_config=false, role=arn:aws:iam::291751643970:role/daas-role-glue-ingestion-dev",LOW
eu-west-1,glue,daas-microbatch-pss-itgf-t2,job_security,FAIL,"security_config=false, role=arn:aws:iam::291751643970:role/daas-role-glue-ingestion-pss-dev",LOW
eu-west-1,glue,daas-el-loading-lesmes-test,job_security,FAIL,"security_config=false, role=arn:aws:iam::291751643970:role/daas-role-glue-ingestion-dev-lesmes",LOW
eu-west-1,glue,daas-el-loading-lesmes-test1,job_security,FAIL,"security_config=false, role=arn:aws:iam::291751643970:role/daas-role-glue-ingestion-dev-lesmes",LOW
eu-west-1,glue,daas-microbatch-pss-ro70,job_security,FAIL,"security_config=false, role=arn:aws:iam::291751643970:role/daas-role-glue-ingestion-pss-dev",LOW
eu-west-1,glue,timestreamanalytics_to_S3,job_security,FAIL,"security_config=false, role=arn:aws:iam::291751643970:role/role_for_timestream_to_s3",LOW
eu-west-1,glue,testing_delta_ac,job_security,FAIL,"security_config=false, role=arn:aws:iam::291751643970:role/daas-role-glue-ingestion-dev-ac",LOW
eu-west-1,glue,daas-ingestion-crmlesmes-pl02,job_security,FAIL,"security_config=false, role=arn:aws:iam::291751643970:role/daas-role-glue-ingestion-crmlesmes-dev",LOW
eu-west-1,glue,daas-ingestion-crmlesmes-itgf,job_security,FAIL,"security_config=false, role=arn:aws:iam::291751643970:role/daas-role-glue-ingestion-crmlesmes-dev",LOW
eu-west-1,glue,daas-mint-compacted-delta,job_security,FAIL,"security_config=false, role=arn:aws:iam::291751643970:role/daas-role-glue-ingestion-amcs-dev",LOW
eu-west-1,glue,daas-ingestion-digiperf-nomerge,job_security,FAIL,"security_config=false, role=arn:aws:iam::291751643970:role/daas-role-glue-ingestion-digiperg-nomerge-dev",LOW
eu-west-1,glue,daas-ingestion-crmlesmes-itgf-test,job_security,FAIL,"security_config=false, role=arn:aws:iam::291751643970:role/daas-role-glue-ingestion-crmlesmes-dev",LOW
eu-west-1,glue,daas-ingestion-crmlesmes-pl02-backfill,job_security,FAIL,"security_config=false, role=arn:aws:iam::291751643970:role/daas-role-glue-ingestion-crmlesmes-dev",LOW
eu-west-1,glue,daas-ingestion-crmlesmes-pt01,job_security,FAIL,"security_config=false, role=arn:aws:iam::291751643970:role/daas-role-glue-ingestion-crmlesmes-dev",LOW
eu-west-1,glue,daas-ingestion-hvacai-ar30,job_security,FAIL,"security_config=false, role=arn:aws:iam::291751643970:role/daas-role-glue-ingestion-dev-influx",LOW
eu-west-1,glue,test-pss-itgf,job_security,FAIL,"security_config=false, role=arn:aws:iam::291751643970:role/daas-role-glue-ingestion-pss-dev",LOW
eu-west-1,glue,daas-ingestion-crmlesmes-jo40,job_security,FAIL,"security_config=false, role=arn:aws:iam::291751643970:role/daas-role-glue-ingestion-crmlesmes-dev",LOW
eu-west-1,glue,daas-esight_compaction-job,job_security,FAIL,"security_config=false, role=arn:aws:iam::291751643970:role/daas-glue-ingestion-esight-dev",LOW
eu-west-1,glue,daas-el-loading-primat,job_security,FAIL,"security_config=false, role=arn:aws:iam::291751643970:role/daas-role-glue-ingestion-primat-dev",LOW
eu-west-1,glue,daas-ingestion-hvacai-br40,job_security,FAIL,"security_config=false, role=arn:aws:iam::291751643970:role/daas-role-glue-ingestion-dev-influx",LOW
eu-west-1,glue,daas-ingestion-crmlesmes-lt01-backfill,job_security,FAIL,"security_config=false, role=arn:aws:iam::291751643970:role/daas-role-glue-ingestion-crmlesmes-dev",LOW
eu-west-1,glue,daas-esight_trasformation-job,job_security,FAIL,"security_config=false, role=arn:aws:iam::291751643970:role/daas-glue-ingestion-esight-dev",LOW
eu-west-1,glue,daas-extraction-crmlesmes-ar30,job_security,FAIL,"security_config=false, role=arn:aws:iam::291751643970:role/daas-role-glue-ingestion-crmlesmes-dev",LOW
eu-west-1,glue,to_be_deleted_test_trigger,job_security,FAIL,"security_config=false, role=arn:aws:iam::291751643970:role/Amazon_Glue_S3",LOW
eu-west-1,glue,tobacco-waste-test,job_security,FAIL,"security_config=false, role=arn:aws:iam::291751643970:role/daas-role-glue-ingestion-dev",LOW
eu-west-1,glue,daas-ingestion-imel-layout-kr70,job_security,FAIL,"security_config=false, role=arn:aws:iam::291751643970:role/daas-role-glue-ingestion-imel-dev",LOW
eu-west-1,glue,daas-ingestion-amcs-ph88,job_security,FAIL,"security_config=false, role=arn:aws:iam::291751643970:role/daas-role-glue-ingestion-amcs-dev",LOW
eu-west-1,glue,daas-microbatch-pss-paramlastvalue-itgf-copy,job_security,FAIL,"security_config=false, role=arn:aws:iam::291751643970:role/daas-role-glue-ingestion-pss-dev",LOW
eu-west-1,glue,daas-microbatch-pss-paramlastvalue-ro70,job_security,FAIL,"security_config=false, role=arn:aws:iam::291751643970:role/daas-role-glue-ingestion-pss-dev",LOW
eu-west-1,glue,daas-microbatch-pss-itgf-test-cl,job_security,FAIL,"security_config=false, role=arn:aws:iam::291751643970:role/daas-role-glue-ingestion-pss-dev",LOW
eu-west-1,glue,primat-compaction-test,job_security,FAIL,"security_config=false, role=arn:aws:iam::291751643970:role/daas-role-glue-ingestion-dev",LOW
eu-west-1,glue,redshift-digiperf-nomerge-dds,job_security,FAIL,"security_config=false, role=arn:aws:iam::291751643970:role/daas-role-glue-ingestion-digiperg-nomerge-dev",LOW
eu-west-1,glue,daas-compaction-lesmes-ldh-snapshot-pl02,job_security,FAIL,"security_config=false, role=arn:aws:iam::291751643970:role/daas-role-glue-ingestion-dev-lesmes",LOW
eu-west-1,glue,daas-patty-itgf,job_security,FAIL,"security_config=false, role=arn:aws:iam::291751643970:role/daas-role-glue-ingestion-patty-dev",LOW
eu-west-1,glue,daas-ingestion-influx-ipc-cz71,job_security,FAIL,"security_config=false, role=arn:aws:iam::291751643970:role/daas-role-glue-ingestion-dev-influx",LOW
eu-west-1,glue,testing-influx,job_security,FAIL,"security_config=false, role=arn:aws:iam::291751643970:role/daas-role-glue-ingestion-dev-ac",LOW
eu-west-1,glue,daas-ingestion-crmlesmes-lt01,job_security,FAIL,"security_config=false, role=arn:aws:iam::291751643970:role/daas-role-glue-ingestion-crmlesmes-dev",LOW
eu-west-1,cloudtrail,codepipeline-source-trail,single_region,FAIL,trail is not multi-region,HIGH
eu-west-1,cloudtrail,codepipeline-source-trail,no_log_validation,FAIL,trail has no log file validation,MEDIUM
eu-west-1,cloudtrail,daas-logs-dev,single_region,FAIL,trail is not multi-region,HIGH
eu-west-1,cloudtrail,daas-logs-dev,no_log_validation,FAIL,trail has no log file validation,MEDIUM
eu-west-1,cloudtrail,daas-raw-dev-test-trail,logging_disabled,FAIL,trail exists but logging is disabled,CRITICAL
eu-west-1,cloudtrail,daas-s3-logs-cloudtrail-ppa-dev,single_region,FAIL,trail is not multi-region,HIGH
eu-west-1,cloudtrail,daas-s3-logs-cloudtrail-ppa-dev,no_log_validation,FAIL,trail has no log file validation,MEDIUM
eu-west-1,guardduty,,enabled,PASS,GuardDuty is enabled,MINIMAL
eu-west-1,lambda,el_list_objects-lambda,public_function_url,FAIL,"url=https://4hxoal4uywq6psmy5jqunnyvsy0dztjw.lambda-url.eu-west-1.on.aws/, auth=AWS_IAM",MEDIUM
eu-west-1,lambda,raw_vs_compacted_lambda_dev,public_function_url,FAIL,"url=https://p7pbfny2ztre2gzuwdttrdg55q0marui.lambda-url.eu-west-1.on.aws/, auth=AWS_IAM",MEDIUM
eu-west-1,lambda,test_daas_lambda_3,deprecated_runtime,FAIL,"runtime=python3.7, no longer receives security patches",HIGH
eu-west-1,lambda,pdm-insert-update-dashboards,deprecated_runtime,FAIL,"runtime=python3.7, no longer receives security patches",HIGH
eu-west-1,lambda,AppSync-Manuf-DaaS-Sdl-DataSource-Manual,deprecated_runtime,FAIL,"runtime=nodejs14.x, no longer receives security patches",HIGH
eu-west-1,lambda,latest-launch-template-ami-notification-function,deprecated_runtime,FAIL,"runtime=python3.7, no longer receives security patches",HIGH
eu-west-1,lambda,kinesis-lambda-poc,deprecated_runtime,FAIL,"runtime=python3.7, no longer receives security patches",HIGH
eu-west-1,lambda,test_daas_lambda_2,deprecated_runtime,FAIL,"runtime=python3.7, no longer receives security patches",HIGH
eu-west-1,lambda,daas-el_loading_verification,public_function_url,FAIL,"url=https://rbqq5b3e6lvrsso5hv3lezda4e0icltd.lambda-url.eu-west-1.on.aws/, auth=AWS_IAM",MEDIUM
eu-west-1,lambda,ids-tls-cert-expiry-monitor,deprecated_runtime,FAIL,"runtime=python3.7, no longer receives security patches",HIGH
eu-west-1,lambda,apollo-digiperf-api-manual,deprecated_runtime,FAIL,"runtime=nodejs14.x, no longer receives security patches",HIGH
eu-west-1,lambda,LogsToElasticsearch_etl-cluster,deprecated_runtime,FAIL,"runtime=nodejs12.x, no longer receives security patches",HIGH
